application_id,loan_amount,loan_term_months,loan_type,industry,established_years,annual_revenue,debt_to_equity,supplement_count,officer_workload,previous_stage_duration_hours,delay_probability_true,is_delayed
SME-2025-0001,6950000000.0,6,VAY_VON_LUU_DONG,Nong_Nghiep,5,43060000000.0,2.92,0,5,3.7,0.035,0
SME-2025-0002,11290000000.0,6,THAU_CHI,San_Xuat,5,36190000000.0,2.66,1,13,1.2,0.142,0
SME-2025-0003,1330000000.0,48,VAY_DAU_TU_TSCD,Van_Tai_Kho_Bai,12,4640000000.0,1.43,1,16,3.4,0.39,0
SME-2025-0004,5760000000.0,24,VAY_DAU_TU_TSCD,San_Xuat,3,29800000000.0,1.92,0,5,2.1,0.032,0
SME-2025-0005,4680000000.0,6,VAY_VON_LUU_DONG,Thuong_Mai_Dich_Vu,16,21870000000.0,0.8,1,11,4.4,0.22,0
SME-2025-0006,13000000000.0,12,VAY_VON_LUU_DONG,Thuong_Mai_Dich_Vu,6,34310000000.0,1.33,1,13,7.1,0.513,1
SME-2025-0007,17310000000.0,6,VAY_VON_LUU_DONG,Thuong_Mai_Dich_Vu,15,61760000000.0,4.08,0,7,3.6,0.067,0
SME-2025-0008,520000000.0,6,THAU_CHI,Xay_Dung,15,2080000000.0,4.42,0,2,3.1,0.011,0
SME-2025-0009,6980000000.0,48,VAY_DAU_TU_TSCD,Van_Tai_Kho_Bai,16,26320000000.0,3.06,1,15,1.6,0.238,0
SME-2025-0010,610000000.0,48,VAY_DAU_TU_TSCD,Thuong_Mai_Dich_Vu,20,1610000000.0,4.16,0,2,3.6,0.015,0
SME-2025-0011,4280000000.0,9,VAY_VON_LUU_DONG,San_Xuat,13,26300000000.0,3.04,1,4,5.8,0.098,0
SME-2025-0012,1540000000.0,6,THAU_CHI,Thuong_Mai_Dich_Vu,12,8290000000.0,0.54,1,6,2.8,0.076,0
SME-2025-0013,1660000000.0,36,VAY_DAU_TU_TSCD,San_Xuat,10,6740000000.0,4.49,1,13,9.9,0.476,0
SME-2025-0014,1990000000.0,9,VAY_VON_LUU_DONG,San_Xuat,14,9940000000.0,0.81,0,7,2.8,0.025,0
SME-2025-0015,5680000000.0,12,VAY_VON_LUU_DONG,Xay_Dung,2,34180000000.0,3.2,0,6,2.3,0.034,0
SME-2025-0016,1850000000.0,6,VAY_VON_LUU_DONG,Nong_Nghiep,3,4510000000.0,1.44,0,14,2.7,0.129,0
SME-2025-0017,8790000000.0,6,VAY_VON_LUU_DONG,Thuong_Mai_Dich_Vu,9,26170000000.0,2.01,1,14,3.3,0.323,0
SME-2025-0018,2430000000.0,12,VAY_VON_LUU_DONG,Thuong_Mai_Dich_Vu,11,10570000000.0,3.05,2,14,3.4,0.542,1
SME-2025-0019,650000000.0,9,VAY_VON_LUU_DONG,Xay_Dung,11,3610000000.0,2.19,1,6,3.0,0.094,0
SME-2025-0020,10730000000.0,12,VAY_VON_LUU_DONG,San_Xuat,22,21140000000.0,1.43,0,10,1.4,0.015,0
SME-2025-0021,1530000000.0,60,VAY_DAU_TU_TSCD,Van_Tai_Kho_Bai,10,9830000000.0,1.77,2,3,2.3,0.242,0
SME-2025-0022,2720000000.0,6,VAY_VON_LUU_DONG,Thuong_Mai_Dich_Vu,14,10710000000.0,1.8,3,13,3.8,0.731,1
SME-2025-0023,7300000000.0,12,VAY_VON_LUU_DONG,Van_Tai_Kho_Bai,9,25470000000.0,4.33,0,13,3.6,0.099,0
SME-2025-0024,1840000000.0,6,VAY_VON_LUU_DONG,San_Xuat,20,5840000000.0,3.67,0,2,4.2,0.007,0
SME-2025-0025,620000000.0,9,VAY_VON_LUU_DONG,San_Xuat,21,1620000000.0,2.28,1,7,5.2,0.065,0
SME-2025-0026,2160000000.0,24,VAY_DAU_TU_TSCD,Nong_Nghiep,10,11920000000.0,1.22,1,10,1.1,0.14,0
SME-2025-0027,20120000000.0,9,VAY_VON_LUU_DONG,Thuong_Mai_Dich_Vu,22,126560000000.0,3.73,3,8,1.9,0.679,1
SME-2025-0028,6160000000.0,9,VAY_VON_LUU_DONG,San_Xuat,9,23060000000.0,1.04,0,9,4.0,0.048,0
SME-2025-0029,6920000000.0,60,VAY_DAU_TU_TSCD,San_Xuat,5,43430000000.0,1.26,0,6,6.1,0.06,0
SME-2025-0030,5930000000.0,6,VAY_VON_LUU_DONG,Nong_Nghiep,8,33630000000.0,1.9,1,11,7.0,0.228,0
SME-2025-0031,1090000000.0,24,VAY_DAU_TU_TSCD,Xay_Dung,11,4430000000.0,4.01,2,5,5.9,0.551,1
SME-2025-0032,2570000000.0,9,VAY_VON_LUU_DONG,Thuong_Mai_Dich_Vu,1,12770000000.0,0.94,2,7,5.2,0.363,0
SME-2025-0033,9440000000.0,12,VAY_VON_LUU_DONG,Xay_Dung,21,36290000000.0,0.9,3,4,3.0,0.642,1
SME-2025-0034,740000000.0,6,THAU_CHI,Xay_Dung,10,3280000000.0,2.43,0,2,4.4,0.025,0
SME-2025-0035,1480000000.0,12,THAU_CHI,Van_Tai_Kho_Bai,1,3070000000.0,1.53,1,12,2.0,0.277,0
SME-2025-0036,1470000000.0,60,VAY_DAU_TU_TSCD,San_Xuat,22,7460000000.0,2.73,0,5,3.2,0.014,0
SME-2025-0037,2710000000.0,9,VAY_VON_LUU_DONG,Thuong_Mai_Dich_Vu,7,5550000000.0,2.25,0,10,4.7,0.054,0
SME-2025-0038,23150000000.0,12,VAY_VON_LUU_DONG,Nong_Nghiep,14,130570000000.0,2.18,0,5,4.7,0.063,0
SME-2025-0039,650000000.0,60,VAY_DAU_TU_TSCD,San_Xuat,5,3690000000.0,0.86,1,2,1.9,0.071,0
SME-2025-0040,3800000000.0,6,VAY_VON_LUU_DONG,Xay_Dung,17,11070000000.0,0.98,3,15,1.5,0.846,1
SME-2025-0041,1010000000.0,9,VAY_VON_LUU_DONG,Thuong_Mai_Dich_Vu,22,3350000000.0,3.77,0,5,1.0,0.01,0
SME-2025-0042,22290000000.0,12,VAY_VON_LUU_DONG,Xay_Dung,21,90550000000.0,4.03,0,8,8.4,0.155,0
SME-2025-0043,780000000.0,9,VAY_VON_LUU_DONG,Xay_Dung,6,3590000000.0,1.36,1,4,1.1,0.112,0
SME-2025-0044,2420000000.0,6,THAU_CHI,Xay_Dung,16,7620000000.0,0.87,0,11,4.0,0.066,0
SME-2025-0045,8970000000.0,12,VAY_VON_LUU_DONG,Thuong_Mai_Dich_Vu,11,41120000000.0,0.62,3,7,2.7,0.67,1
SME-2025-0046,7870000000.0,60,VAY_DAU_TU_TSCD,Thuong_Mai_Dich_Vu,10,25180000000.0,2.89,0,16,3.3,0.207,0
SME-2025-0047,2610000000.0,9,VAY_VON_LUU_DONG,Thuong_Mai_Dich_Vu,15,5380000000.0,3.33,0,15,1.9,0.111,0
SME-2025-0048,1940000000.0,12,VAY_VON_LUU_DONG,San_Xuat,7,3520000000.0,1.93,0,2,4.2,0.012,0
SME-2025-0049,2370000000.0,6,VAY_VON_LUU_DONG,Thuong_Mai_Dich_Vu,23,5390000000.0,3.19,0,12,4.2,0.056,0
SME-2025-0050,1410000000.0,12,VAY_VON_LUU_DONG,Van_Tai_Kho_Bai,2,7790000000.0,3.32,0,5,7.0,0.03,0
SME-2025-0051,1120000000.0,6,THAU_CHI,Thuong_Mai_Dich_Vu,12,7080000000.0,4.23,0,4,5.1,0.018,0
SME-2025-0052,3310000000.0,36,VAY_DAU_TU_TSCD,Thuong_Mai_Dich_Vu,19,12600000000.0,0.67,0,15,3.4,0.074,0
SME-2025-0053,1430000000.0,12,THAU_CHI,Thuong_Mai_Dich_Vu,12,6020000000.0,1.19,0,2,3.2,0.009,0
SME-2025-0054,1540000000.0,6,THAU_CHI,Nong_Nghiep,16,3830000000.0,0.68,3,17,3.9,0.834,1
SME-2025-0055,6530000000.0,36,VAY_DAU_TU_TSCD,Van_Tai_Kho_Bai,6,28670000000.0,3.96,0,4,5.3,0.056,0
SME-2025-0056,22100000000.0,12,THAU_CHI,San_Xuat,3,54810000000.0,3.65,0,16,1.7,0.26,0
SME-2025-0057,5300000000.0,9,VAY_VON_LUU_DONG,Xay_Dung,2,24770000000.0,2.76,2,5,2.1,0.447,0
SME-2025-0058,680000000.0,6,VAY_VON_LUU_DONG,Xay_Dung,20,4210000000.0,0.74,1,6,1.0,0.052,0
SME-2025-0059,670000000.0,9,VAY_VON_LUU_DONG,Xay_Dung,5,1820000000.0,1.52,0,7,2.9,0.044,0
SME-2025-0060,20670000000.0,12,VAY_VON_LUU_DONG,San_Xuat,11,111480000000.0,1.62,1,3,1.3,0.176,0
SME-2025-0061,1600000000.0,9,VAY_VON_LUU_DONG,Nong_Nghiep,3,3060000000.0,2.7,1,3,3.3,0.052,0
SME-2025-0062,720000000.0,6,VAY_VON_LUU_DONG,San_Xuat,3,2570000000.0,1.46,2,7,6.6,0.364,0
SME-2025-0063,5210000000.0,60,VAY_DAU_TU_TSCD,Thuong_Mai_Dich_Vu,22,12090000000.0,0.7,0,17,2.1,0.102,0
SME-2025-0064,5730000000.0,12,VAY_VON_LUU_DONG,Thuong_Mai_Dich_Vu,5,19810000000.0,3.4,2,6,5.7,0.411,0
SME-2025-0065,6320000000.0,12,VAY_VON_LUU_DONG,San_Xuat,22,16530000000.0,1.63,0,2,4.7,0.014,0
SME-2025-0066,1420000000.0,9,VAY_VON_LUU_DONG,Van_Tai_Kho_Bai,23,5050000000.0,2.25,0,4,2.7,0.009,0
SME-2025-0067,530000000.0,9,VAY_VON_LUU_DONG,Nong_Nghiep,11,1990000000.0,0.92,2,12,5.0,0.514,1
SME-2025-0068,21800000000.0,24,VAY_DAU_TU_TSCD,Xay_Dung,3,70040000000.0,3.69,0,6,4.2,0.143,0
SME-2025-0069,1330000000.0,12,VAY_VON_LUU_DONG,Xay_Dung,13,6500000000.0,2.72,2,16,1.0,0.658,1
SME-2025-0070,7040000000.0,6,THAU_CHI,San_Xuat,21,43070000000.0,4.1,0,14,7.0,0.113,0
SME-2025-0071,7930000000.0,36,VAY_DAU_TU_TSCD,Thuong_Mai_Dich_Vu,8,29200000000.0,2.43,0,13,4.5,0.186,0
SME-2025-0072,5440000000.0,12,VAY_VON_LUU_DONG,San_Xuat,20,14710000000.0,4.26,2,13,4.5,0.473,0
SME-2025-0073,1700000000.0,6,VAY_VON_LUU_DONG,Thuong_Mai_Dich_Vu,10,5220000000.0,4.06,0,3,1.6,0.011,0
SME-2025-0074,1440000000.0,24,VAY_DAU_TU_TSCD,Nong_Nghiep,2,8370000000.0,2.76,2,2,3.3,0.306,0
SME-2025-0075,5180000000.0,24,VAY_DAU_TU_TSCD,San_Xuat,4,23240000000.0,4.23,3,17,7.6,0.951,1
SME-2025-0076,14810000000.0,24,VAY_DAU_TU_TSCD,Nong_Nghiep,18,58330000000.0,1.72,2,10,3.2,0.434,0
SME-2025-0077,20300000000.0,24,VAY_DAU_TU_TSCD,San_Xuat,19,50820000000.0,1.9,0,16,1.8,0.162,0
SME-2025-0078,760000000.0,12,VAY_VON_LUU_DONG,Van_Tai_Kho_Bai,4,2970000000.0,0.59,0,6,4.0,0.023,0
SME-2025-0079,920000000.0,6,VAY_VON_LUU_DONG,San_Xuat,20,2860000000.0,2.82,1,3,3.6,0.05,0
SME-2025-0080,20140000000.0,12,VAY_VON_LUU_DONG,Thuong_Mai_Dich_Vu,9,125530000000.0,3.36,1,11,3.3,0.556,1
SME-2025-0081,8920000000.0,6,THAU_CHI,San_Xuat,16,53120000000.0,3.57,0,5,3.5,0.017,0
SME-2025-0082,15820000000.0,36,VAY_DAU_TU_TSCD,Nong_Nghiep,6,34710000000.0,1.01,3,4,3.5,0.786,1
SME-2025-0083,1100000000.0,9,VAY_VON_LUU_DONG,Thuong_Mai_Dich_Vu,4,4650000000.0,2.22,1,8,6.3,0.15,0
SME-2025-0084,4980000000.0,6,VAY_VON_LUU_DONG,San_Xuat,9,14230000000.0,1.13,3,2,2.5,0.484,0
SME-2025-0085,7770000000.0,9,VAY_VON_LUU_DONG,Thuong_Mai_Dich_Vu,13,28990000000.0,3.11,0,16,6.2,0.184,0
SME-2025-0086,7150000000.0,12,VAY_VON_LUU_DONG,Xay_Dung,9,42340000000.0,1.05,0,11,1.5,0.064,0
SME-2025-0087,2470000000.0,24,VAY_DAU_TU_TSCD,Thuong_Mai_Dich_Vu,6,10570000000.0,4.11,0,13,4.7,0.104,0
SME-2025-0088,530000000.0,48,VAY_DAU_TU_TSCD,Nong_Nghiep,21,1790000000.0,1.35,0,13,4.5,0.061,0
SME-2025-0089,4890000000.0,12,THAU_CHI,Xay_Dung,19,13580000000.0,1.59,1,5,2.2,0.118,0
SME-2025-0090,1350000000.0,6,VAY_VON_LUU_DONG,San_Xuat,14,7510000000.0,3.89,0,8,2.2,0.018,0
SME-2025-0091,2910000000.0,9,VAY_VON_LUU_DONG,San_Xuat,21,13780000000.0,2.28,3,12,5.3,0.636,1
SME-2025-0092,21180000000.0,48,VAY_DAU_TU_TSCD,Thuong_Mai_Dich_Vu,15,84720000000.0,0.5,0,11,2.7,0.218,0
SME-2025-0093,2380000000.0,36,VAY_DAU_TU_TSCD,Xay_Dung,3,6720000000.0,2.43,0,14,5.2,0.273,0
SME-2025-0094,13360000000.0,36,VAY_DAU_TU_TSCD,Xay_Dung,5,45040000000.0,0.75,0,6,3.9,0.082,0
SME-2025-0095,1050000000.0,24,VAY_DAU_TU_TSCD,San_Xuat,21,6630000000.0,4.44,0,5,2.5,0.017,0
SME-2025-0096,6940000000.0,12,VAY_VON_LUU_DONG,Xay_Dung,18,29460000000.0,2.81,0,5,5.0,0.047,0
SME-2025-0097,22850000000.0,9,VAY_VON_LUU_DONG,Van_Tai_Kho_Bai,14,84160000000.0,1.45,0,12,7.9,0.244,0
SME-2025-0098,740000000.0,6,VAY_VON_LUU_DONG,San_Xuat,16,3150000000.0,2.71,1,13,7.4,0.345,0
SME-2025-0099,520000000.0,6,VAY_VON_LUU_DONG,Thuong_Mai_Dich_Vu,14,2840000000.0,0.72,0,15,2.4,0.077,0
SME-2025-0100,2730000000.0,6,VAY_VON_LUU_DONG,Thuong_Mai_Dich_Vu,9,9280000000.0,3.68,0,3,1.0,0.013,0
SME-2025-0101,720000000.0,9,VAY_VON_LUU_DONG,Thuong_Mai_Dich_Vu,15,1900000000.0,4.19,1,9,6.4,0.146,0
SME-2025-0102,9340000000.0,24,VAY_DAU_TU_TSCD,Xay_Dung,7,42490000000.0,3.99,0,17,4.8,0.397,0
SME-2025-0103,17900000000.0,12,VAY_VON_LUU_DONG,Thuong_Mai_Dich_Vu,14,88180000000.0,1.8,0,13,3.8,0.185,0
SME-2025-0104,2730000000.0,12,VAY_VON_LUU_DONG,Nong_Nghiep,6,14060000000.0,1.74,0,17,3.1,0.133,0
SME-2025-0105,1380000000.0,12,THAU_CHI,San_Xuat,21,8200000000.0,0.54,0,5,6.6,0.025,0
SME-2025-0106,2740000000.0,12,VAY_VON_LUU_DONG,Xay_Dung,15,9710000000.0,3.07,1,3,3.5,0.078,0
SME-2025-0107,8470000000.0,6,VAY_VON_LUU_DONG,San_Xuat,20,18250000000.0,2.59,0,10,3.5,0.044,0
SME-2025-0108,520000000.0,36,VAY_DAU_TU_TSCD,Xay_Dung,8,3280000000.0,2.28,2,15,3.7,0.752,1
SME-2025-0109,5020000000.0,6,VAY_VON_LUU_DONG,Xay_Dung,2,19300000000.0,4.12,2,15,4.5,0.797,1
SME-2025-0110,5510000000.0,9,VAY_VON_LUU_DONG,Thuong_Mai_Dich_Vu,8,26060000000.0,1.09,0,17,8.2,0.266,0
SME-2025-0111,6060000000.0,9,VAY_VON_LUU_DONG,San_Xuat,1,29890000000.0,0.44,4,14,3.2,0.979,1
SME-2025-0112,1290000000.0,6,VAY_VON_LUU_DONG,Thuong_Mai_Dich_Vu,17,5640000000.0,0.7,0,13,1.0,0.045,0
SME-2025-0113,8170000000.0,6,THAU_CHI,Thuong_Mai_Dich_Vu,19,22590000000.0,1.32,0,11,11.7,0.1,0
SME-2025-0114,710000000.0,48,VAY_DAU_TU_TSCD,Xay_Dung,5,3800000000.0,0.54,0,14,3.7,0.112,0
SME-2025-0115,1090000000.0,60,VAY_DAU_TU_TSCD,Thuong_Mai_Dich_Vu,22,6080000000.0,2.46,0,8,3.1,0.032,0
SME-2025-0116,15480000000.0,12,THAU_CHI,Xay_Dung,20,68100000000.0,1.69,0,17,5.4,0.511,1
SME-2025-0117,9000000000.0,24,VAY_DAU_TU_TSCD,Van_Tai_Kho_Bai,16,36870000000.0,1.14,0,16,11.1,0.311,0
SME-2025-0118,530000000.0,6,VAY_VON_LUU_DONG,Xay_Dung,7,1240000000.0,3.48,1,4,2.0,0.071,0
SME-2025-0119,1320000000.0,12,THAU_CHI,Thuong_Mai_Dich_Vu,7,2900000000.0,1.24,1,16,1.9,0.351,0
SME-2025-0120,1160000000.0,12,VAY_VON_LUU_DONG,Nong_Nghiep,18,3940000000.0,3.22,0,8,1.9,0.014,0
SME-2025-0121,1440000000.0,24,VAY_DAU_TU_TSCD,San_Xuat,18,4700000000.0,1.83,1,2,5.3,0.092,0
SME-2025-0122,1320000000.0,12,THAU_CHI,San_Xuat,2,8290000000.0,2.5,2,13,3.9,0.634,1
SME-2025-0123,640000000.0,12,VAY_VON_LUU_DONG,Thuong_Mai_Dich_Vu,15,3510000000.0,4.23,0,2,6.1,0.013,0
SME-2025-0124,3010000000.0,12,VAY_VON_LUU_DONG,Xay_Dung,14,14750000000.0,0.55,0,5,2.9,0.02,0
SME-2025-0125,8790000000.0,9,VAY_VON_LUU_DONG,Nong_Nghiep,18,37210000000.0,2.45,0,5,2.4,0.026,0
SME-2025-0126,5370000000.0,9,VAY_VON_LUU_DONG,Van_Tai_Kho_Bai,9,13890000000.0,3.9,0,5,2.3,0.019,0
SME-2025-0127,6950000000.0,60,VAY_DAU_TU_TSCD,Xay_Dung,14,44470000000.0,2.81,0,10,2.3,0.113,0
SME-2025-0128,690000000.0,6,THAU_CHI,Xay_Dung,5,2460000000.0,1.54,0,7,2.6,0.048,0
SME-2025-0129,20680000000.0,6,VAY_VON_LUU_DONG,Xay_Dung,11,47620000000.0,2.03,1,4,5.7,0.386,0
SME-2025-0130,13290000000.0,6,VAY_VON_LUU_DONG,Xay_Dung,8,54770000000.0,3.19,0,7,3.5,0.09,0
SME-2025-0131,11660000000.0,9,VAY_VON_LUU_DONG,Thuong_Mai_Dich_Vu,5,68880000000.0,4.05,0,3,3.3,0.085,0
SME-2025-0132,12510000000.0,12,VAY_VON_LUU_DONG,Thuong_Mai_Dich_Vu,11,74690000000.0,0.57,0,3,1.6,0.025,0
SME-2025-0133,19210000000.0,6,VAY_VON_LUU_DONG,Xay_Dung,5,35570000000.0,0.69,0,8,1.7,0.13,0
SME-2025-0134,4200000000.0,6,VAY_VON_LUU_DONG,San_Xuat,17,25060000000.0,1.73,0,15,4.8,0.081,0
SME-2025-0135,1090000000.0,12,THAU_CHI,Xay_Dung,22,3350000000.0,1.35,0,4,3.1,0.02,0
SME-2025-0136,5580000000.0,12,VAY_VON_LUU_DONG,San_Xuat,4,11070000000.0,1.49,2,8,7.8,0.531,1
SME-2025-0137,9140000000.0,6,VAY_VON_LUU_DONG,Nong_Nghiep,15,52870000000.0,1.31,0,4,1.4,0.013,0
SME-2025-0138,8970000000.0,36,VAY_DAU_TU_TSCD,San_Xuat,19,52570000000.0,1.2,0,13,9.1,0.154,0
SME-2025-0139,3840000000.0,6,VAY_VON_LUU_DONG,Nong_Nghiep,22,17670000000.0,0.94,0,13,1.5,0.036,0
SME-2025-0140,650000000.0,12,THAU_CHI,Thuong_Mai_Dich_Vu,2,2920000000.0,4.23,1,3,4.0,0.144,0
SME-2025-0141,2140000000.0,6,THAU_CHI,Thuong_Mai_Dich_Vu,24,12030000000.0,0.99,1,5,1.0,0.036,0
SME-2025-0142,18340000000.0,6,VAY_VON_LUU_DONG,Xay_Dung,17,100790000000.0,1.24,0,16,3.2,0.221,0
SME-2025-0143,4920000000.0,9,VAY_VON_LUU_DONG,Thuong_Mai_Dich_Vu,12,29440000000.0,1.41,0,5,2.0,0.027,0
SME-2025-0144,4110000000.0,12,VAY_VON_LUU_DONG,Thuong_Mai_Dich_Vu,24,18080000000.0,4.23,0,4,3.1,0.011,0
SME-2025-0145,1430000000.0,9,VAY_VON_LUU_DONG,Thuong_Mai_Dich_Vu,17,9080000000.0,3.5,0,10,3.1,0.047,0
SME-2025-0146,2110000000.0,12,VAY_VON_LUU_DONG,Xay_Dung,10,13680000000.0,3.64,4,17,1.6,0.987,1
SME-2025-0147,16600000000.0,24,VAY_DAU_TU_TSCD,Xay_Dung,18,38970000000.0,0.83,0,7,1.7,0.049,0
SME-2025-0148,6780000000.0,12,VAY_VON_LUU_DONG,Thuong_Mai_Dich_Vu,19,39280000000.0,3.83,1,6,4.6,0.041,0
SME-2025-0149,10880000000.0,6,VAY_VON_LUU_DONG,San_Xuat,18,45140000000.0,2.07,0,14,3.2,0.17,0
SME-2025-0150,2960000000.0,6,VAY_VON_LUU_DONG,Xay_Dung,13,10720000000.0,1.48,0,13,2.6,0.07,0
SME-2025-0151,5880000000.0,12,THAU_CHI,Van_Tai_Kho_Bai,14,27530000000.0,2.76,1,13,3.1,0.137,0
SME-2025-0152,1320000000.0,6,VAY_VON_LUU_DONG,San_Xuat,24,2720000000.0,3.77,0,7,3.0,0.012,0
SME-2025-0153,7900000000.0,9,VAY_VON_LUU_DONG,Xay_Dung,16,33020000000.0,3.59,4,14,1.6,0.95,1
SME-2025-0154,2660000000.0,12,VAY_VON_LUU_DONG,Xay_Dung,18,15680000000.0,4.05,0,12,1.0,0.04,0
SME-2025-0155,2820000000.0,6,THAU_CHI,Thuong_Mai_Dich_Vu,18,7910000000.0,4.21,0,9,1.0,0.028,0
SME-2025-0156,6340000000.0,6,VAY_VON_LUU_DONG,San_Xuat,16,24120000000.0,1.38,1,6,2.1,0.065,0
SME-2025-0157,19480000000.0,36,VAY_DAU_TU_TSCD,Thuong_Mai_Dich_Vu,17,121080000000.0,2.14,0,14,6.5,0.175,0
SME-2025-0158,640000000.0,24,VAY_DAU_TU_TSCD,San_Xuat,7,2440000000.0,0.46,0,16,6.1,0.193,0
SME-2025-0159,12590000000.0,9,VAY_VON_LUU_DONG,San_Xuat,12,43870000000.0,4.01,0,14,5.7,0.126,0
SME-2025-0160,1570000000.0,36,VAY_DAU_TU_TSCD,Thuong_Mai_Dich_Vu,2,6080000000.0,1.03,1,5,4.6,0.135,0
SME-2025-0161,2840000000.0,9,VAY_VON_LUU_DONG,Xay_Dung,10,12050000000.0,3.93,0,8,9.6,0.095,0
SME-2025-0162,540000000.0,48,VAY_DAU_TU_TSCD,Van_Tai_Kho_Bai,5,2580000000.0,1.75,0,13,4.6,0.151,0
SME-2025-0163,1620000000.0,36,VAY_DAU_TU_TSCD,San_Xuat,21,9010000000.0,1.91,0,15,3.3,0.068,0
SME-2025-0164,3570000000.0,12,VAY_VON_LUU_DONG,Xay_Dung,3,14010000000.0,0.56,0,6,1.0,0.049,0
SME-2025-0165,620000000.0,9,VAY_VON_LUU_DONG,San_Xuat,19,3500000000.0,1.74,2,17,3.7,0.436,0
SME-2025-0166,3410000000.0,48,VAY_DAU_TU_TSCD,Xay_Dung,13,14690000000.0,4.04,0,5,2.5,0.05,0
SME-2025-0167,18800000000.0,12,VAY_VON_LUU_DONG,Van_Tai_Kho_Bai,12,63750000000.0,0.5,1,15,3.1,0.595,1
SME-2025-0168,760000000.0,12,VAY_VON_LUU_DONG,Nong_Nghiep,3,3720000000.0,2.07,0,6,6.0,0.035,0
SME-2025-0169,9950000000.0,6,VAY_VON_LUU_DONG,San_Xuat,6,51470000000.0,0.53,1,17,4.9,0.472,0
SME-2025-0170,2480000000.0,36,VAY_DAU_TU_TSCD,Thuong_Mai_Dich_Vu,14,10970000000.0,1.92,1,12,4.5,0.187,0
SME-2025-0171,6490000000.0,60,VAY_DAU_TU_TSCD,Thuong_Mai_Dich_Vu,4,13410000000.0,1.11,2,5,2.6,0.388,0
SME-2025-0172,1380000000.0,6,VAY_VON_LUU_DONG,San_Xuat,13,3590000000.0,1.43,0,9,4.1,0.051,0
SME-2025-0173,930000000.0,9,VAY_VON_LUU_DONG,San_Xuat,19,2920000000.0,4.0,0,17,11.4,0.167,0
SME-2025-0174,940000000.0,9,VAY_VON_LUU_DONG,Van_Tai_Kho_Bai,18,2940000000.0,2.19,1,9,6.3,0.172,0
SME-2025-0175,660000000.0,60,VAY_DAU_TU_TSCD,Van_Tai_Kho_Bai,3,3280000000.0,1.52,0,2,2.3,0.012,0
SME-2025-0176,1030000000.0,6,VAY_VON_LUU_DONG,Van_Tai_Kho_Bai,20,1940000000.0,2.82,0,17,3.4,0.071,0
SME-2025-0177,6720000000.0,48,VAY_DAU_TU_TSCD,Thuong_Mai_Dich_Vu,6,35960000000.0,0.98,2,15,3.8,0.771,1
SME-2025-0178,15740000000.0,9,VAY_VON_LUU_DONG,Thuong_Mai_Dich_Vu,16,47960000000.0,1.46,0,13,3.0,0.117,0
SME-2025-0179,12080000000.0,6,THAU_CHI,Xay_Dung,20,39350000000.0,2.64,3,4,9.6,0.779,1
SME-2025-0180,7290000000.0,6,VAY_VON_LUU_DONG,San_Xuat,24,31210000000.0,1.37,0,12,3.2,0.068,0
SME-2025-0181,770000000.0,12,VAY_VON_LUU_DONG,San_Xuat,3,2170000000.0,3.18,1,5,3.8,0.134,0
SME-2025-0182,1550000000.0,9,VAY_VON_LUU_DONG,Thuong_Mai_Dich_Vu,12,9230000000.0,2.42,0,17,5.8,0.133,0
SME-2025-0183,1680000000.0,12,THAU_CHI,Thuong_Mai_Dich_Vu,19,3700000000.0,3.57,0,3,3.1,0.008,0
SME-2025-0184,1330000000.0,12,THAU_CHI,Nong_Nghiep,19,5170000000.0,4.29,3,15,1.5,0.711,1
SME-2025-0185,3750000000.0,6,VAY_VON_LUU_DONG,Van_Tai_Kho_Bai,24,21720000000.0,0.87,0,14,2.0,0.061,0
SME-2025-0186,4060000000.0,36,VAY_DAU_TU_TSCD,Nong_Nghiep,4,19060000000.0,1.77,2,6,2.0,0.323,0
SME-2025-0187,2020000000.0,24,VAY_DAU_TU_TSCD,Van_Tai_Kho_Bai,1,6410000000.0,1.71,1,12,3.1,0.218,0
SME-2025-0188,2000000000.0,60,VAY_DAU_TU_TSCD,San_Xuat,2,7560000000.0,1.02,0,9,3.6,0.046,0
SME-2025-0189,12780000000.0,12,VAY_VON_LUU_DONG,Thuong_Mai_Dich_Vu,13,65450000000.0,3.72,2,13,1.2,0.637,1
SME-2025-0190,10960000000.0,9,VAY_VON_LUU_DONG,Thuong_Mai_Dich_Vu,13,69860000000.0,3.52,0,3,7.3,0.021,0
SME-2025-0191,1670000000.0,9,VAY_VON_LUU_DONG,San_Xuat,2,10020000000.0,2.39,1,15,3.1,0.302,0
SME-2025-0192,17840000000.0,12,THAU_CHI,Van_Tai_Kho_Bai,19,60820000000.0,2.6,0,10,4.1,0.083,0
SME-2025-0193,20790000000.0,6,THAU_CHI,Nong_Nghiep,22,134960000000.0,0.64,1,14,2.6,0.239,0
SME-2025-0194,1800000000.0,36,VAY_DAU_TU_TSCD,San_Xuat,24,3270000000.0,2.68,0,8,4.0,0.029,0
SME-2025-0195,2000000000.0,6,VAY_VON_LUU_DONG,San_Xuat,16,3860000000.0,3.64,0,7,2.8,0.018,0
SME-2025-0196,3610000000.0,12,VAY_VON_LUU_DONG,Thuong_Mai_Dich_Vu,12,20480000000.0,2.75,0,9,2.7,0.018,0
SME-2025-0197,19860000000.0,48,VAY_DAU_TU_TSCD,Thuong_Mai_Dich_Vu,1,54370000000.0,1.49,0,15,1.1,0.323,0
SME-2025-0198,15410000000.0,6,THAU_CHI,Van_Tai_Kho_Bai,9,32140000000.0,3.14,0,3,8.4,0.066,0
SME-2025-0199,750000000.0,6,THAU_CHI,San_Xuat,17,2190000000.0,1.88,0,15,4.2,0.075,0
SME-2025-0200,2320000000.0,48,VAY_DAU_TU_TSCD,San_Xuat,10,8820000000.0,2.63,0,6,2.0,0.033,0
SME-2025-0201,4360000000.0,24,VAY_DAU_TU_TSCD,San_Xuat,18,22820000000.0,2.4,0,5,1.6,0.021,0
SME-2025-0202,3580000000.0,12,VAY_VON_LUU_DONG,San_Xuat,19,16950000000.0,1.96,0,9,2.2,0.032,0
SME-2025-0203,1070000000.0,9,VAY_VON_LUU_DONG,San_Xuat,7,3120000000.0,3.35,0,14,1.9,0.051,0
SME-2025-0204,14390000000.0,6,THAU_CHI,Van_Tai_Kho_Bai,19,59940000000.0,4.02,0,2,1.0,0.008,0
SME-2025-0205,7060000000.0,48,VAY_DAU_TU_TSCD,Xay_Dung,24,43440000000.0,0.42,0,13,6.5,0.107,0
SME-2025-0206,13260000000.0,12,VAY_VON_LUU_DONG,Xay_Dung,15,74660000000.0,4.23,1,4,5.3,0.136,0
SME-2025-0207,14390000000.0,12,VAY_VON_LUU_DONG,San_Xuat,9,47760000000.0,2.5,1,11,2.8,0.454,0
SME-2025-0208,9340000000.0,48,VAY_DAU_TU_TSCD,San_Xuat,10,59930000000.0,3.27,0,9,4.8,0.069,0
SME-2025-0209,2790000000.0,6,VAY_VON_LUU_DONG,Nong_Nghiep,23,14310000000.0,3.91,2,6,4.9,0.178,0
SME-2025-0210,5450000000.0,6,VAY_VON_LUU_DONG,Thuong_Mai_Dich_Vu,20,11410000000.0,2.32,0,5,2.5,0.013,0
SME-2025-0211,940000000.0,12,VAY_VON_LUU_DONG,Thuong_Mai_Dich_Vu,20,1850000000.0,3.82,1,7,6.6,0.08,0
SME-2025-0212,6970000000.0,24,VAY_DAU_TU_TSCD,Xay_Dung,4,18060000000.0,1.13,0,13,1.7,0.297,0
SME-2025-0213,1010000000.0,36,VAY_DAU_TU_TSCD,Xay_Dung,6,5270000000.0,1.05,0,6,1.5,0.025,0
SME-2025-0214,7550000000.0,12,VAY_VON_LUU_DONG,Xay_Dung,4,20110000000.0,3.1,1,4,6.0,0.349,0
SME-2025-0215,1230000000.0,36,VAY_DAU_TU_TSCD,Xay_Dung,5,5170000000.0,3.97,1,14,3.8,0.483,0
SME-2025-0216,790000000.0,9,VAY_VON_LUU_DONG,Nong_Nghiep,9,1770000000.0,4.06,0,12,1.9,0.065,0
SME-2025-0217,950000000.0,12,VAY_VON_LUU_DONG,San_Xuat,12,5820000000.0,3.04,0,15,3.2,0.078,0
SME-2025-0218,500000000.0,60,VAY_DAU_TU_TSCD,Thuong_Mai_Dich_Vu,23,1710000000.0,2.55,1,6,3.0,0.081,0
SME-2025-0219,8320000000.0,60,VAY_DAU_TU_TSCD,San_Xuat,8,50490000000.0,1.76,1,5,2.8,0.104,0
SME-2025-0220,8780000000.0,36,VAY_DAU_TU_TSCD,Thuong_Mai_Dich_Vu,21,54800000000.0,4.42,1,2,1.9,0.033,0
SME-2025-0221,3750000000.0,36,VAY_DAU_TU_TSCD,Van_Tai_Kho_Bai,5,6860000000.0,1.71,0,2,1.9,0.047,0
SME-2025-0222,940000000.0,36,VAY_DAU_TU_TSCD,Thuong_Mai_Dich_Vu,11,3740000000.0,3.45,0,15,5.4,0.239,0
SME-2025-0223,690000000.0,12,VAY_VON_LUU_DONG,Thuong_Mai_Dich_Vu,23,1320000000.0,2.58,0,16,2.7,0.039,0
SME-2025-0224,540000000.0,12,VAY_VON_LUU_DONG,Van_Tai_Kho_Bai,11,3280000000.0,2.89,0,8,5.7,0.046,0
SME-2025-0225,960000000.0,9,VAY_VON_LUU_DONG,Thuong_Mai_Dich_Vu,13,4070000000.0,2.01,0,5,1.0,0.018,0
SME-2025-0226,16310000000.0,12,VAY_VON_LUU_DONG,San_Xuat,14,35100000000.0,4.36,2,2,5.0,0.361,0
SME-2025-0227,1290000000.0,6,THAU_CHI,San_Xuat,8,2990000000.0,2.74,0,7,1.6,0.021,0
SME-2025-0228,2000000000.0,9,VAY_VON_LUU_DONG,Thuong_Mai_Dich_Vu,18,7200000000.0,4.24,1,12,8.4,0.389,0
SME-2025-0229,760000000.0,6,THAU_CHI,Thuong_Mai_Dich_Vu,19,4730000000.0,0.43,0,13,4.5,0.063,0
SME-2025-0230,1190000000.0,60,VAY_DAU_TU_TSCD,Xay_Dung,12,6020000000.0,2.75,0,16,1.7,0.118,0
SME-2025-0231,3810000000.0,24,VAY_DAU_TU_TSCD,Xay_Dung,12,22390000000.0,3.34,0,17,5.0,0.248,0
SME-2025-0232,5390000000.0,12,VAY_VON_LUU_DONG,Van_Tai_Kho_Bai,18,18990000000.0,3.45,0,12,1.4,0.029,0
SME-2025-0233,1310000000.0,24,VAY_DAU_TU_TSCD,San_Xuat,10,2620000000.0,4.11,1,13,2.9,0.255,0
SME-2025-0234,630000000.0,9,VAY_VON_LUU_DONG,Xay_Dung,7,4020000000.0,0.42,0,12,1.0,0.067,0
SME-2025-0235,2310000000.0,12,VAY_VON_LUU_DONG,San_Xuat,18,4340000000.0,0.4,0,12,1.1,0.043,0
SME-2025-0236,1250000000.0,36,VAY_DAU_TU_TSCD,Nong_Nghiep,12,7820000000.0,2.34,0,2,2.3,0.017,0
SME-2025-0237,1180000000.0,9,VAY_VON_LUU_DONG,San_Xuat,14,4170000000.0,0.52,0,9,5.5,0.043,0
SME-2025-0238,21370000000.0,9,VAY_VON_LUU_DONG,Thuong_Mai_Dich_Vu,15,39480000000.0,4.4,1,13,1.1,0.385,0
SME-2025-0239,5570000000.0,36,VAY_DAU_TU_TSCD,San_Xuat,16,28070000000.0,1.31,0,14,5.5,0.178,0
SME-2025-0240,4420000000.0,9,VAY_VON_LUU_DONG,Thuong_Mai_Dich_Vu,2,28330000000.0,2.34,1,10,1.0,0.159,0
SME-2025-0241,2540000000.0,6,THAU_CHI,Nong_Nghiep,18,16100000000.0,0.65,1,12,5.5,0.09,0
SME-2025-0242,2680000000.0,6,THAU_CHI,Xay_Dung,12,6850000000.0,2.54,0,4,2.4,0.046,0
SME-2025-0243,4150000000.0,6,THAU_CHI,Thuong_Mai_Dich_Vu,16,11010000000.0,1.96,0,8,1.8,0.017,0
SME-2025-0244,7620000000.0,12,VAY_VON_LUU_DONG,Xay_Dung,13,33970000000.0,0.58,1,14,6.9,0.552,1
SME-2025-0245,7800000000.0,12,VAY_VON_LUU_DONG,Xay_Dung,20,37400000000.0,1.77,1,16,12.0,0.625,1
SME-2025-0246,980000000.0,12,THAU_CHI,Nong_Nghiep,17,5170000000.0,2.0,0,6,2.9,0.025,0
SME-2025-0247,3540000000.0,12,VAY_VON_LUU_DONG,San_Xuat,18,9380000000.0,4.46,0,4,4.1,0.01,0
SME-2025-0248,2510000000.0,6,THAU_CHI,Thuong_Mai_Dich_Vu,3,15830000000.0,1.25,0,6,2.4,0.022,0
SME-2025-0249,15070000000.0,6,THAU_CHI,San_Xuat,23,72370000000.0,2.63,0,17,6.2,0.173,0
SME-2025-0250,5910000000.0,12,THAU_CHI,San_Xuat,10,34170000000.0,4.45,0,11,4.3,0.082,0
SME-2025-0251,4010000000.0,12,VAY_VON_LUU_DONG,Xay_Dung,1,17400000000.0,3.65,0,8,4.5,0.092,0
SME-2025-0252,790000000.0,12,VAY_VON_LUU_DONG,Thuong_Mai_Dich_Vu,6,2960000000.0,4.47,0,8,3.1,0.04,0
SME-2025-0253,5340000000.0,6,THAU_CHI,Xay_Dung,3,34140000000.0,4.37,0,10,3.9,0.111,0
SME-2025-0254,790000000.0,6,VAY_VON_LUU_DONG,Thuong_Mai_Dich_Vu,19,3580000000.0,2.41,0,9,3.1,0.032,0
SME-2025-0255,1870000000.0,9,VAY_VON_LUU_DONG,San_Xuat,4,10980000000.0,3.26,2,5,3.0,0.333,0
SME-2025-0256,870000000.0,48,VAY_DAU_TU_TSCD,San_Xuat,20,5460000000.0,0.85,0,16,5.4,0.182,0
SME-2025-0257,7500000000.0,6,THAU_CHI,Thuong_Mai_Dich_Vu,23,37310000000.0,2.21,2,6,4.4,0.269,0
SME-2025-0258,1120000000.0,48,VAY_DAU_TU_TSCD,Nong_Nghiep,3,4910000000.0,3.72,0,6,2.3,0.04,0
SME-2025-0259,2320000000.0,60,VAY_DAU_TU_TSCD,San_Xuat,8,4210000000.0,2.47,1,11,5.4,0.427,0
SME-2025-0260,16620000000.0,9,VAY_VON_LUU_DONG,Thuong_Mai_Dich_Vu,8,33040000000.0,3.28,0,13,4.2,0.239,0
SME-2025-0261,1110000000.0,24,VAY_DAU_TU_TSCD,Xay_Dung,7,3050000000.0,3.46,0,3,4.1,0.043,0
SME-2025-0262,3650000000.0,12,THAU_CHI,Thuong_Mai_Dich_Vu,2,9760000000.0,1.44,0,13,3.0,0.06,0
SME-2025-0263,2580000000.0,9,VAY_VON_LUU_DONG,Nong_Nghiep,21,7730000000.0,3.99,0,8,1.5,0.009,0
SME-2025-0264,540000000.0,12,VAY_VON_LUU_DONG,Nong_Nghiep,6,1750000000.0,2.29,2,8,5.2,0.443,0
SME-2025-0265,11110000000.0,6,THAU_CHI,Thuong_Mai_Dich_Vu,16,38800000000.0,1.26,0,10,6.6,0.1,0
SME-2025-0266,660000000.0,24,VAY_DAU_TU_TSCD,San_Xuat,10,2490000000.0,3.95,2,14,1.9,0.516,1
SME-2025-0267,3200000000.0,60,VAY_DAU_TU_TSCD,Nong_Nghiep,4,7250000000.0,2.11,0,10,2.5,0.081,0
SME-2025-0268,4480000000.0,60,VAY_DAU_TU_TSCD,Thuong_Mai_Dich_Vu,13,8960000000.0,3.48,0,5,1.9,0.017,0
SME-2025-0269,5840000000.0,9,VAY_VON_LUU_DONG,San_Xuat,10,29010000000.0,2.65,0,6,1.2,0.027,0
SME-2025-0270,7390000000.0,6,VAY_VON_LUU_DONG,Xay_Dung,21,31970000000.0,1.97,1,8,7.8,0.267,0
SME-2025-0271,1350000000.0,24,VAY_DAU_TU_TSCD,Van_Tai_Kho_Bai,14,5250000000.0,3.72,0,11,2.4,0.062,0
SME-2025-0272,520000000.0,48,VAY_DAU_TU_TSCD,Nong_Nghiep,9,2490000000.0,2.8,2,16,5.4,0.77,1
SME-2025-0273,8470000000.0,6,THAU_CHI,San_Xuat,11,48200000000.0,2.0,0,8,6.0,0.053,0
SME-2025-0274,4060000000.0,6,THAU_CHI,Thuong_Mai_Dich_Vu,23,15470000000.0,0.85,1,12,1.6,0.106,0
SME-2025-0275,13170000000.0,6,VAY_VON_LUU_DONG,Nong_Nghiep,18,63390000000.0,4.07,0,11,7.3,0.151,0
SME-2025-0276,12430000000.0,9,VAY_VON_LUU_DONG,San_Xuat,11,78080000000.0,0.55,0,12,2.6,0.104,0
SME-2025-0277,13540000000.0,36,VAY_DAU_TU_TSCD,Xay_Dung,17,77800000000.0,3.94,0,9,5.0,0.155,0
SME-2025-0278,3340000000.0,24,VAY_DAU_TU_TSCD,Thuong_Mai_Dich_Vu,2,12700000000.0,1.88,0,9,6.1,0.103,0
SME-2025-0279,1840000000.0,60,VAY_DAU_TU_TSCD,Xay_Dung,3,8890000000.0,3.02,0,3,2.4,0.045,0
SME-2025-0280,11060000000.0,48,VAY_DAU_TU_TSCD,San_Xuat,11,29110000000.0,4.18,0,13,1.6,0.16,0
SME-2025-0281,2920000000.0,6,THAU_CHI,Thuong_Mai_Dich_Vu,18,12950000000.0,1.02,0,10,2.1,0.023,0
SME-2025-0282,1020000000.0,6,VAY_VON_LUU_DONG,Van_Tai_Kho_Bai,3,6540000000.0,2.72,0,17,5.3,0.208,0
SME-2025-0283,14180000000.0,12,VAY_VON_LUU_DONG,Thuong_Mai_Dich_Vu,15,60070000000.0,3.53,0,12,8.3,0.148,0
SME-2025-0284,15790000000.0,12,VAY_VON_LUU_DONG,Thuong_Mai_Dich_Vu,11,97260000000.0,3.51,0,5,2.9,0.044,0
SME-2025-0285,3100000000.0,36,VAY_DAU_TU_TSCD,Xay_Dung,11,11510000000.0,2.56,0,2,2.5,0.033,0
SME-2025-0286,670000000.0,9,VAY_VON_LUU_DONG,San_Xuat,20,4350000000.0,2.96,3,2,11.7,0.417,0
SME-2025-0287,2280000000.0,9,VAY_VON_LUU_DONG,Thuong_Mai_Dich_Vu,11,10310000000.0,3.51,2,6,4.7,0.214,0
SME-2025-0288,11590000000.0,9,VAY_VON_LUU_DONG,Xay_Dung,19,23160000000.0,3.85,0,8,1.4,0.038,0
SME-2025-0289,17020000000.0,12,VAY_VON_LUU_DONG,Nong_Nghiep,1,77570000000.0,3.52,4,6,1.9,0.922,1
SME-2025-0290,1110000000.0,60,VAY_DAU_TU_TSCD,San_Xuat,5,3430000000.0,1.85,1,16,1.1,0.346,0
SME-2025-0291,650000000.0,6,VAY_VON_LUU_DONG,Xay_Dung,10,1270000000.0,4.49,0,14,3.8,0.188,0
SME-2025-0292,15470000000.0,9,VAY_VON_LUU_DONG,Xay_Dung,10,87530000000.0,2.18,0,4,3.1,0.08,0
SME-2025-0293,2290000000.0,36,VAY_DAU_TU_TSCD,Van_Tai_Kho_Bai,14,7090000000.0,0.5,2,12,2.7,0.457,0
SME-2025-0294,4160000000.0,12,VAY_VON_LUU_DONG,San_Xuat,2,23060000000.0,1.89,0,8,1.3,0.051,0
SME-2025-0295,22060000000.0,12,VAY_VON_LUU_DONG,San_Xuat,4,69590000000.0,0.92,1,17,1.9,0.647,1
SME-2025-0296,650000000.0,6,VAY_VON_LUU_DONG,San_Xuat,2,1760000000.0,0.9,2,2,3.1,0.203,0
SME-2025-0297,6320000000.0,24,VAY_DAU_TU_TSCD,Nong_Nghiep,18,40310000000.0,1.55,0,12,3.2,0.054,0
SME-2025-0298,670000000.0,12,VAY_VON_LUU_DONG,San_Xuat,13,2340000000.0,0.62,0,2,4.7,0.007,0
SME-2025-0299,2170000000.0,36,VAY_DAU_TU_TSCD,San_Xuat,19,10040000000.0,3.22,0,13,1.0,0.065,0
SME-2025-0300,11600000000.0,9,VAY_VON_LUU_DONG,San_Xuat,5,54140000000.0,0.7,0,3,5.2,0.038,0
SME-2025-0301,2730000000.0,9,VAY_VON_LUU_DONG,Thuong_Mai_Dich_Vu,20,12110000000.0,1.23,0,2,2.1,0.009,0
SME-2025-0302,24730000000.0,6,VAY_VON_LUU_DONG,San_Xuat,2,150830000000.0,0.78,0,10,3.9,0.308,0
SME-2025-0303,4450000000.0,9,VAY_VON_LUU_DONG,Xay_Dung,11,22120000000.0,0.66,0,5,7.3,0.049,0
SME-2025-0304,1760000000.0,36,VAY_DAU_TU_TSCD,San_Xuat,18,6510000000.0,1.5,0,8,3.0,0.028,0
SME-2025-0305,1180000000.0,48,VAY_DAU_TU_TSCD,Thuong_Mai_Dich_Vu,6,6910000000.0,2.74,0,6,7.0,0.096,0
SME-2025-0306,1970000000.0,12,THAU_CHI,Thuong_Mai_Dich_Vu,23,5220000000.0,4.36,0,15,10.8,0.126,0
SME-2025-0307,2150000000.0,9,VAY_VON_LUU_DONG,Thuong_Mai_Dich_Vu,10,9370000000.0,3.99,0,17,3.3,0.093,0
SME-2025-0308,650000000.0,12,VAY_VON_LUU_DONG,Van_Tai_Kho_Bai,22,4070000000.0,3.99,0,8,9.7,0.048,0
SME-2025-0309,2120000000.0,36,VAY_DAU_TU_TSCD,Van_Tai_Kho_Bai,23,10050000000.0,1.12,0,14,1.9,0.052,0
SME-2025-0310,3070000000.0,6,VAY_VON_LUU_DONG,Xay_Dung,17,17310000000.0,1.49,2,14,4.0,0.561,1
SME-2025-0311,8450000000.0,9,VAY_VON_LUU_DONG,Thuong_Mai_Dich_Vu,22,41170000000.0,0.71,0,17,2.7,0.105,0
SME-2025-0312,6530000000.0,9,VAY_VON_LUU_DONG,Thuong_Mai_Dich_Vu,11,37520000000.0,3.59,0,16,3.4,0.164,0
SME-2025-0313,8000000000.0,12,VAY_VON_LUU_DONG,Nong_Nghiep,19,49910000000.0,0.69,1,8,2.7,0.071,0
SME-2025-0314,520000000.0,6,THAU_CHI,Xay_Dung,17,1600000000.0,2.68,0,17,1.0,0.068,0
SME-2025-0315,1170000000.0,48,VAY_DAU_TU_TSCD,Thuong_Mai_Dich_Vu,24,3040000000.0,1.42,1,2,3.8,0.036,0
SME-2025-0316,6660000000.0,36,VAY_DAU_TU_TSCD,Xay_Dung,4,27140000000.0,1.4,0,2,2.2,0.027,0
SME-2025-0317,3320000000.0,9,VAY_VON_LUU_DONG,Nong_Nghiep,24,16930000000.0,4.46,1,12,5.4,0.106,0
SME-2025-0318,510000000.0,6,VAY_VON_LUU_DONG,San_Xuat,14,1460000000.0,3.5,2,4,6.4,0.221,0
SME-2025-0319,11640000000.0,9,VAY_VON_LUU_DONG,San_Xuat,20,21180000000.0,3.83,0,11,1.9,0.071,0
SME-2025-0320,10280000000.0,6,VAY_VON_LUU_DONG,Xay_Dung,4,35070000000.0,2.75,0,3,1.3,0.046,0
SME-2025-0321,4270000000.0,12,VAY_VON_LUU_DONG,San_Xuat,14,27130000000.0,3.97,2,15,1.9,0.537,1
SME-2025-0322,650000000.0,60,VAY_DAU_TU_TSCD,Thuong_Mai_Dich_Vu,4,3290000000.0,3.05,1,8,1.6,0.207,0
SME-2025-0323,10030000000.0,60,VAY_DAU_TU_TSCD,San_Xuat,6,36970000000.0,4.28,1,4,2.1,0.218,0
SME-2025-0324,4910000000.0,12,VAY_VON_LUU_DONG,Xay_Dung,9,13280000000.0,1.55,0,8,2.9,0.066,0
SME-2025-0325,10650000000.0,6,THAU_CHI,Van_Tai_Kho_Bai,21,36990000000.0,2.84,1,10,5.1,0.167,0
SME-2025-0326,9470000000.0,24,VAY_DAU_TU_TSCD,Xay_Dung,12,24610000000.0,3.23,0,13,6.9,0.378,0
SME-2025-0327,11570000000.0,36,VAY_DAU_TU_TSCD,Thuong_Mai_Dich_Vu,8,26610000000.0,2.01,0,12,5.7,0.273,0
SME-2025-0328,3790000000.0,48,VAY_DAU_TU_TSCD,San_Xuat,24,22970000000.0,4.01,0,2,8.8,0.023,0
SME-2025-0329,870000000.0,9,VAY_VON_LUU_DONG,San_Xuat,4,5650000000.0,4.42,0,16,1.4,0.143,0
SME-2025-0330,6910000000.0,9,VAY_VON_LUU_DONG,Nong_Nghiep,5,17770000000.0,2.42,1,17,3.0,0.385,0
SME-2025-0331,5660000000.0,12,VAY_VON_LUU_DONG,Thuong_Mai_Dich_Vu,6,11640000000.0,2.0,0,4,1.9,0.01,0
SME-2025-0332,9120000000.0,60,VAY_DAU_TU_TSCD,Xay_Dung,5,30550000000.0,2.33,0,14,5.5,0.244,0
SME-2025-0333,970000000.0,6,VAY_VON_LUU_DONG,Van_Tai_Kho_Bai,19,3850000000.0,3.9,1,12,3.6,0.146,0
SME-2025-0334,1070000000.0,9,VAY_VON_LUU_DONG,Van_Tai_Kho_Bai,8,2960000000.0,3.05,2,16,1.9,0.591,1
SME-2025-0335,16280000000.0,12,VAY_VON_LUU_DONG,Van_Tai_Kho_Bai,9,52370000000.0,0.58,0,16,5.1,0.329,0
SME-2025-0336,9400000000.0,9,VAY_VON_LUU_DONG,Xay_Dung,15,25790000000.0,2.62,0,7,5.5,0.04,0
SME-2025-0337,17460000000.0,12,THAU_CHI,San_Xuat,4,94970000000.0,0.47,0,16,2.7,0.171,0
SME-2025-0338,9730000000.0,36,VAY_DAU_TU_TSCD,Thuong_Mai_Dich_Vu,9,50100000000.0,3.59,0,14,4.6,0.23,0
SME-2025-0339,5170000000.0,9,VAY_VON_LUU_DONG,Thuong_Mai_Dich_Vu,7,24730000000.0,1.75,0,10,3.3,0.035,0
SME-2025-0340,6460000000.0,9,VAY_VON_LUU_DONG,San_Xuat,8,23380000000.0,2.34,0,6,2.6,0.027,0
SME-2025-0341,16200000000.0,6,VAY_VON_LUU_DONG,Thuong_Mai_Dich_Vu,15,98370000000.0,3.67,0,4,2.7,0.029,0
SME-2025-0342,4810000000.0,6,VAY_VON_LUU_DONG,San_Xuat,19,30580000000.0,0.59,3,9,2.1,0.551,1
SME-2025-0343,5930000000.0,12,VAY_VON_LUU_DONG,Xay_Dung,15,15510000000.0,1.05,0,14,3.7,0.148,0
SME-2025-0344,920000000.0,6,VAY_VON_LUU_DONG,Xay_Dung,5,2620000000.0,2.03,0,15,3.0,0.076,0
SME-2025-0345,3190000000.0,6,VAY_VON_LUU_DONG,Thuong_Mai_Dich_Vu,19,13620000000.0,1.34,0,13,4.4,0.103,0
SME-2025-0346,8240000000.0,24,VAY_DAU_TU_TSCD,Xay_Dung,7,18370000000.0,1.79,0,6,1.0,0.054,0
SME-2025-0347,1440000000.0,36,VAY_DAU_TU_TSCD,Nong_Nghiep,6,5550000000.0,4.49,0,16,4.5,0.168,0
SME-2025-0348,1100000000.0,9,VAY_VON_LUU_DONG,Thuong_Mai_Dich_Vu,19,4990000000.0,3.78,0,7,1.0,0.034,0
SME-2025-0349,1710000000.0,12,VAY_VON_LUU_DONG,Thuong_Mai_Dich_Vu,17,7270000000.0,4.02,0,14,4.4,0.042,0
SME-2025-0350,1290000000.0,48,VAY_DAU_TU_TSCD,Van_Tai_Kho_Bai,10,4330000000.0,4.24,0,3,3.4,0.014,0
SME-2025-0351,1160000000.0,12,VAY_VON_LUU_DONG,Thuong_Mai_Dich_Vu,19,5050000000.0,1.8,0,5,1.0,0.016,0
SME-2025-0352,2630000000.0,12,THAU_CHI,Van_Tai_Kho_Bai,11,16590000000.0,1.62,0,2,3.3,0.007,0
SME-2025-0353,17430000000.0,24,VAY_DAU_TU_TSCD,San_Xuat,15,48250000000.0,1.36,1,16,4.6,0.644,1
SME-2025-0354,3630000000.0,6,VAY_VON_LUU_DONG,Xay_Dung,10,17710000000.0,3.8,0,15,3.3,0.12,0
SME-2025-0355,1040000000.0,9,VAY_VON_LUU_DONG,San_Xuat,11,2080000000.0,3.19,0,14,3.1,0.04,0
SME-2025-0356,680000000.0,48,VAY_DAU_TU_TSCD,San_Xuat,23,1440000000.0,1.37,0,17,2.5,0.103,0
SME-2025-0357,7620000000.0,12,VAY_VON_LUU_DONG,Nong_Nghiep,3,33480000000.0,1.95,3,5,3.7,0.728,1
SME-2025-0358,2240000000.0,60,VAY_DAU_TU_TSCD,San_Xuat,3,5140000000.0,2.48,1,2,4.2,0.091,0
SME-2025-0359,12450000000.0,12,THAU_CHI,Thuong_Mai_Dich_Vu,18,23720000000.0,2.57,0,5,2.9,0.05,0
SME-2025-0360,6600000000.0,48,VAY_DAU_TU_TSCD,Thuong_Mai_Dich_Vu,11,17200000000.0,4.04,2,15,3.1,0.661,1
SME-2025-0361,11270000000.0,9,VAY_VON_LUU_DONG,Thuong_Mai_Dich_Vu,20,50210000000.0,1.96,0,3,1.8,0.019,0
SME-2025-0362,1450000000.0,48,VAY_DAU_TU_TSCD,Xay_Dung,22,7400000000.0,4.12,3,7,5.2,0.746,1
SME-2025-0363,7500000000.0,12,VAY_VON_LUU_DONG,Thuong_Mai_Dich_Vu,18,20640000000.0,2.21,0,7,1.8,0.031,0
SME-2025-0364,1400000000.0,9,VAY_VON_LUU_DONG,San_Xuat,15,6920000000.0,3.46,0,9,3.8,0.026,0
SME-2025-0365,19700000000.0,6,THAU_CHI,Xay_Dung,7,52360000000.0,4.21,0,10,3.1,0.119,0
SME-2025-0366,6030000000.0,9,VAY_VON_LUU_DONG,Thuong_Mai_Dich_Vu,10,28240000000.0,4.12,0,17,1.8,0.101,0
SME-2025-0367,1780000000.0,12,THAU_CHI,Thuong_Mai_Dich_Vu,21,6650000000.0,0.63,0,9,5.9,0.031,0
SME-2025-0368,1440000000.0,12,THAU_CHI,Xay_Dung,23,7020000000.0,1.24,0,2,1.0,0.011,0
SME-2025-0369,1060000000.0,9,VAY_VON_LUU_DONG,Nong_Nghiep,20,6870000000.0,2.36,0,14,2.7,0.047,0
SME-2025-0370,7570000000.0,9,VAY_VON_LUU_DONG,Xay_Dung,10,46990000000.0,2.17,0,4,3.4,0.039,0
SME-2025-0371,1180000000.0,6,VAY_VON_LUU_DONG,Xay_Dung,13,2150000000.0,3.03,0,7,7.5,0.098,0
SME-2025-0372,5130000000.0,12,VAY_VON_LUU_DONG,San_Xuat,15,30580000000.0,4.27,2,2,4.5,0.171,0
SME-2025-0373,1410000000.0,9,VAY_VON_LUU_DONG,Thuong_Mai_Dich_Vu,23,2980000000.0,0.86,2,9,1.2,0.171,0
SME-2025-0374,6660000000.0,60,VAY_DAU_TU_TSCD,Thuong_Mai_Dich_Vu,18,41820000000.0,2.25,3,15,1.0,0.871,1
SME-2025-0375,12120000000.0,6,VAY_VON_LUU_DONG,San_Xuat,23,37870000000.0,1.19,1,7,6.7,0.086,0
SME-2025-0376,10490000000.0,12,VAY_VON_LUU_DONG,Xay_Dung,4,37720000000.0,4.07,1,17,6.5,0.581,1
SME-2025-0377,9810000000.0,60,VAY_DAU_TU_TSCD,Thuong_Mai_Dich_Vu,20,21880000000.0,4.35,0,2,4.8,0.021,0
SME-2025-0378,1040000000.0,12,VAY_VON_LUU_DONG,Xay_Dung,17,2420000000.0,2.36,0,11,2.0,0.034,0
SME-2025-0379,710000000.0,48,VAY_DAU_TU_TSCD,San_Xuat,3,3700000000.0,0.83,0,3,2.1,0.017,0
SME-2025-0380,7700000000.0,9,VAY_VON_LUU_DONG,Thuong_Mai_Dich_Vu,21,48040000000.0,3.62,0,7,1.0,0.025,0
SME-2025-0381,2110000000.0,9,VAY_VON_LUU_DONG,San_Xuat,21,9850000000.0,3.26,2,11,5.2,0.429,0
SME-2025-0382,2710000000.0,60,VAY_DAU_TU_TSCD,Nong_Nghiep,2,14000000000.0,1.85,0,15,1.5,0.135,0
SME-2025-0383,560000000.0,48,VAY_DAU_TU_TSCD,San_Xuat,4,3010000000.0,4.04,2,9,3.9,0.505,1
SME-2025-0384,1380000000.0,12,THAU_CHI,Thuong_Mai_Dich_Vu,1,4190000000.0,4.4,0,6,3.3,0.027,0
SME-2025-0385,570000000.0,60,VAY_DAU_TU_TSCD,Xay_Dung,15,1150000000.0,2.69,1,2,2.5,0.088,0
SME-2025-0386,15580000000.0,48,VAY_DAU_TU_TSCD,Nong_Nghiep,1,28180000000.0,2.72,0,15,2.2,0.342,0
SME-2025-0387,1300000000.0,12,VAY_VON_LUU_DONG,San_Xuat,6,4480000000.0,1.62,0,11,3.9,0.081,0
SME-2025-0388,4420000000.0,12,VAY_VON_LUU_DONG,Thuong_Mai_Dich_Vu,7,12970000000.0,2.8,3,3,6.8,0.695,1
SME-2025-0389,580000000.0,48,VAY_DAU_TU_TSCD,Thuong_Mai_Dich_Vu,19,1210000000.0,2.2,0,5,4.2,0.02,0
SME-2025-0390,6790000000.0,48,VAY_DAU_TU_TSCD,Xay_Dung,12,17950000000.0,1.64,0,5,3.0,0.039,0
SME-2025-0391,1770000000.0,6,THAU_CHI,Xay_Dung,1,4220000000.0,0.68,0,8,5.2,0.077,0
SME-2025-0392,16770000000.0,12,VAY_VON_LUU_DONG,Thuong_Mai_Dich_Vu,7,102300000000.0,1.44,0,3,7.4,0.063,0
SME-2025-0393,16140000000.0,9,VAY_VON_LUU_DONG,Van_Tai_Kho_Bai,19,39690000000.0,1.21,0,8,2.0,0.034,0
SME-2025-0394,1780000000.0,36,VAY_DAU_TU_TSCD,San_Xuat,13,7700000000.0,2.62,0,8,3.6,0.068,0
SME-2025-0395,16970000000.0,9,VAY_VON_LUU_DONG,San_Xuat,12,77850000000.0,2.87,0,8,1.7,0.096,0
SME-2025-0396,24630000000.0,6,THAU_CHI,Nong_Nghiep,12,107250000000.0,2.9,0,14,7.0,0.309,0
SME-2025-0397,12630000000.0,12,THAU_CHI,San_Xuat,22,28610000000.0,1.99,0,4,4.3,0.031,0
SME-2025-0398,13630000000.0,6,VAY_VON_LUU_DONG,Van_Tai_Kho_Bai,13,44960000000.0,2.13,1,7,3.3,0.185,0
SME-2025-0399,1320000000.0,60,VAY_DAU_TU_TSCD,Thuong_Mai_Dich_Vu,14,2690000000.0,3.82,1,13,2.5,0.196,0
SME-2025-0400,4770000000.0,48,VAY_DAU_TU_TSCD,Thuong_Mai_Dich_Vu,22,17460000000.0,2.35,0,7,4.3,0.035,0
SME-2025-0401,650000000.0,9,VAY_VON_LUU_DONG,San_Xuat,12,1750000000.0,4.45,0,5,10.6,0.03,0
SME-2025-0402,720000000.0,6,THAU_CHI,San_Xuat,20,3200000000.0,2.2,0,2,9.8,0.012,0
SME-2025-0403,24890000000.0,6,VAY_VON_LUU_DONG,Thuong_Mai_Dich_Vu,12,125850000000.0,3.06,1,10,2.3,0.393,0
SME-2025-0404,1790000000.0,36,VAY_DAU_TU_TSCD,Van_Tai_Kho_Bai,6,7700000000.0,0.61,1,3,1.0,0.076,0
SME-2025-0405,9330000000.0,6,VAY_VON_LUU_DONG,Van_Tai_Kho_Bai,10,35840000000.0,3.08,2,10,3.8,0.735,1
SME-2025-0406,11730000000.0,12,THAU_CHI,San_Xuat,20,42470000000.0,3.89,0,9,2.8,0.039,0
SME-2025-0407,14350000000.0,9,VAY_VON_LUU_DONG,San_Xuat,24,82600000000.0,4.26,0,2,2.0,0.01,0
SME-2025-0408,24770000000.0,6,VAY_VON_LUU_DONG,San_Xuat,9,70120000000.0,4.49,0,12,5.2,0.3,0
SME-2025-0409,1290000000.0,6,THAU_CHI,Nong_Nghiep,2,6770000000.0,1.56,0,8,4.3,0.045,0
SME-2025-0410,590000000.0,12,VAY_VON_LUU_DONG,San_Xuat,7,3160000000.0,2.76,0,14,2.2,0.057,0
SME-2025-0411,2500000000.0,12,VAY_VON_LUU_DONG,San_Xuat,9,9430000000.0,2.25,0,11,7.9,0.073,0
SME-2025-0412,830000000.0,6,THAU_CHI,San_Xuat,12,2650000000.0,2.71,1,4,8.5,0.089,0
SME-2025-0413,550000000.0,12,THAU_CHI,Xay_Dung,5,2210000000.0,1.05,0,17,1.9,0.224,0
SME-2025-0414,2050000000.0,48,VAY_DAU_TU_TSCD,Van_Tai_Kho_Bai,1,4590000000.0,3.91,1,11,2.8,0.308,0
SME-2025-0415,10730000000.0,60,VAY_DAU_TU_TSCD,Thuong_Mai_Dich_Vu,22,21630000000.0,4.13,0,14,7.9,0.138,0
SME-2025-0416,4580000000.0,9,VAY_VON_LUU_DONG,San_Xuat,15,10650000000.0,2.24,2,11,1.9,0.541,1
SME-2025-0417,1700000000.0,12,VAY_VON_LUU_DONG,Xay_Dung,8,4560000000.0,1.55,4,15,3.4,0.964,1
SME-2025-0418,6470000000.0,12,VAY_VON_LUU_DONG,Xay_Dung,1,26980000000.0,0.98,2,15,4.0,0.782,1
SME-2025-0419,1240000000.0,48,VAY_DAU_TU_TSCD,San_Xuat,18,7180000000.0,3.2,1,15,4.6,0.395,0
SME-2025-0420,530000000.0,48,VAY_DAU_TU_TSCD,San_Xuat,13,1540000000.0,1.68,1,10,8.6,0.384,0
SME-2025-0421,9940000000.0,60,VAY_DAU_TU_TSCD,Thuong_Mai_Dich_Vu,1,61580000000.0,4.13,0,6,6.5,0.112,0
SME-2025-0422,5740000000.0,24,VAY_DAU_TU_TSCD,San_Xuat,5,36090000000.0,3.15,0,12,2.9,0.074,0
SME-2025-0423,9870000000.0,12,VAY_VON_LUU_DONG,San_Xuat,18,62250000000.0,3.05,1,4,3.9,0.078,0
SME-2025-0424,580000000.0,12,VAY_VON_LUU_DONG,Xay_Dung,16,3330000000.0,2.69,1,9,4.2,0.102,0
SME-2025-0425,13220000000.0,9,VAY_VON_LUU_DONG,Thuong_Mai_Dich_Vu,10,46400000000.0,0.59,3,13,1.7,0.94,1
SME-2025-0426,5640000000.0,6,VAY_VON_LUU_DONG,Thuong_Mai_Dich_Vu,4,12080000000.0,4.22,0,4,1.4,0.023,0
SME-2025-0427,4530000000.0,9,VAY_VON_LUU_DONG,Thuong_Mai_Dich_Vu,1,20260000000.0,2.97,0,8,2.6,0.061,0
SME-2025-0428,5760000000.0,6,THAU_CHI,Thuong_Mai_Dich_Vu,23,25490000000.0,4.48,1,15,3.8,0.208,0
SME-2025-0429,14710000000.0,9,VAY_VON_LUU_DONG,Thuong_Mai_Dich_Vu,8,85240000000.0,2.6,3,8,3.0,0.885,1
SME-2025-0430,4970000000.0,9,VAY_VON_LUU_DONG,San_Xuat,5,32210000000.0,3.31,0,17,1.0,0.111,0
SME-2025-0431,4850000000.0,12,VAY_VON_LUU_DONG,Van_Tai_Kho_Bai,2,20310000000.0,0.63,0,8,1.8,0.031,0
SME-2025-0432,24100000000.0,24,VAY_DAU_TU_TSCD,San_Xuat,24,82480000000.0,2.99,0,15,10.0,0.426,0
SME-2025-0433,9650000000.0,24,VAY_DAU_TU_TSCD,Xay_Dung,17,25800000000.0,3.54,0,13,9.9,0.362,0
SME-2025-0434,2820000000.0,9,VAY_VON_LUU_DONG,Thuong_Mai_Dich_Vu,7,5140000000.0,3.59,0,2,4.5,0.034,0
SME-2025-0435,7960000000.0,12,VAY_VON_LUU_DONG,Xay_Dung,17,33370000000.0,3.56,0,12,7.7,0.234,0
SME-2025-0436,2290000000.0,60,VAY_DAU_TU_TSCD,Van_Tai_Kho_Bai,6,10100000000.0,1.33,1,6,6.8,0.26,0
SME-2025-0437,1220000000.0,9,VAY_VON_LUU_DONG,Xay_Dung,22,6930000000.0,4.4,0,13,6.3,0.069,0
SME-2025-0438,5160000000.0,60,VAY_DAU_TU_TSCD,Nong_Nghiep,15,21530000000.0,4.48,0,12,3.5,0.064,0
SME-2025-0439,18880000000.0,36,VAY_DAU_TU_TSCD,Nong_Nghiep,5,115310000000.0,0.71,1,2,1.7,0.12,0
SME-2025-0440,18950000000.0,9,VAY_VON_LUU_DONG,Van_Tai_Kho_Bai,15,90050000000.0,4.24,3,8,5.0,0.828,1
SME-2025-0441,1900000000.0,12,VAY_VON_LUU_DONG,Van_Tai_Kho_Bai,18,10920000000.0,1.59,3,14,3.6,0.647,1
SME-2025-0442,3940000000.0,6,THAU_CHI,Nong_Nghiep,18,9840000000.0,3.23,0,14,1.4,0.08,0
SME-2025-0443,1140000000.0,6,VAY_VON_LUU_DONG,Thuong_Mai_Dich_Vu,21,6630000000.0,1.79,3,9,3.9,0.497,0
SME-2025-0444,24580000000.0,12,VAY_VON_LUU_DONG,Xay_Dung,21,122240000000.0,4.37,0,8,3.1,0.076,0
SME-2025-0445,23220000000.0,36,VAY_DAU_TU_TSCD,San_Xuat,23,60370000000.0,0.82,1,2,2.1,0.096,0
SME-2025-0446,6350000000.0,12,THAU_CHI,Thuong_Mai_Dich_Vu,6,17090000000.0,2.44,0,4,2.7,0.015,0
SME-2025-0447,11630000000.0,6,THAU_CHI,Van_Tai_Kho_Bai,2,71580000000.0,2.15,0,16,7.6,0.372,0
SME-2025-0448,8200000000.0,48,VAY_DAU_TU_TSCD,Thuong_Mai_Dich_Vu,17,16000000000.0,1.74,0,11,2.1,0.047,0
SME-2025-0449,5090000000.0,9,VAY_VON_LUU_DONG,Van_Tai_Kho_Bai,21,20230000000.0,3.05,0,17,2.8,0.105,0
SME-2025-0450,620000000.0,6,VAY_VON_LUU_DONG,Nong_Nghiep,4,2030000000.0,0.94,2,4,2.9,0.279,0
SME-2025-0451,2960000000.0,24,VAY_DAU_TU_TSCD,San_Xuat,12,14580000000.0,3.34,0,16,2.1,0.102,0
SME-2025-0452,7010000000.0,36,VAY_DAU_TU_TSCD,San_Xuat,19,40280000000.0,4.42,0,8,1.0,0.025,0
SME-2025-0453,7080000000.0,9,VAY_VON_LUU_DONG,Xay_Dung,2,24740000000.0,3.7,0,5,4.9,0.05,0
SME-2025-0454,2150000000.0,12,THAU_CHI,San_Xuat,2,8180000000.0,3.93,0,13,4.0,0.069,0
SME-2025-0455,19900000000.0,12,VAY_VON_LUU_DONG,Thuong_Mai_Dich_Vu,14,127660000000.0,1.87,4,4,1.5,0.866,1
SME-2025-0456,960000000.0,6,VAY_VON_LUU_DONG,Van_Tai_Kho_Bai,15,5270000000.0,1.73,1,17,4.0,0.308,0
SME-2025-0457,3540000000.0,9,VAY_VON_LUU_DONG,Thuong_Mai_Dich_Vu,20,21300000000.0,2.52,3,7,7.8,0.548,1
SME-2025-0458,7460000000.0,6,VAY_VON_LUU_DONG,Xay_Dung,2,28810000000.0,0.59,0,13,5.3,0.178,0
SME-2025-0459,7650000000.0,12,VAY_VON_LUU_DONG,San_Xuat,4,22190000000.0,4.28,0,11,3.9,0.095,0
SME-2025-0460,6320000000.0,9,VAY_VON_LUU_DONG,Xay_Dung,19,23610000000.0,0.99,0,7,2.9,0.036,0
SME-2025-0461,1470000000.0,12,VAY_VON_LUU_DONG,Thuong_Mai_Dich_Vu,9,7590000000.0,4.1,0,11,3.0,0.019,0
SME-2025-0462,920000000.0,60,VAY_DAU_TU_TSCD,Xay_Dung,7,2130000000.0,0.74,0,6,8.0,0.107,0
SME-2025-0463,6020000000.0,24,VAY_DAU_TU_TSCD,San_Xuat,13,18490000000.0,3.77,1,13,1.7,0.359,0
SME-2025-0464,5210000000.0,48,VAY_DAU_TU_TSCD,Xay_Dung,12,10520000000.0,1.02,0,16,1.8,0.164,0
SME-2025-0465,1010000000.0,12,THAU_CHI,San_Xuat,3,3870000000.0,0.56,0,7,1.1,0.014,0
SME-2025-0466,7890000000.0,12,VAY_VON_LUU_DONG,Van_Tai_Kho_Bai,13,44890000000.0,3.35,0,4,4.5,0.018,0
SME-2025-0467,2970000000.0,6,VAY_VON_LUU_DONG,San_Xuat,15,5690000000.0,1.55,0,15,9.0,0.113,0
SME-2025-0468,6820000000.0,6,THAU_CHI,San_Xuat,14,33920000000.0,3.33,1,16,6.7,0.536,1
SME-2025-0469,13230000000.0,6,VAY_VON_LUU_DONG,San_Xuat,24,81800000000.0,2.68,0,14,2.5,0.055,0
SME-2025-0470,970000000.0,12,THAU_CHI,Xay_Dung,9,2830000000.0,0.85,0,11,3.6,0.068,0
SME-2025-0471,540000000.0,6,VAY_VON_LUU_DONG,Thuong_Mai_Dich_Vu,13,2730000000.0,4.22,0,6,2.4,0.03,0
SME-2025-0472,10540000000.0,6,THAU_CHI,Thuong_Mai_Dich_Vu,23,67280000000.0,2.25,2,10,4.5,0.442,0
SME-2025-0473,5430000000.0,9,VAY_VON_LUU_DONG,Xay_Dung,22,34330000000.0,3.41,2,5,2.1,0.245,0
SME-2025-0474,7720000000.0,12,THAU_CHI,Thuong_Mai_Dich_Vu,4,22420000000.0,2.45,1,12,1.4,0.243,0
SME-2025-0475,13270000000.0,6,VAY_VON_LUU_DONG,Xay_Dung,21,30140000000.0,2.88,0,3,4.9,0.046,0
SME-2025-0476,11560000000.0,12,THAU_CHI,Thuong_Mai_Dich_Vu,8,28860000000.0,1.64,0,6,6.2,0.068,0
SME-2025-0477,21460000000.0,9,VAY_VON_LUU_DONG,San_Xuat,3,109440000000.0,1.22,0,4,4.4,0.135,0
SME-2025-0478,4070000000.0,24,VAY_DAU_TU_TSCD,Xay_Dung,2,21210000000.0,2.62,4,13,8.6,0.995,1
SME-2025-0479,3380000000.0,12,THAU_CHI,Thuong_Mai_Dich_Vu,19,16790000000.0,2.2,4,16,2.1,0.949,1
SME-2025-0480,2410000000.0,12,VAY_VON_LUU_DONG,Nong_Nghiep,23,8140000000.0,2.0,1,4,4.4,0.043,0
SME-2025-0481,910000000.0,48,VAY_DAU_TU_TSCD,Thuong_Mai_Dich_Vu,8,2360000000.0,3.16,0,5,1.6,0.024,0
SME-2025-0482,4700000000.0,36,VAY_DAU_TU_TSCD,San_Xuat,17,21290000000.0,3.23,3,13,2.5,0.793,1
SME-2025-0483,1480000000.0,12,VAY_VON_LUU_DONG,San_Xuat,13,6030000000.0,0.59,0,5,2.5,0.016,0
SME-2025-0484,18380000000.0,48,VAY_DAU_TU_TSCD,Van_Tai_Kho_Bai,7,96050000000.0,1.79,1,6,4.4,0.209,0
SME-2025-0485,4900000000.0,24,VAY_DAU_TU_TSCD,San_Xuat,9,18980000000.0,2.09,0,8,1.1,0.033,0
SME-2025-0486,5080000000.0,12,THAU_CHI,San_Xuat,12,17230000000.0,0.8,0,5,4.9,0.034,0
SME-2025-0487,2000000000.0,9,VAY_VON_LUU_DONG,San_Xuat,14,6360000000.0,1.37,0,12,4.3,0.066,0
SME-2025-0488,610000000.0,6,VAY_VON_LUU_DONG,Xay_Dung,14,1700000000.0,0.61,0,8,6.1,0.05,0
SME-2025-0489,570000000.0,6,THAU_CHI,San_Xuat,15,1740000000.0,4.48,0,10,3.8,0.039,0
SME-2025-0490,2620000000.0,12,THAU_CHI,Xay_Dung,3,5880000000.0,3.42,1,4,4.0,0.205,0
SME-2025-0491,700000000.0,9,VAY_VON_LUU_DONG,Xay_Dung,15,2400000000.0,0.76,0,6,3.6,0.024,0
SME-2025-0492,5370000000.0,48,VAY_DAU_TU_TSCD,Van_Tai_Kho_Bai,19,10590000000.0,0.48,0,5,1.6,0.012,0
SME-2025-0493,15690000000.0,9,VAY_VON_LUU_DONG,San_Xuat,24,41990000000.0,3.35,0,17,4.9,0.209,0
SME-2025-0494,15810000000.0,9,VAY_VON_LUU_DONG,Xay_Dung,20,83950000000.0,2.2,0,16,7.6,0.359,0
SME-2025-0495,6590000000.0,9,VAY_VON_LUU_DONG,Thuong_Mai_Dich_Vu,14,21940000000.0,3.63,4,10,3.6,0.937,1
SME-2025-0496,1140000000.0,9,VAY_VON_LUU_DONG,Thuong_Mai_Dich_Vu,8,5630000000.0,4.19,0,6,5.6,0.02,0
SME-2025-0497,14630000000.0,48,VAY_DAU_TU_TSCD,Xay_Dung,5,75630000000.0,2.86,0,11,6.3,0.202,0
SME-2025-0498,16010000000.0,12,VAY_VON_LUU_DONG,Nong_Nghiep,19,72550000000.0,1.17,2,3,1.5,0.234,0
SME-2025-0499,1080000000.0,6,THAU_CHI,San_Xuat,4,6810000000.0,3.61,2,17,2.8,0.709,1
SME-2025-0500,8950000000.0,6,THAU_CHI,Nong_Nghiep,14,17010000000.0,4.32,0,17,3.0,0.129,0
SME-2025-0501,1530000000.0,24,VAY_DAU_TU_TSCD,Xay_Dung,16,8070000000.0,2.78,1,11,2.9,0.349,0
SME-2025-0502,11550000000.0,9,VAY_VON_LUU_DONG,San_Xuat,20,72840000000.0,3.2,1,2,3.1,0.052,0
SME-2025-0503,24730000000.0,9,VAY_VON_LUU_DONG,Nong_Nghiep,24,144740000000.0,1.78,1,8,3.9,0.313,0
SME-2025-0504,560000000.0,60,VAY_DAU_TU_TSCD,Thuong_Mai_Dich_Vu,6,1450000000.0,1.96,0,12,5.4,0.139,0
SME-2025-0505,16730000000.0,36,VAY_DAU_TU_TSCD,San_Xuat,23,55810000000.0,3.41,4,2,2.1,0.766,1
SME-2025-0506,5710000000.0,6,VAY_VON_LUU_DONG,San_Xuat,6,14910000000.0,4.2,0,9,3.3,0.039,0
SME-2025-0507,22530000000.0,6,THAU_CHI,San_Xuat,3,104230000000.0,2.98,0,16,1.0,0.201,0
SME-2025-0508,3080000000.0,60,VAY_DAU_TU_TSCD,Thuong_Mai_Dich_Vu,15,15850000000.0,3.64,0,10,3.6,0.062,0
SME-2025-0509,13760000000.0,12,THAU_CHI,San_Xuat,3,45270000000.0,1.1,0,8,3.0,0.079,0
SME-2025-0510,640000000.0,36,VAY_DAU_TU_TSCD,San_Xuat,11,2770000000.0,1.27,2,10,4.2,0.595,1
SME-2025-0511,1860000000.0,60,VAY_DAU_TU_TSCD,San_Xuat,3,9390000000.0,2.58,0,11,6.5,0.148,0
SME-2025-0512,650000000.0,12,VAY_VON_LUU_DONG,Thuong_Mai_Dich_Vu,10,2460000000.0,1.12,0,7,4.1,0.017,0
SME-2025-0513,22700000000.0,12,THAU_CHI,Nong_Nghiep,18,131970000000.0,3.0,0,16,4.7,0.225,0
SME-2025-0514,12220000000.0,6,THAU_CHI,Thuong_Mai_Dich_Vu,1,66310000000.0,1.6,0,16,1.4,0.104,0
SME-2025-0515,14040000000.0,6,VAY_VON_LUU_DONG,San_Xuat,16,29540000000.0,3.65,3,8,2.9,0.758,1
SME-2025-0516,19610000000.0,6,VAY_VON_LUU_DONG,Van_Tai_Kho_Bai,16,92550000000.0,3.71,0,4,3.1,0.09,0
SME-2025-0517,700000000.0,12,VAY_VON_LUU_DONG,Thuong_Mai_Dich_Vu,10,2030000000.0,2.3,0,15,1.7,0.073,0
SME-2025-0518,2260000000.0,36,VAY_DAU_TU_TSCD,Nong_Nghiep,1,9990000000.0,1.14,1,15,1.1,0.391,0
SME-2025-0519,660000000.0,12,THAU_CHI,Xay_Dung,4,4160000000.0,3.05,1,10,2.2,0.214,0
SME-2025-0520,1140000000.0,9,VAY_VON_LUU_DONG,Xay_Dung,3,6760000000.0,4.47,0,4,2.7,0.034,0
SME-2025-0521,1230000000.0,60,VAY_DAU_TU_TSCD,Thuong_Mai_Dich_Vu,5,4550000000.0,2.95,0,7,2.6,0.038,0
SME-2025-0522,3130000000.0,6,VAY_VON_LUU_DONG,San_Xuat,12,9920000000.0,0.55,2,5,5.4,0.317,0
SME-2025-0523,1430000000.0,6,THAU_CHI,Thuong_Mai_Dich_Vu,12,4150000000.0,0.47,1,10,2.1,0.091,0
SME-2025-0524,740000000.0,24,VAY_DAU_TU_TSCD,Nong_Nghiep,13,3180000000.0,1.71,1,2,6.3,0.058,0
SME-2025-0525,960000000.0,60,VAY_DAU_TU_TSCD,Nong_Nghiep,24,2240000000.0,1.2,4,10,1.0,0.782,1
SME-2025-0526,890000000.0,6,VAY_VON_LUU_DONG,Van_Tai_Kho_Bai,12,3900000000.0,3.73,1,13,6.2,0.249,0
SME-2025-0527,22500000000.0,6,VAY_VON_LUU_DONG,Thuong_Mai_Dich_Vu,16,40640000000.0,3.86,1,17,5.5,0.553,1
SME-2025-0528,9750000000.0,6,VAY_VON_LUU_DONG,San_Xuat,13,32390000000.0,1.46,3,5,1.0,0.669,1
SME-2025-0529,22040000000.0,6,VAY_VON_LUU_DONG,San_Xuat,5,62450000000.0,1.74,0,11,4.6,0.174,0
SME-2025-0530,2790000000.0,12,THAU_CHI,Xay_Dung,24,17760000000.0,1.37,0,17,3.7,0.063,0
SME-2025-0531,1490000000.0,24,VAY_DAU_TU_TSCD,Thuong_Mai_Dich_Vu,4,7770000000.0,4.12,0,6,2.1,0.023,0
SME-2025-0532,11360000000.0,6,THAU_CHI,San_Xuat,21,39120000000.0,2.46,0,12,7.8,0.11,0
SME-2025-0533,1790000000.0,12,THAU_CHI,San_Xuat,15,4000000000.0,3.09,1,14,2.4,0.227,0
SME-2025-0534,1610000000.0,36,VAY_DAU_TU_TSCD,Thuong_Mai_Dich_Vu,12,6810000000.0,2.1,1,2,5.0,0.077,0
SME-2025-0535,1240000000.0,60,VAY_DAU_TU_TSCD,Thuong_Mai_Dich_Vu,19,3480000000.0,2.99,1,15,2.8,0.201,0
SME-2025-0536,830000000.0,6,THAU_CHI,Van_Tai_Kho_Bai,21,3590000000.0,1.98,4,2,5.5,0.634,1
SME-2025-0537,1360000000.0,24,VAY_DAU_TU_TSCD,Thuong_Mai_Dich_Vu,19,7790000000.0,1.79,0,7,2.5,0.018,0
SME-2025-0538,2010000000.0,6,VAY_VON_LUU_DONG,Thuong_Mai_Dich_Vu,21,9440000000.0,3.0,1,11,2.5,0.124,0
SME-2025-0539,6980000000.0,6,VAY_VON_LUU_DONG,Thuong_Mai_Dich_Vu,11,33360000000.0,2.82,0,16,4.6,0.153,0
SME-2025-0540,640000000.0,6,VAY_VON_LUU_DONG,Van_Tai_Kho_Bai,21,2780000000.0,1.6,0,14,2.6,0.037,0
SME-2025-0541,1140000000.0,6,THAU_CHI,Thuong_Mai_Dich_Vu,6,7020000000.0,1.01,0,16,2.5,0.085,0
SME-2025-0542,11840000000.0,36,VAY_DAU_TU_TSCD,Nong_Nghiep,9,73170000000.0,1.91,2,16,3.4,0.793,1
SME-2025-0543,890000000.0,9,VAY_VON_LUU_DONG,Van_Tai_Kho_Bai,1,3750000000.0,2.1,0,2,3.8,0.017,0
SME-2025-0544,1910000000.0,24,VAY_DAU_TU_TSCD,Van_Tai_Kho_Bai,12,6180000000.0,2.98,1,14,3.9,0.419,0
SME-2025-0545,14720000000.0,24,VAY_DAU_TU_TSCD,Xay_Dung,14,58290000000.0,4.15,0,17,4.9,0.415,0
SME-2025-0546,920000000.0,6,VAY_VON_LUU_DONG,San_Xuat,6,2460000000.0,0.55,0,17,3.9,0.124,0
SME-2025-0547,690000000.0,12,VAY_VON_LUU_DONG,San_Xuat,1,3310000000.0,1.4,0,3,3.8,0.017,0
SME-2025-0548,3330000000.0,48,VAY_DAU_TU_TSCD,San_Xuat,22,13820000000.0,1.19,0,14,1.2,0.101,0
SME-2025-0549,1630000000.0,9,VAY_VON_LUU_DONG,San_Xuat,2,3730000000.0,2.46,3,15,5.7,0.931,1
SME-2025-0550,4530000000.0,24,VAY_DAU_TU_TSCD,San_Xuat,24,12360000000.0,2.16,0,4,3.0,0.021,0
SME-2025-0551,11600000000.0,6,VAY_VON_LUU_DONG,Xay_Dung,11,47030000000.0,3.39,3,8,1.1,0.831,1
SME-2025-0552,860000000.0,6,THAU_CHI,Thuong_Mai_Dich_Vu,3,5140000000.0,1.39,3,17,5.9,0.928,1
SME-2025-0553,4850000000.0,24,VAY_DAU_TU_TSCD,Thuong_Mai_Dich_Vu,10,21640000000.0,2.84,4,3,2.3,0.878,1
SME-2025-0554,3610000000.0,48,VAY_DAU_TU_TSCD,San_Xuat,6,18060000000.0,4.02,0,6,1.6,0.02,0
SME-2025-0555,880000000.0,12,THAU_CHI,Thuong_Mai_Dich_Vu,6,2990000000.0,4.13,3,10,4.7,0.849,1
SME-2025-0556,5740000000.0,9,VAY_VON_LUU_DONG,Thuong_Mai_Dich_Vu,20,25750000000.0,4.33,0,13,3.1,0.07,0
SME-2025-0557,1460000000.0,12,VAY_VON_LUU_DONG,Thuong_Mai_Dich_Vu,21,5700000000.0,3.57,0,13,4.3,0.056,0
SME-2025-0558,3370000000.0,6,VAY_VON_LUU_DONG,Van_Tai_Kho_Bai,2,16510000000.0,4.11,0,11,2.5,0.051,0
SME-2025-0559,690000000.0,36,VAY_DAU_TU_TSCD,San_Xuat,24,1410000000.0,1.36,2,9,1.0,0.305,0
SME-2025-0560,3020000000.0,36,VAY_DAU_TU_TSCD,San_Xuat,10,12440000000.0,1.21,0,13,2.1,0.122,0
SME-2025-0561,1660000000.0,48,VAY_DAU_TU_TSCD,Xay_Dung,23,5300000000.0,0.43,0,9,6.4,0.052,0
SME-2025-0562,12480000000.0,6,VAY_VON_LUU_DONG,San_Xuat,6,41600000000.0,3.3,0,12,1.4,0.077,0
SME-2025-0563,620000000.0,9,VAY_VON_LUU_DONG,Thuong_Mai_Dich_Vu,23,3920000000.0,4.24,0,3,5.6,0.007,0
SME-2025-0564,2570000000.0,6,VAY_VON_LUU_DONG,Xay_Dung,17,6830000000.0,1.17,0,2,4.3,0.02,0
SME-2025-0565,3000000000.0,9,VAY_VON_LUU_DONG,San_Xuat,14,9790000000.0,3.01,1,10,3.6,0.133,0
SME-2025-0566,8530000000.0,60,VAY_DAU_TU_TSCD,San_Xuat,5,35800000000.0,3.46,0,11,4.7,0.248,0
SME-2025-0567,4730000000.0,12,VAY_VON_LUU_DONG,Xay_Dung,23,27700000000.0,4.2,2,13,6.3,0.493,0
SME-2025-0568,6800000000.0,6,VAY_VON_LUU_DONG,Thuong_Mai_Dich_Vu,17,25560000000.0,3.05,1,5,6.2,0.074,0
SME-2025-0569,10450000000.0,12,THAU_CHI,Thuong_Mai_Dich_Vu,2,55340000000.0,4.38,3,10,2.7,0.844,1
SME-2025-0570,14580000000.0,12,VAY_VON_LUU_DONG,San_Xuat,9,84930000000.0,1.81,0,12,2.5,0.133,0
SME-2025-0571,1710000000.0,9,VAY_VON_LUU_DONG,San_Xuat,12,5570000000.0,1.83,0,15,4.9,0.118,0
SME-2025-0572,4100000000.0,48,VAY_DAU_TU_TSCD,San_Xuat,19,14950000000.0,2.63,0,13,2.2,0.067,0
SME-2025-0573,13370000000.0,12,VAY_VON_LUU_DONG,San_Xuat,22,46470000000.0,1.97,0,12,1.4,0.063,0
SME-2025-0574,23990000000.0,60,VAY_DAU_TU_TSCD,Nong_Nghiep,7,137090000000.0,0.41,1,8,2.0,0.397,0
SME-2025-0575,16230000000.0,12,THAU_CHI,San_Xuat,9,32600000000.0,3.4,0,13,1.1,0.162,0
SME-2025-0576,2140000000.0,12,THAU_CHI,Thuong_Mai_Dich_Vu,21,6950000000.0,3.48,1,7,2.7,0.05,0
SME-2025-0577,1070000000.0,12,VAY_VON_LUU_DONG,Nong_Nghiep,16,5340000000.0,3.46,1,11,4.8,0.132,0
SME-2025-0578,3390000000.0,12,THAU_CHI,San_Xuat,20,15110000000.0,1.81,0,14,3.2,0.071,0
SME-2025-0579,9100000000.0,6,VAY_VON_LUU_DONG,Xay_Dung,11,35040000000.0,2.54,1,10,2.2,0.373,0
SME-2025-0580,3430000000.0,12,VAY_VON_LUU_DONG,Van_Tai_Kho_Bai,12,14880000000.0,1.88,0,11,2.7,0.037,0
SME-2025-0581,3310000000.0,6,VAY_VON_LUU_DONG,Nong_Nghiep,15,9030000000.0,0.47,0,5,4.0,0.02,0
SME-2025-0582,13280000000.0,12,THAU_CHI,Xay_Dung,18,50790000000.0,2.71,1,15,3.3,0.426,0
SME-2025-0583,2060000000.0,6,VAY_VON_LUU_DONG,Thuong_Mai_Dich_Vu,19,8570000000.0,0.91,4,2,2.2,0.669,1
SME-2025-0584,14450000000.0,12,VAY_VON_LUU_DONG,Nong_Nghiep,16,87210000000.0,0.73,0,6,5.1,0.026,0
SME-2025-0585,2460000000.0,48,VAY_DAU_TU_TSCD,Xay_Dung,15,7440000000.0,3.5,0,14,3.7,0.127,0
SME-2025-0586,1810000000.0,12,VAY_VON_LUU_DONG,Nong_Nghiep,5,10640000000.0,0.44,0,7,3.2,0.026,0
SME-2025-0587,2950000000.0,12,VAY_VON_LUU_DONG,Xay_Dung,11,14240000000.0,4.33,0,7,8.0,0.063,0
SME-2025-0588,9870000000.0,12,VAY_VON_LUU_DONG,Thuong_Mai_Dich_Vu,15,18710000000.0,2.51,1,13,3.6,0.133,0
SME-2025-0589,820000000.0,12,VAY_VON_LUU_DONG,Van_Tai_Kho_Bai,18,4270000000.0,4.43,1,2,1.6,0.05,0
SME-2025-0590,1080000000.0,9,VAY_VON_LUU_DONG,Nong_Nghiep,13,2120000000.0,0.64,1,16,1.0,0.105,0
SME-2025-0591,20680000000.0,9,VAY_VON_LUU_DONG,Xay_Dung,4,134170000000.0,2.79,2,8,1.0,0.723,1
SME-2025-0592,990000000.0,60,VAY_DAU_TU_TSCD,San_Xuat,17,5840000000.0,1.83,0,9,3.5,0.024,0
SME-2025-0593,4610000000.0,9,VAY_VON_LUU_DONG,Thuong_Mai_Dich_Vu,4,14740000000.0,3.86,0,13,4.1,0.07,0
SME-2025-0594,4820000000.0,6,VAY_VON_LUU_DONG,Thuong_Mai_Dich_Vu,16,14510000000.0,1.88,0,6,7.0,0.034,0
SME-2025-0595,3390000000.0,6,THAU_CHI,Thuong_Mai_Dich_Vu,23,12180000000.0,1.47,1,3,6.6,0.063,0
SME-2025-0596,6230000000.0,9,VAY_VON_LUU_DONG,Van_Tai_Kho_Bai,15,21640000000.0,3.92,1,3,3.1,0.038,0
SME-2025-0597,1230000000.0,24,VAY_DAU_TU_TSCD,Nong_Nghiep,14,4370000000.0,1.94,1,12,2.8,0.147,0
SME-2025-0598,4340000000.0,6,VAY_VON_LUU_DONG,Xay_Dung,12,14300000000.0,0.47,0,6,2.3,0.021,0
SME-2025-0599,2140000000.0,12,VAY_VON_LUU_DONG,San_Xuat,3,10100000000.0,2.0,0,8,5.8,0.058,0
SME-2025-0600,6650000000.0,12,VAY_VON_LUU_DONG,Xay_Dung,10,17100000000.0,3.08,3,8,3.1,0.72,1
SME-2025-0601,870000000.0,6,VAY_VON_LUU_DONG,Thuong_Mai_Dich_Vu,8,5030000000.0,1.44,0,14,2.0,0.102,0
SME-2025-0602,4670000000.0,6,VAY_VON_LUU_DONG,Thuong_Mai_Dich_Vu,6,26240000000.0,2.17,1,5,3.2,0.065,0
SME-2025-0603,1030000000.0,9,VAY_VON_LUU_DONG,Thuong_Mai_Dich_Vu,22,4160000000.0,0.63,0,12,2.9,0.039,0
SME-2025-0604,1490000000.0,6,VAY_VON_LUU_DONG,Xay_Dung,14,8650000000.0,2.81,0,17,2.7,0.218,0
SME-2025-0605,1180000000.0,12,VAY_VON_LUU_DONG,San_Xuat,17,3490000000.0,3.5,1,15,2.2,0.196,0
SME-2025-0606,1020000000.0,6,VAY_VON_LUU_DONG,San_Xuat,21,1920000000.0,2.09,0,4,6.3,0.008,0
SME-2025-0607,12640000000.0,9,VAY_VON_LUU_DONG,Thuong_Mai_Dich_Vu,19,59540000000.0,2.12,1,10,3.0,0.199,0
SME-2025-0608,1530000000.0,12,VAY_VON_LUU_DONG,San_Xuat,16,6050000000.0,0.76,1,13,2.3,0.146,0
SME-2025-0609,18800000000.0,12,VAY_VON_LUU_DONG,Xay_Dung,15,83950000000.0,1.23,0,15,1.9,0.223,0
SME-2025-0610,22230000000.0,48,VAY_DAU_TU_TSCD,Xay_Dung,15,133980000000.0,1.03,1,15,4.2,0.818,1
SME-2025-0611,4670000000.0,12,VAY_VON_LUU_DONG,Thuong_Mai_Dich_Vu,1,29690000000.0,2.37,0,8,5.0,0.063,0
SME-2025-0612,870000000.0,24,VAY_DAU_TU_TSCD,San_Xuat,24,4160000000.0,2.57,0,3,2.6,0.012,0
SME-2025-0613,2160000000.0,60,VAY_DAU_TU_TSCD,Nong_Nghiep,23,11640000000.0,4.29,1,2,2.3,0.027,0
SME-2025-0614,11330000000.0,9,VAY_VON_LUU_DONG,Thuong_Mai_Dich_Vu,23,24860000000.0,0.7,0,12,5.9,0.072,0
SME-2025-0615,2100000000.0,12,THAU_CHI,Thuong_Mai_Dich_Vu,12,5370000000.0,2.86,0,3,1.8,0.016,0
SME-2025-0616,700000000.0,6,THAU_CHI,Thuong_Mai_Dich_Vu,10,3670000000.0,2.56,2,14,2.9,0.534,1
SME-2025-0617,4420000000.0,6,VAY_VON_LUU_DONG,San_Xuat,14,16920000000.0,2.52,0,13,3.3,0.072,0
SME-2025-0618,13640000000.0,12,VAY_VON_LUU_DONG,Xay_Dung,10,53140000000.0,3.98,1,17,3.9,0.714,1
SME-2025-0619,11250000000.0,60,VAY_DAU_TU_TSCD,Van_Tai_Kho_Bai,10,36570000000.0,1.24,2,4,3.2,0.52,1
SME-2025-0620,990000000.0,60,VAY_DAU_TU_TSCD,Thuong_Mai_Dich_Vu,20,4610000000.0,0.57,0,6,1.0,0.01,0
SME-2025-0621,6950000000.0,9,VAY_VON_LUU_DONG,Van_Tai_Kho_Bai,11,18560000000.0,3.16,0,15,4.3,0.107,0
SME-2025-0622,1180000000.0,12,VAY_VON_LUU_DONG,Thuong_Mai_Dich_Vu,22,5600000000.0,1.82,0,16,1.0,0.079,0
SME-2025-0623,1170000000.0,6,VAY_VON_LUU_DONG,San_Xuat,16,3060000000.0,0.47,0,4,2.2,0.022,0
SME-2025-0624,15280000000.0,6,VAY_VON_LUU_DONG,San_Xuat,9,32090000000.0,1.43,2,11,6.3,0.699,1
SME-2025-0625,1330000000.0,48,VAY_DAU_TU_TSCD,Thuong_Mai_Dich_Vu,15,4460000000.0,1.67,1,10,1.9,0.15,0
SME-2025-0626,1400000000.0,6,VAY_VON_LUU_DONG,Xay_Dung,14,4040000000.0,2.93,0,11,2.1,0.061,0
SME-2025-0627,500000000.0,6,VAY_VON_LUU_DONG,San_Xuat,19,2990000000.0,1.11,0,5,4.1,0.015,0
SME-2025-0628,15070000000.0,48,VAY_DAU_TU_TSCD,Nong_Nghiep,9,31020000000.0,2.09,4,8,4.3,0.966,1
SME-2025-0629,11110000000.0,6,VAY_VON_LUU_DONG,Xay_Dung,4,29220000000.0,2.38,0,5,1.0,0.077,0
SME-2025-0630,5820000000.0,9,VAY_VON_LUU_DONG,Xay_Dung,21,25490000000.0,2.28,1,4,4.7,0.049,0
SME-2025-0631,9410000000.0,48,VAY_DAU_TU_TSCD,Nong_Nghiep,7,38210000000.0,4.39,1,11,4.1,0.303,0
SME-2025-0632,910000000.0,12,THAU_CHI,Nong_Nghiep,22,1830000000.0,0.59,0,2,1.8,0.007,0
SME-2025-0633,3000000000.0,6,VAY_VON_LUU_DONG,Xay_Dung,8,5500000000.0,4.3,0,15,4.0,0.139,0
SME-2025-0634,1980000000.0,6,VAY_VON_LUU_DONG,Nong_Nghiep,24,12760000000.0,2.79,1,13,2.4,0.134,0
SME-2025-0635,720000000.0,12,VAY_VON_LUU_DONG,Nong_Nghiep,8,3530000000.0,3.66,0,10,5.0,0.073,0
SME-2025-0636,3350000000.0,6,VAY_VON_LUU_DONG,Xay_Dung,19,11780000000.0,2.16,0,14,6.2,0.197,0
SME-2025-0637,18330000000.0,12,VAY_VON_LUU_DONG,San_Xuat,15,73520000000.0,2.26,1,12,5.1,0.411,0
SME-2025-0638,580000000.0,12,VAY_VON_LUU_DONG,San_Xuat,16,1770000000.0,4.01,1,2,6.8,0.08,0
SME-2025-0639,1560000000.0,12,VAY_VON_LUU_DONG,Thuong_Mai_Dich_Vu,22,5340000000.0,4.07,0,12,3.5,0.038,0
SME-2025-0640,1130000000.0,12,VAY_VON_LUU_DONG,Xay_Dung,23,5480000000.0,1.38,0,14,1.6,0.051,0
SME-2025-0641,1270000000.0,12,VAY_VON_LUU_DONG,Van_Tai_Kho_Bai,9,7560000000.0,1.22,0,2,3.1,0.007,0
SME-2025-0642,17470000000.0,9,VAY_VON_LUU_DONG,Thuong_Mai_Dich_Vu,12,46560000000.0,2.43,0,16,2.9,0.153,0
SME-2025-0643,3120000000.0,12,VAY_VON_LUU_DONG,Thuong_Mai_Dich_Vu,16,17940000000.0,4.09,0,2,3.2,0.01,0
SME-2025-0644,3100000000.0,9,VAY_VON_LUU_DONG,Van_Tai_Kho_Bai,4,7350000000.0,1.72,0,15,2.7,0.111,0
SME-2025-0645,9800000000.0,6,VAY_VON_LUU_DONG,Nong_Nghiep,5,27540000000.0,3.07,0,6,4.7,0.055,0
SME-2025-0646,920000000.0,6,THAU_CHI,Xay_Dung,8,1820000000.0,3.3,0,17,2.9,0.28,0
SME-2025-0647,3360000000.0,24,VAY_DAU_TU_TSCD,San_Xuat,1,8270000000.0,3.59,0,8,3.5,0.086,0
SME-2025-0648,2690000000.0,48,VAY_DAU_TU_TSCD,Thuong_Mai_Dich_Vu,6,16440000000.0,2.71,0,8,1.3,0.055,0
SME-2025-0649,5170000000.0,36,VAY_DAU_TU_TSCD,Xay_Dung,15,20470000000.0,2.05,0,11,3.3,0.177,0
SME-2025-0650,24960000000.0,9,VAY_VON_LUU_DONG,Xay_Dung,4,54040000000.0,4.36,0,17,1.6,0.434,0
SME-2025-0651,10140000000.0,9,VAY_VON_LUU_DONG,Thuong_Mai_Dich_Vu,21,63990000000.0,2.91,2,2,1.3,0.112,0
SME-2025-0652,2370000000.0,6,VAY_VON_LUU_DONG,Van_Tai_Kho_Bai,11,14060000000.0,3.39,0,7,5.4,0.05,0
SME-2025-0653,12730000000.0,60,VAY_DAU_TU_TSCD,Xay_Dung,5,68070000000.0,1.81,1,10,5.0,0.561,1
SME-2025-0654,970000000.0,48,VAY_DAU_TU_TSCD,Thuong_Mai_Dich_Vu,18,6000000000.0,3.15,2,7,5.8,0.343,0
SME-2025-0655,560000000.0,6,VAY_VON_LUU_DONG,San_Xuat,24,1590000000.0,1.46,0,16,4.7,0.065,0
SME-2025-0656,1110000000.0,9,VAY_VON_LUU_DONG,Thuong_Mai_Dich_Vu,15,6360000000.0,1.4,2,5,6.4,0.238,0
SME-2025-0657,1890000000.0,6,VAY_VON_LUU_DONG,San_Xuat,18,9530000000.0,3.33,0,16,1.7,0.062,0
SME-2025-0658,3680000000.0,9,VAY_VON_LUU_DONG,Nong_Nghiep,20,21670000000.0,2.54,0,11,1.1,0.029,0
SME-2025-0659,5550000000.0,60,VAY_DAU_TU_TSCD,San_Xuat,13,30780000000.0,3.2,0,10,1.7,0.048,0
SME-2025-0660,17620000000.0,60,VAY_DAU_TU_TSCD,Thuong_Mai_Dich_Vu,5,60410000000.0,1.5,0,17,4.6,0.458,0
SME-2025-0661,3670000000.0,9,VAY_VON_LUU_DONG,San_Xuat,1,19960000000.0,2.85,0,14,2.9,0.141,0
SME-2025-0662,3550000000.0,12,THAU_CHI,San_Xuat,22,10770000000.0,2.22,0,4,3.7,0.01,0
SME-2025-0663,610000000.0,48,VAY_DAU_TU_TSCD,Xay_Dung,18,2040000000.0,2.85,1,14,7.6,0.524,1
SME-2025-0664,570000000.0,12,VAY_VON_LUU_DONG,Xay_Dung,14,1320000000.0,1.59,2,11,2.1,0.343,0
SME-2025-0665,4320000000.0,9,VAY_VON_LUU_DONG,San_Xuat,5,26760000000.0,3.33,0,5,1.5,0.026,0
SME-2025-0666,2780000000.0,6,VAY_VON_LUU_DONG,Xay_Dung,6,8810000000.0,3.7,0,5,6.7,0.065,0
SME-2025-0667,13330000000.0,6,VAY_VON_LUU_DONG,Thuong_Mai_Dich_Vu,24,56610000000.0,1.47,0,5,3.2,0.021,0
SME-2025-0668,940000000.0,12,VAY_VON_LUU_DONG,Thuong_Mai_Dich_Vu,16,3420000000.0,1.63,0,7,2.8,0.019,0
SME-2025-0669,550000000.0,9,VAY_VON_LUU_DONG,San_Xuat,22,3470000000.0,3.11,1,14,5.8,0.185,0
SME-2025-0670,2900000000.0,6,VAY_VON_LUU_DONG,Thuong_Mai_Dich_Vu,21,9790000000.0,3.25,0,17,5.3,0.089,0
SME-2025-0671,1270000000.0,9,VAY_VON_LUU_DONG,San_Xuat,12,6930000000.0,3.29,0,12,9.7,0.103,0
SME-2025-0672,610000000.0,12,THAU_CHI,Thuong_Mai_Dich_Vu,20,3550000000.0,3.2,1,16,4.6,0.209,0
SME-2025-0673,8510000000.0,6,VAY_VON_LUU_DONG,San_Xuat,18,32740000000.0,2.01,2,16,2.1,0.703,1
SME-2025-0674,770000000.0,12,VAY_VON_LUU_DONG,Thuong_Mai_Dich_Vu,2,2750000000.0,2.02,0,12,1.8,0.03,0
SME-2025-0675,5400000000.0,9,VAY_VON_LUU_DONG,San_Xuat,23,28700000000.0,1.44,0,8,2.1,0.019,0
SME-2025-0676,1500000000.0,12,THAU_CHI,Van_Tai_Kho_Bai,21,9140000000.0,1.04,0,15,6.4,0.044,0
SME-2025-0677,990000000.0,6,VAY_VON_LUU_DONG,Xay_Dung,23,5290000000.0,3.24,0,10,4.8,0.031,0
SME-2025-0678,2210000000.0,6,VAY_VON_LUU_DONG,San_Xuat,13,6340000000.0,0.78,0,15,1.8,0.057,0
SME-2025-0679,11500000000.0,6,THAU_CHI,San_Xuat,17,68710000000.0,4.24,0,12,5.4,0.143,0
SME-2025-0680,2320000000.0,12,THAU_CHI,Nong_Nghiep,17,8400000000.0,3.79,2,4,2.8,0.214,0
SME-2025-0681,9430000000.0,36,VAY_DAU_TU_TSCD,Thuong_Mai_Dich_Vu,16,42510000000.0,3.92,0,9,3.2,0.062,0
SME-2025-0682,820000000.0,12,VAY_VON_LUU_DONG,Thuong_Mai_Dich_Vu,21,4680000000.0,4.12,0,9,6.0,0.031,0
SME-2025-0683,10280000000.0,12,VAY_VON_LUU_DONG,Van_Tai_Kho_Bai,18,27610000000.0,2.08,0,2,3.7,0.022,0
SME-2025-0684,1260000000.0,24,VAY_DAU_TU_TSCD,Van_Tai_Kho_Bai,8,6910000000.0,3.87,0,6,7.1,0.074,0
SME-2025-0685,7080000000.0,6,THAU_CHI,Thuong_Mai_Dich_Vu,3,32580000000.0,1.05,0,14,1.0,0.085,0
SME-2025-0686,4570000000.0,24,VAY_DAU_TU_TSCD,San_Xuat,17,27410000000.0,0.49,0,11,6.3,0.105,0
SME-2025-0687,18950000000.0,48,VAY_DAU_TU_TSCD,Nong_Nghiep,18,49430000000.0,3.62,0,17,3.8,0.226,0
SME-2025-0688,2280000000.0,9,VAY_VON_LUU_DONG,San_Xuat,23,8610000000.0,0.71,0,6,5.8,0.016,0
SME-2025-0689,650000000.0,60,VAY_DAU_TU_TSCD,Thuong_Mai_Dich_Vu,6,3710000000.0,4.45,0,13,1.0,0.093,0
SME-2025-0690,540000000.0,6,VAY_VON_LUU_DONG,Thuong_Mai_Dich_Vu,8,1020000000.0,3.17,0,9,1.5,0.023,0
SME-2025-0691,12700000000.0,12,VAY_VON_LUU_DONG,Thuong_Mai_Dich_Vu,23,29560000000.0,3.49,0,9,5.7,0.048,0
SME-2025-0692,3890000000.0,9,VAY_VON_LUU_DONG,Thuong_Mai_Dich_Vu,13,25110000000.0,1.41,0,13,1.3,0.03,0
SME-2025-0693,10380000000.0,12,VAY_VON_LUU_DONG,Thuong_Mai_Dich_Vu,8,32360000000.0,3.16,0,17,2.4,0.202,0
SME-2025-0694,1250000000.0,9,VAY_VON_LUU_DONG,Van_Tai_Kho_Bai,19,7980000000.0,0.58,0,17,3.2,0.061,0
SME-2025-0695,1930000000.0,9,VAY_VON_LUU_DONG,San_Xuat,6,5130000000.0,3.84,1,3,4.9,0.056,0
SME-2025-0696,560000000.0,60,VAY_DAU_TU_TSCD,Xay_Dung,23,1960000000.0,1.1,1,4,5.6,0.143,0
SME-2025-0697,21500000000.0,12,VAY_VON_LUU_DONG,Thuong_Mai_Dich_Vu,15,114780000000.0,3.26,0,17,4.1,0.235,0
SME-2025-0698,6820000000.0,60,VAY_DAU_TU_TSCD,Van_Tai_Kho_Bai,10,33360000000.0,1.32,1,3,7.1,0.177,0
SME-2025-0699,19250000000.0,12,VAY_VON_LUU_DONG,San_Xuat,17,87230000000.0,0.68,0,2,4.4,0.042,0
SME-2025-0700,1410000000.0,9,VAY_VON_LUU_DONG,San_Xuat,1,6050000000.0,2.37,2,3,2.5,0.27,0
SME-2025-0701,5470000000.0,9,VAY_VON_LUU_DONG,San_Xuat,7,31530000000.0,1.09,0,11,5.4,0.078,0
SME-2025-0702,7110000000.0,9,VAY_VON_LUU_DONG,San_Xuat,13,20650000000.0,3.39,0,7,2.5,0.025,0
SME-2025-0703,1730000000.0,6,VAY_VON_LUU_DONG,Van_Tai_Kho_Bai,3,6710000000.0,1.37,0,13,4.2,0.07,0
SME-2025-0704,13800000000.0,9,VAY_VON_LUU_DONG,Thuong_Mai_Dich_Vu,19,34920000000.0,1.8,0,2,2.8,0.009,0
SME-2025-0705,20330000000.0,6,VAY_VON_LUU_DONG,Thuong_Mai_Dich_Vu,15,93540000000.0,2.73,3,7,1.0,0.793,1
SME-2025-0706,15930000000.0,12,THAU_CHI,Thuong_Mai_Dich_Vu,5,47430000000.0,1.57,0,2,4.6,0.049,0
SME-2025-0707,9010000000.0,6,VAY_VON_LUU_DONG,Thuong_Mai_Dich_Vu,11,30360000000.0,1.95,0,3,3.1,0.024,0
SME-2025-0708,1480000000.0,60,VAY_DAU_TU_TSCD,San_Xuat,22,5940000000.0,3.74,0,9,1.6,0.01,0
SME-2025-0709,1500000000.0,9,VAY_VON_LUU_DONG,Xay_Dung,18,2890000000.0,1.13,0,15,11.6,0.216,0
SME-2025-0710,21660000000.0,36,VAY_DAU_TU_TSCD,Xay_Dung,3,48350000000.0,0.74,0,7,4.7,0.278,0
SME-2025-0711,520000000.0,60,VAY_DAU_TU_TSCD,San_Xuat,6,2610000000.0,1.75,0,10,4.5,0.108,0
SME-2025-0712,8230000000.0,36,VAY_DAU_TU_TSCD,Xay_Dung,3,31410000000.0,2.14,0,2,1.0,0.042,0
SME-2025-0713,7920000000.0,12,VAY_VON_LUU_DONG,Xay_Dung,5,46450000000.0,2.62,1,6,2.6,0.194,0
SME-2025-0714,5710000000.0,12,VAY_VON_LUU_DONG,San_Xuat,9,28920000000.0,1.93,0,8,2.9,0.03,0
SME-2025-0715,24050000000.0,9,VAY_VON_LUU_DONG,San_Xuat,19,44210000000.0,3.64,0,10,3.5,0.119,0
SME-2025-0716,1690000000.0,12,THAU_CHI,Thuong_Mai_Dich_Vu,13,7940000000.0,0.56,0,15,1.7,0.061,0
SME-2025-0717,1890000000.0,24,VAY_DAU_TU_TSCD,San_Xuat,6,4230000000.0,2.17,4,12,2.6,0.94,1
SME-2025-0718,680000000.0,12,THAU_CHI,Van_Tai_Kho_Bai,11,3720000000.0,1.97,0,10,2.7,0.024,0
SME-2025-0719,2830000000.0,6,VAY_VON_LUU_DONG,San_Xuat,21,18280000000.0,3.06,0,5,2.7,0.009,0
SME-2025-0720,1390000000.0,60,VAY_DAU_TU_TSCD,Thuong_Mai_Dich_Vu,21,5970000000.0,4.36,3,14,2.6,0.813,1
SME-2025-0721,1920000000.0,12,THAU_CHI,Nong_Nghiep,14,9620000000.0,2.49,0,5,7.4,0.017,0
SME-2025-0722,13090000000.0,12,VAY_VON_LUU_DONG,Van_Tai_Kho_Bai,6,38160000000.0,4.45,0,16,4.7,0.219,0
SME-2025-0723,19420000000.0,6,VAY_VON_LUU_DONG,Nong_Nghiep,6,74900000000.0,1.64,0,5,1.6,0.078,0
SME-2025-0724,1030000000.0,48,VAY_DAU_TU_TSCD,San_Xuat,17,6000000000.0,0.53,2,4,3.7,0.139,0
SME-2025-0725,2150000000.0,24,VAY_DAU_TU_TSCD,Xay_Dung,11,5560000000.0,1.08,3,9,1.6,0.816,1
SME-2025-0726,18910000000.0,36,VAY_DAU_TU_TSCD,Xay_Dung,15,57640000000.0,2.02,1,6,3.5,0.358,0
SME-2025-0727,640000000.0,12,VAY_VON_LUU_DONG,San_Xuat,9,2490000000.0,1.7,0,8,2.5,0.025,0
SME-2025-0728,720000000.0,24,VAY_DAU_TU_TSCD,San_Xuat,21,3710000000.0,0.8,0,11,3.6,0.053,0
SME-2025-0729,950000000.0,9,VAY_VON_LUU_DONG,Nong_Nghiep,17,3390000000.0,2.17,0,7,3.0,0.017,0
SME-2025-0730,5130000000.0,9,VAY_VON_LUU_DONG,Thuong_Mai_Dich_Vu,24,31600000000.0,1.79,2,15,1.0,0.502,1
SME-2025-0731,900000000.0,9,VAY_VON_LUU_DONG,Thuong_Mai_Dich_Vu,7,2020000000.0,0.9,2,10,3.6,0.33,0
SME-2025-0732,22060000000.0,60,VAY_DAU_TU_TSCD,Van_Tai_Kho_Bai,7,78150000000.0,1.61,0,15,2.4,0.476,0
SME-2025-0733,2870000000.0,60,VAY_DAU_TU_TSCD,Thuong_Mai_Dich_Vu,21,14730000000.0,4.03,1,4,3.9,0.1,0
SME-2025-0734,3560000000.0,12,VAY_VON_LUU_DONG,Thuong_Mai_Dich_Vu,1,10190000000.0,1.64,0,7,4.4,0.022,0
SME-2025-0735,1310000000.0,12,VAY_VON_LUU_DONG,Thuong_Mai_Dich_Vu,8,6400000000.0,3.33,0,4,1.6,0.021,0
SME-2025-0736,3160000000.0,12,THAU_CHI,San_Xuat,5,8130000000.0,2.91,0,3,3.0,0.015,0
SME-2025-0737,6660000000.0,12,VAY_VON_LUU_DONG,Xay_Dung,19,13740000000.0,2.15,0,17,1.0,0.196,0
SME-2025-0738,9440000000.0,24,VAY_DAU_TU_TSCD,Van_Tai_Kho_Bai,8,22360000000.0,1.38,0,4,4.3,0.061,0
SME-2025-0739,9540000000.0,9,VAY_VON_LUU_DONG,Van_Tai_Kho_Bai,17,58870000000.0,1.91,0,3,3.9,0.012,0
SME-2025-0740,4800000000.0,9,VAY_VON_LUU_DONG,Nong_Nghiep,19,21090000000.0,2.83,1,3,1.0,0.041,0
SME-2025-0741,17200000000.0,12,VAY_VON_LUU_DONG,Xay_Dung,12,95340000000.0,1.84,2,11,1.1,0.625,1
SME-2025-0742,12240000000.0,9,VAY_VON_LUU_DONG,Nong_Nghiep,23,41170000000.0,1.28,3,12,2.0,0.798,1
SME-2025-0743,9660000000.0,60,VAY_DAU_TU_TSCD,San_Xuat,15,44300000000.0,0.88,1,8,3.0,0.182,0
SME-2025-0744,620000000.0,6,VAY_VON_LUU_DONG,San_Xuat,4,2560000000.0,4.01,0,11,3.4,0.045,0
SME-2025-0745,510000000.0,12,VAY_VON_LUU_DONG,Xay_Dung,23,3180000000.0,2.21,0,17,3.4,0.068,0
SME-2025-0746,1150000000.0,6,THAU_CHI,Xay_Dung,12,6110000000.0,2.96,4,16,1.3,0.968,1
SME-2025-0747,6700000000.0,9,VAY_VON_LUU_DONG,San_Xuat,13,35060000000.0,2.41,0,4,3.0,0.022,0
SME-2025-0748,2500000000.0,9,VAY_VON_LUU_DONG,Xay_Dung,14,5040000000.0,3.98,1,9,1.0,0.125,0
SME-2025-0749,2410000000.0,12,THAU_CHI,San_Xuat,5,10560000000.0,2.64,1,14,3.3,0.235,0
SME-2025-0750,15920000000.0,48,VAY_DAU_TU_TSCD,Xay_Dung,22,63600000000.0,2.37,1,17,3.9,0.6,1
SME-2025-0751,16620000000.0,9,VAY_VON_LUU_DONG,Thuong_Mai_Dich_Vu,16,102390000000.0,4.19,0,3,1.9,0.015,0
SME-2025-0752,17520000000.0,6,THAU_CHI,Thuong_Mai_Dich_Vu,7,52730000000.0,3.35,0,12,9.5,0.321,0
SME-2025-0753,1710000000.0,36,VAY_DAU_TU_TSCD,San_Xuat,15,5250000000.0,0.86,1,12,1.5,0.092,0
SME-2025-0754,7470000000.0,9,VAY_VON_LUU_DONG,Xay_Dung,13,27890000000.0,1.13,2,8,4.8,0.605,1
SME-2025-0755,1450000000.0,12,VAY_VON_LUU_DONG,Thuong_Mai_Dich_Vu,16,4270000000.0,3.63,1,4,1.5,0.037,0
SME-2025-0756,1050000000.0,36,VAY_DAU_TU_TSCD,Thuong_Mai_Dich_Vu,12,2530000000.0,3.83,0,10,1.8,0.052,0
SME-2025-0757,1030000000.0,60,VAY_DAU_TU_TSCD,Xay_Dung,7,6000000000.0,2.64,0,8,3.4,0.087,0
SME-2025-0758,1910000000.0,12,VAY_VON_LUU_DONG,Thuong_Mai_Dich_Vu,16,8450000000.0,2.67,1,16,12.0,0.506,1
SME-2025-0759,2690000000.0,12,THAU_CHI,Van_Tai_Kho_Bai,23,15730000000.0,2.99,1,10,5.5,0.107,0
SME-2025-0760,12900000000.0,24,VAY_DAU_TU_TSCD,San_Xuat,23,73610000000.0,2.2,0,3,1.3,0.026,0
SME-2025-0761,800000000.0,6,VAY_VON_LUU_DONG,Xay_Dung,13,2500000000.0,3.19,0,7,4.4,0.022,0
SME-2025-0762,8860000000.0,12,VAY_VON_LUU_DONG,Xay_Dung,23,38760000000.0,0.84,2,6,5.0,0.484,0
SME-2025-0763,4000000000.0,12,VAY_VON_LUU_DONG,Thuong_Mai_Dich_Vu,3,8760000000.0,4.34,0,15,3.3,0.09,0
SME-2025-0764,1540000000.0,36,VAY_DAU_TU_TSCD,San_Xuat,15,9400000000.0,3.48,1,3,5.1,0.065,0
SME-2025-0765,3440000000.0,9,VAY_VON_LUU_DONG,San_Xuat,3,12730000000.0,2.99,0,5,6.2,0.062,0
SME-2025-0766,1620000000.0,24,VAY_DAU_TU_TSCD,San_Xuat,7,5910000000.0,1.7,0,5,1.7,0.053,0
SME-2025-0767,5150000000.0,60,VAY_DAU_TU_TSCD,Van_Tai_Kho_Bai,18,16600000000.0,1.06,2,9,3.5,0.431,0
SME-2025-0768,2730000000.0,12,THAU_CHI,Thuong_Mai_Dich_Vu,14,10820000000.0,2.08,0,14,2.1,0.038,0
SME-2025-0769,950000000.0,9,VAY_VON_LUU_DONG,Thuong_Mai_Dich_Vu,18,2830000000.0,3.11,0,8,1.9,0.024,0
SME-2025-0770,790000000.0,24,VAY_DAU_TU_TSCD,Nong_Nghiep,19,2810000000.0,3.0,0,14,1.4,0.057,0
SME-2025-0771,4240000000.0,12,VAY_VON_LUU_DONG,San_Xuat,14,23570000000.0,1.97,1,6,9.2,0.109,0
SME-2025-0772,17070000000.0,36,VAY_DAU_TU_TSCD,Nong_Nghiep,20,97660000000.0,2.91,0,10,3.6,0.104,0
SME-2025-0773,1920000000.0,12,VAY_VON_LUU_DONG,Thuong_Mai_Dich_Vu,6,6200000000.0,3.74,0,2,5.4,0.011,0
SME-2025-0774,8800000000.0,9,VAY_VON_LUU_DONG,Xay_Dung,8,35240000000.0,0.51,2,5,3.6,0.455,0
SME-2025-0775,6580000000.0,24,VAY_DAU_TU_TSCD,Nong_Nghiep,7,38870000000.0,2.25,0,6,4.5,0.039,0
SME-2025-0776,19130000000.0,12,VAY_VON_LUU_DONG,Nong_Nghiep,20,39170000000.0,3.51,0,9,1.5,0.028,0
SME-2025-0777,12410000000.0,12,VAY_VON_LUU_DONG,Nong_Nghiep,18,74200000000.0,2.64,0,4,1.1,0.01,0
SME-2025-0778,4590000000.0,36,VAY_DAU_TU_TSCD,San_Xuat,18,12990000000.0,3.07,4,15,1.0,0.941,1
SME-2025-0779,6530000000.0,48,VAY_DAU_TU_TSCD,Van_Tai_Kho_Bai,15,32580000000.0,2.52,0,13,3.8,0.121,0
SME-2025-0780,16800000000.0,24,VAY_DAU_TU_TSCD,Van_Tai_Kho_Bai,20,76240000000.0,4.47,0,6,1.0,0.059,0
SME-2025-0781,2390000000.0,60,VAY_DAU_TU_TSCD,Xay_Dung,22,10510000000.0,0.62,0,4,1.1,0.029,0
SME-2025-0782,1800000000.0,12,VAY_VON_LUU_DONG,San_Xuat,19,10510000000.0,2.41,2,14,3.8,0.349,0
SME-2025-0783,520000000.0,12,VAY_VON_LUU_DONG,San_Xuat,22,1180000000.0,0.77,1,8,4.6,0.07,0
SME-2025-0784,12680000000.0,9,VAY_VON_LUU_DONG,Van_Tai_Kho_Bai,21,43510000000.0,1.06,0,11,10.6,0.109,0
SME-2025-0785,11480000000.0,12,VAY_VON_LUU_DONG,Thuong_Mai_Dich_Vu,21,49710000000.0,1.97,0,4,1.0,0.014,0
SME-2025-0786,750000000.0,12,THAU_CHI,Xay_Dung,2,4210000000.0,1.04,2,8,1.6,0.56,1
SME-2025-0787,4780000000.0,36,VAY_DAU_TU_TSCD,San_Xuat,8,13470000000.0,4.35,0,15,2.0,0.139,0
SME-2025-0788,3070000000.0,12,VAY_VON_LUU_DONG,San_Xuat,21,17110000000.0,4.28,2,3,3.5,0.169,0
SME-2025-0789,800000000.0,6,VAY_VON_LUU_DONG,Thuong_Mai_Dich_Vu,11,2940000000.0,1.78,0,8,1.0,0.045,0
SME-2025-0790,23170000000.0,12,THAU_CHI,Xay_Dung,18,62280000000.0,3.02,1,10,7.4,0.394,0
SME-2025-0791,1160000000.0,12,VAY_VON_LUU_DONG,Van_Tai_Kho_Bai,23,6230000000.0,2.59,0,13,2.4,0.03,0
SME-2025-0792,650000000.0,36,VAY_DAU_TU_TSCD,Thuong_Mai_Dich_Vu,13,1450000000.0,3.74,1,6,1.9,0.097,0
SME-2025-0793,5120000000.0,6,VAY_VON_LUU_DONG,Thuong_Mai_Dich_Vu,9,21600000000.0,2.97,0,13,1.1,0.07,0
SME-2025-0794,9000000000.0,24,VAY_DAU_TU_TSCD,San_Xuat,9,18900000000.0,0.4,0,7,1.0,0.063,0
SME-2025-0795,570000000.0,9,VAY_VON_LUU_DONG,San_Xuat,17,1980000000.0,3.53,0,14,3.4,0.049,0
SME-2025-0796,6580000000.0,12,THAU_CHI,Xay_Dung,7,30430000000.0,3.46,0,11,4.4,0.128,0
SME-2025-0797,4010000000.0,6,THAU_CHI,Xay_Dung,9,17700000000.0,2.49,0,12,2.2,0.07,0
SME-2025-0798,750000000.0,60,VAY_DAU_TU_TSCD,San_Xuat,22,2780000000.0,4.1,0,4,1.1,0.015,0
SME-2025-0799,980000000.0,48,VAY_DAU_TU_TSCD,Van_Tai_Kho_Bai,1,3740000000.0,4.12,2,14,1.3,0.655,1
SME-2025-0800,4610000000.0,6,THAU_CHI,Xay_Dung,2,13210000000.0,2.55,0,11,4.0,0.188,0
SME-2025-0801,1590000000.0,36,VAY_DAU_TU_TSCD,San_Xuat,4,6270000000.0,2.89,1,6,7.3,0.294,0
SME-2025-0802,19640000000.0,6,VAY_VON_LUU_DONG,San_Xuat,14,123350000000.0,4.49,0,14,10.4,0.235,0
SME-2025-0803,12300000000.0,48,VAY_DAU_TU_TSCD,San_Xuat,4,71300000000.0,1.63,0,17,2.7,0.421,0
SME-2025-0804,23440000000.0,60,VAY_DAU_TU_TSCD,Van_Tai_Kho_Bai,2,58190000000.0,1.73,0,16,2.7,0.512,1
SME-2025-0805,1380000000.0,12,VAY_VON_LUU_DONG,San_Xuat,8,2680000000.0,1.15,3,6,5.1,0.62,1
SME-2025-0806,22210000000.0,48,VAY_DAU_TU_TSCD,Xay_Dung,18,137430000000.0,4.07,1,4,3.2,0.319,0
SME-2025-0807,2700000000.0,12,THAU_CHI,Thuong_Mai_Dich_Vu,19,11540000000.0,3.45,0,9,1.1,0.017,0
SME-2025-0808,1950000000.0,12,THAU_CHI,San_Xuat,14,8440000000.0,0.83,1,7,2.8,0.119,0
SME-2025-0809,610000000.0,9,VAY_VON_LUU_DONG,San_Xuat,20,3340000000.0,4.43,0,14,3.7,0.053,0
SME-2025-0810,610000000.0,12,VAY_VON_LUU_DONG,San_Xuat,10,2000000000.0,3.4,0,4,3.4,0.021,0
SME-2025-0811,7490000000.0,6,THAU_CHI,Xay_Dung,17,30450000000.0,3.89,0,2,2.6,0.015,0
SME-2025-0812,3000000000.0,60,VAY_DAU_TU_TSCD,San_Xuat,8,19060000000.0,0.6,0,11,5.0,0.102,0
SME-2025-0813,1210000000.0,6,VAY_VON_LUU_DONG,San_Xuat,14,6000000000.0,2.47,0,2,3.5,0.014,0
SME-2025-0814,5520000000.0,6,THAU_CHI,Nong_Nghiep,21,13920000000.0,3.26,1,14,1.0,0.178,0
SME-2025-0815,1340000000.0,12,THAU_CHI,San_Xuat,23,3250000000.0,2.63,0,12,2.6,0.037,0
SME-2025-0816,4790000000.0,6,VAY_VON_LUU_DONG,Thuong_Mai_Dich_Vu,8,13220000000.0,3.13,1,11,3.3,0.163,0
SME-2025-0817,2040000000.0,36,VAY_DAU_TU_TSCD,Thuong_Mai_Dich_Vu,5,11020000000.0,3.75,0,13,1.0,0.094,0
SME-2025-0818,12540000000.0,12,VAY_VON_LUU_DONG,Thuong_Mai_Dich_Vu,16,39980000000.0,1.93,0,3,3.3,0.016,0
SME-2025-0819,12400000000.0,9,VAY_VON_LUU_DONG,Xay_Dung,8,23570000000.0,3.88,1,11,5.8,0.458,0
SME-2025-0820,3240000000.0,12,VAY_VON_LUU_DONG,San_Xuat,10,20210000000.0,1.07,1,17,1.0,0.263,0
SME-2025-0821,1970000000.0,24,VAY_DAU_TU_TSCD,Thuong_Mai_Dich_Vu,8,5120000000.0,1.51,2,6,2.1,0.299,0
SME-2025-0822,2070000000.0,6,VAY_VON_LUU_DONG,Thuong_Mai_Dich_Vu,9,3820000000.0,0.58,0,8,3.4,0.018,0
SME-2025-0823,11690000000.0,6,VAY_VON_LUU_DONG,Thuong_Mai_Dich_Vu,18,34070000000.0,1.89,1,2,4.6,0.067,0
SME-2025-0824,1810000000.0,6,VAY_VON_LUU_DONG,San_Xuat,3,5260000000.0,1.96,1,2,3.0,0.054,0
SME-2025-0825,1130000000.0,12,VAY_VON_LUU_DONG,Van_Tai_Kho_Bai,17,4280000000.0,3.7,0,17,1.4,0.043,0
SME-2025-0826,700000000.0,6,THAU_CHI,San_Xuat,20,4290000000.0,3.08,0,5,6.8,0.021,0
SME-2025-0827,3100000000.0,12,VAY_VON_LUU_DONG,Xay_Dung,15,18390000000.0,2.19,0,14,7.6,0.204,0
SME-2025-0828,3300000000.0,12,VAY_VON_LUU_DONG,Xay_Dung,21,13030000000.0,3.07,0,11,2.2,0.052,0
SME-2025-0829,13420000000.0,36,VAY_DAU_TU_TSCD,San_Xuat,17,50070000000.0,0.62,0,16,2.1,0.218,0
SME-2025-0830,1190000000.0,6,VAY_VON_LUU_DONG,Xay_Dung,8,5250000000.0,1.14,4,7,3.3,0.89,1
SME-2025-0831,2220000000.0,6,VAY_VON_LUU_DONG,Thuong_Mai_Dich_Vu,2,6540000000.0,2.97,0,10,2.2,0.048,0
SME-2025-0832,11810000000.0,9,VAY_VON_LUU_DONG,Nong_Nghiep,17,24150000000.0,3.03,1,2,3.3,0.062,0
SME-2025-0833,12540000000.0,12,VAY_VON_LUU_DONG,Nong_Nghiep,18,77930000000.0,3.57,1,12,4.6,0.282,0
SME-2025-0834,2250000000.0,6,VAY_VON_LUU_DONG,Xay_Dung,5,6020000000.0,2.05,0,11,3.7,0.044,0
SME-2025-0835,3010000000.0,12,VAY_VON_LUU_DONG,Thuong_Mai_Dich_Vu,9,8220000000.0,3.36,0,6,2.9,0.017,0
SME-2025-0836,1640000000.0,9,VAY_VON_LUU_DONG,San_Xuat,9,6590000000.0,3.2,0,10,1.7,0.05,0
SME-2025-0837,19200000000.0,12,THAU_CHI,Xay_Dung,2,78920000000.0,4.35,1,9,7.7,0.531,1
SME-2025-0838,800000000.0,12,VAY_VON_LUU_DONG,San_Xuat,2,1510000000.0,1.28,4,8,4.4,0.905,1
SME-2025-0839,19290000000.0,24,VAY_DAU_TU_TSCD,Xay_Dung,19,48140000000.0,2.66,0,17,5.0,0.416,0
SME-2025-0840,7260000000.0,60,VAY_DAU_TU_TSCD,Xay_Dung,23,25970000000.0,2.87,2,17,7.9,0.798,1
SME-2025-0841,4000000000.0,12,VAY_VON_LUU_DONG,Xay_Dung,3,20050000000.0,4.49,0,17,2.9,0.343,0
SME-2025-0842,570000000.0,48,VAY_DAU_TU_TSCD,Thuong_Mai_Dich_Vu,17,1640000000.0,1.22,1,14,6.7,0.32,0
SME-2025-0843,3210000000.0,6,VAY_VON_LUU_DONG,Van_Tai_Kho_Bai,14,12160000000.0,2.55,0,11,7.1,0.052,0
SME-2025-0844,2460000000.0,6,THAU_CHI,Xay_Dung,14,10870000000.0,1.82,0,17,2.9,0.181,0
SME-2025-0845,940000000.0,12,VAY_VON_LUU_DONG,Van_Tai_Kho_Bai,14,5620000000.0,2.56,0,3,9.0,0.02,0
SME-2025-0846,6520000000.0,12,VAY_VON_LUU_DONG,Thuong_Mai_Dich_Vu,6,21730000000.0,1.35,0,10,3.8,0.068,0
SME-2025-0847,22330000000.0,9,VAY_VON_LUU_DONG,Thuong_Mai_Dich_Vu,3,54210000000.0,0.6,0,13,5.2,0.396,0
SME-2025-0848,4510000000.0,6,THAU_CHI,Thuong_Mai_Dich_Vu,1,18490000000.0,2.75,1,14,3.5,0.312,0
SME-2025-0849,8190000000.0,12,VAY_VON_LUU_DONG,San_Xuat,16,43490000000.0,1.78,0,17,4.5,0.209,0
SME-2025-0850,650000000.0,60,VAY_DAU_TU_TSCD,Nong_Nghiep,4,1510000000.0,1.15,0,9,1.6,0.043,0
SME-2025-0851,2560000000.0,6,VAY_VON_LUU_DONG,Thuong_Mai_Dich_Vu,1,9720000000.0,1.73,0,14,5.9,0.147,0
SME-2025-0852,790000000.0,60,VAY_DAU_TU_TSCD,Van_Tai_Kho_Bai,17,1490000000.0,0.6,1,12,2.2,0.185,0
SME-2025-0853,5500000000.0,9,VAY_VON_LUU_DONG,Thuong_Mai_Dich_Vu,18,10770000000.0,4.3,1,16,11.1,0.473,0
SME-2025-0854,19650000000.0,6,THAU_CHI,Nong_Nghiep,8,79970000000.0,2.78,1,11,1.8,0.267,0
SME-2025-0855,6660000000.0,12,VAY_VON_LUU_DONG,Thuong_Mai_Dich_Vu,2,21320000000.0,3.74,0,11,3.2,0.098,0
SME-2025-0856,680000000.0,12,VAY_VON_LUU_DONG,Xay_Dung,18,3920000000.0,2.13,0,10,2.7,0.06,0
SME-2025-0857,2000000000.0,6,VAY_VON_LUU_DONG,San_Xuat,16,9260000000.0,4.1,1,10,1.3,0.116,0
SME-2025-0858,4310000000.0,9,VAY_VON_LUU_DONG,Xay_Dung,10,16950000000.0,2.38,0,10,7.2,0.135,0
SME-2025-0859,2420000000.0,24,VAY_DAU_TU_TSCD,Xay_Dung,8,9000000000.0,2.75,0,4,2.1,0.03,0
SME-2025-0860,13040000000.0,12,VAY_VON_LUU_DONG,San_Xuat,12,53950000000.0,2.42,0,8,3.6,0.07,0
SME-2025-0861,12110000000.0,36,VAY_DAU_TU_TSCD,Nong_Nghiep,22,24100000000.0,3.41,1,17,1.9,0.445,0
SME-2025-0862,5480000000.0,12,VAY_VON_LUU_DONG,Thuong_Mai_Dich_Vu,16,32860000000.0,2.72,1,13,6.0,0.332,0
SME-2025-0863,2160000000.0,12,VAY_VON_LUU_DONG,Van_Tai_Kho_Bai,12,14020000000.0,1.51,1,2,2.9,0.042,0
SME-2025-0864,1360000000.0,6,VAY_VON_LUU_DONG,Nong_Nghiep,11,3610000000.0,1.0,0,10,3.9,0.051,0
SME-2025-0865,760000000.0,12,VAY_VON_LUU_DONG,Thuong_Mai_Dich_Vu,20,1800000000.0,2.89,0,15,3.2,0.048,0
SME-2025-0866,2000000000.0,36,VAY_DAU_TU_TSCD,Van_Tai_Kho_Bai,19,4950000000.0,2.41,2,16,4.1,0.704,1
SME-2025-0867,2520000000.0,12,VAY_VON_LUU_DONG,Thuong_Mai_Dich_Vu,1,12370000000.0,0.79,0,10,7.0,0.061,0
SME-2025-0868,7030000000.0,12,VAY_VON_LUU_DONG,Nong_Nghiep,3,34510000000.0,2.02,0,4,3.2,0.026,0
SME-2025-0869,6560000000.0,6,THAU_CHI,Xay_Dung,12,37950000000.0,2.51,0,6,4.6,0.039,0
SME-2025-0870,660000000.0,12,THAU_CHI,Xay_Dung,9,3520000000.0,3.79,0,13,3.0,0.261,0
SME-2025-0871,2350000000.0,6,VAY_VON_LUU_DONG,Xay_Dung,21,9200000000.0,0.71,0,14,1.7,0.082,0
SME-2025-0872,1020000000.0,12,VAY_VON_LUU_DONG,Thuong_Mai_Dich_Vu,22,4770000000.0,1.83,0,9,3.9,0.016,0
SME-2025-0873,920000000.0,24,VAY_DAU_TU_TSCD,Thuong_Mai_Dich_Vu,5,4630000000.0,3.77,0,7,1.8,0.022,0
SME-2025-0874,12720000000.0,6,VAY_VON_LUU_DONG,Xay_Dung,1,53550000000.0,3.06,0,11,2.8,0.101,0
SME-2025-0875,590000000.0,6,VAY_VON_LUU_DONG,Xay_Dung,10,2380000000.0,1.59,2,11,1.0,0.36,0
SME-2025-0876,2580000000.0,6,VAY_VON_LUU_DONG,Van_Tai_Kho_Bai,17,12470000000.0,3.87,0,10,3.7,0.026,0
SME-2025-0877,970000000.0,60,VAY_DAU_TU_TSCD,Thuong_Mai_Dich_Vu,4,4290000000.0,2.42,0,15,3.1,0.103,0
SME-2025-0878,15590000000.0,60,VAY_DAU_TU_TSCD,Xay_Dung,15,75250000000.0,2.44,1,14,3.6,0.538,1
SME-2025-0879,4420000000.0,12,VAY_VON_LUU_DONG,Thuong_Mai_Dich_Vu,19,20690000000.0,4.4,3,4,3.6,0.52,1
SME-2025-0880,1240000000.0,12,VAY_VON_LUU_DONG,Thuong_Mai_Dich_Vu,8,6420000000.0,4.28,0,13,4.3,0.072,0
SME-2025-0881,3570000000.0,9,VAY_VON_LUU_DONG,Van_Tai_Kho_Bai,23,17210000000.0,1.87,1,8,4.7,0.109,0
SME-2025-0882,8740000000.0,60,VAY_DAU_TU_TSCD,Xay_Dung,15,37080000000.0,0.98,0,14,10.7,0.276,0
SME-2025-0883,21220000000.0,6,VAY_VON_LUU_DONG,San_Xuat,7,106190000000.0,1.74,0,7,7.8,0.127,0
SME-2025-0884,1180000000.0,6,VAY_VON_LUU_DONG,Xay_Dung,15,4620000000.0,0.52,0,17,4.7,0.123,0
SME-2025-0885,16020000000.0,36,VAY_DAU_TU_TSCD,Xay_Dung,8,47030000000.0,0.49,0,15,2.8,0.376,0
SME-2025-0886,19330000000.0,6,VAY_VON_LUU_DONG,Nong_Nghiep,23,34920000000.0,2.02,1,16,2.8,0.397,0
SME-2025-0887,18030000000.0,36,VAY_DAU_TU_TSCD,Xay_Dung,10,79910000000.0,4.26,0,6,1.0,0.16,0
SME-2025-0888,6010000000.0,12,VAY_VON_LUU_DONG,Van_Tai_Kho_Bai,18,27500000000.0,3.97,0,17,1.8,0.076,0
SME-2025-0889,5880000000.0,9,VAY_VON_LUU_DONG,Xay_Dung,4,37450000000.0,2.5,1,5,3.0,0.114,0
SME-2025-0890,2420000000.0,6,VAY_VON_LUU_DONG,Van_Tai_Kho_Bai,15,8470000000.0,2.72,0,6,3.9,0.023,0
SME-2025-0891,9490000000.0,36,VAY_DAU_TU_TSCD,San_Xuat,11,34660000000.0,0.42,1,14,12.0,0.647,1
SME-2025-0892,4000000000.0,6,THAU_CHI,Nong_Nghiep,22,10990000000.0,1.28,1,5,4.3,0.067,0
SME-2025-0893,7080000000.0,24,VAY_DAU_TU_TSCD,Van_Tai_Kho_Bai,3,15090000000.0,0.5,0,4,4.8,0.048,0
SME-2025-0894,2670000000.0,12,VAY_VON_LUU_DONG,Van_Tai_Kho_Bai,15,14500000000.0,3.49,3,8,1.6,0.548,1
SME-2025-0895,8750000000.0,48,VAY_DAU_TU_TSCD,San_Xuat,3,26020000000.0,1.0,0,7,2.4,0.052,0
SME-2025-0896,12580000000.0,9,VAY_VON_LUU_DONG,San_Xuat,15,58650000000.0,3.96,0,5,3.0,0.026,0
SME-2025-0897,890000000.0,12,VAY_VON_LUU_DONG,Thuong_Mai_Dich_Vu,6,4480000000.0,3.04,0,10,1.3,0.022,0
SME-2025-0898,13000000000.0,6,THAU_CHI,San_Xuat,1,52190000000.0,1.34,0,2,4.2,0.054,0
SME-2025-0899,4140000000.0,12,VAY_VON_LUU_DONG,San_Xuat,14,24500000000.0,1.05,0,2,2.1,0.016,0
SME-2025-0900,13620000000.0,12,VAY_VON_LUU_DONG,San_Xuat,16,52930000000.0,2.97,0,10,1.5,0.072,0
SME-2025-0901,2700000000.0,9,VAY_VON_LUU_DONG,Thuong_Mai_Dich_Vu,1,8480000000.0,4.09,0,17,5.4,0.181,0
SME-2025-0902,2200000000.0,12,VAY_VON_LUU_DONG,Thuong_Mai_Dich_Vu,21,13220000000.0,3.35,0,8,3.0,0.016,0
SME-2025-0903,17930000000.0,9,VAY_VON_LUU_DONG,San_Xuat,17,104880000000.0,1.83,1,3,4.0,0.124,0
SME-2025-0904,1340000000.0,36,VAY_DAU_TU_TSCD,San_Xuat,8,3450000000.0,2.81,1,12,1.5,0.166,0
SME-2025-0905,13590000000.0,6,VAY_VON_LUU_DONG,Xay_Dung,18,26120000000.0,1.67,1,11,5.1,0.456,0
SME-2025-0906,3320000000.0,6,THAU_CHI,Thuong_Mai_Dich_Vu,16,7380000000.0,4.5,1,6,4.4,0.036,0
SME-2025-0907,3740000000.0,24,VAY_DAU_TU_TSCD,San_Xuat,6,11770000000.0,3.47,0,14,3.5,0.119,0
SME-2025-0908,1670000000.0,6,VAY_VON_LUU_DONG,Xay_Dung,10,10640000000.0,2.92,0,5,5.0,0.025,0
SME-2025-0909,4700000000.0,9,VAY_VON_LUU_DONG,Van_Tai_Kho_Bai,10,20800000000.0,2.14,0,2,2.4,0.02,0
SME-2025-0910,1780000000.0,12,VAY_VON_LUU_DONG,Van_Tai_Kho_Bai,5,6330000000.0,2.93,1,17,2.7,0.459,0
SME-2025-0911,580000000.0,24,VAY_DAU_TU_TSCD,Van_Tai_Kho_Bai,12,3470000000.0,1.8,0,17,2.6,0.154,0
SME-2025-0912,1450000000.0,6,VAY_VON_LUU_DONG,Nong_Nghiep,20,5700000000.0,0.52,0,13,1.1,0.065,0
SME-2025-0913,510000000.0,24,VAY_DAU_TU_TSCD,Xay_Dung,17,1670000000.0,2.02,3,14,2.9,0.876,1
SME-2025-0914,22970000000.0,12,VAY_VON_LUU_DONG,Thuong_Mai_Dich_Vu,14,142960000000.0,4.21,1,10,3.3,0.388,0
SME-2025-0915,21860000000.0,24,VAY_DAU_TU_TSCD,Xay_Dung,14,126630000000.0,2.97,0,16,2.3,0.267,0
SME-2025-0916,2350000000.0,12,VAY_VON_LUU_DONG,Thuong_Mai_Dich_Vu,3,13550000000.0,0.74,0,7,3.0,0.031,0
SME-2025-0917,8640000000.0,9,VAY_VON_LUU_DONG,Xay_Dung,12,36350000000.0,4.03,2,12,3.2,0.666,1
SME-2025-0918,1930000000.0,12,THAU_CHI,Thuong_Mai_Dich_Vu,20,10630000000.0,1.5,0,14,4.8,0.046,0
SME-2025-0919,6900000000.0,36,VAY_DAU_TU_TSCD,Thuong_Mai_Dich_Vu,18,18240000000.0,1.4,0,15,5.0,0.154,0
SME-2025-0920,11680000000.0,12,VAY_VON_LUU_DONG,San_Xuat,12,52490000000.0,1.62,0,13,7.3,0.087,0
SME-2025-0921,20300000000.0,6,THAU_CHI,Thuong_Mai_Dich_Vu,2,130410000000.0,2.77,0,7,2.4,0.107,0
SME-2025-0922,2390000000.0,6,VAY_VON_LUU_DONG,San_Xuat,2,7570000000.0,2.63,1,5,6.2,0.116,0
SME-2025-0923,10710000000.0,6,THAU_CHI,San_Xuat,17,59260000000.0,2.41,0,14,5.6,0.096,0
SME-2025-0924,1420000000.0,24,VAY_DAU_TU_TSCD,San_Xuat,10,5830000000.0,3.34,0,3,1.4,0.02,0
SME-2025-0925,24070000000.0,6,VAY_VON_LUU_DONG,Xay_Dung,18,47830000000.0,1.7,0,9,5.8,0.266,0
SME-2025-0926,550000000.0,12,VAY_VON_LUU_DONG,San_Xuat,22,2960000000.0,3.61,0,16,1.4,0.066,0
SME-2025-0927,5300000000.0,9,VAY_VON_LUU_DONG,Van_Tai_Kho_Bai,19,13740000000.0,1.12,0,16,3.5,0.07,0
SME-2025-0928,6600000000.0,6,VAY_VON_LUU_DONG,Xay_Dung,21,31470000000.0,3.61,1,9,6.4,0.261,0
SME-2025-0929,7380000000.0,36,VAY_DAU_TU_TSCD,Xay_Dung,1,16260000000.0,3.12,0,4,1.0,0.049,0
SME-2025-0930,800000000.0,12,VAY_VON_LUU_DONG,Xay_Dung,24,5000000000.0,3.2,0,8,4.5,0.044,0
SME-2025-0931,19660000000.0,12,VAY_VON_LUU_DONG,Thuong_Mai_Dich_Vu,4,62340000000.0,2.37,1,15,1.5,0.547,1
SME-2025-0932,1020000000.0,24,VAY_DAU_TU_TSCD,Thuong_Mai_Dich_Vu,4,2920000000.0,3.13,0,8,7.4,0.05,0
SME-2025-0933,5710000000.0,6,THAU_CHI,Thuong_Mai_Dich_Vu,2,13740000000.0,0.73,0,15,5.5,0.168,0
SME-2025-0934,1190000000.0,9,VAY_VON_LUU_DONG,Thuong_Mai_Dich_Vu,19,7430000000.0,3.89,1,6,1.2,0.033,0
SME-2025-0935,1660000000.0,6,VAY_VON_LUU_DONG,Van_Tai_Kho_Bai,21,8540000000.0,0.63,0,16,2.5,0.048,0
SME-2025-0936,4240000000.0,6,VAY_VON_LUU_DONG,Nong_Nghiep,12,22410000000.0,1.01,0,6,6.7,0.032,0
SME-2025-0937,2560000000.0,9,VAY_VON_LUU_DONG,Thuong_Mai_Dich_Vu,10,10620000000.0,2.76,0,16,4.0,0.125,0
SME-2025-0938,940000000.0,6,THAU_CHI,San_Xuat,13,3790000000.0,3.43,3,9,4.9,0.749,1
SME-2025-0939,980000000.0,6,VAY_VON_LUU_DONG,Thuong_Mai_Dich_Vu,22,2270000000.0,0.71,0,5,2.7,0.009,0
SME-2025-0940,2570000000.0,36,VAY_DAU_TU_TSCD,Thuong_Mai_Dich_Vu,23,11390000000.0,4.18,0,2,5.6,0.021,0
SME-2025-0941,9670000000.0,6,VAY_VON_LUU_DONG,Thuong_Mai_Dich_Vu,20,28630000000.0,4.39,0,2,8.3,0.013,0
SME-2025-0942,16770000000.0,24,VAY_DAU_TU_TSCD,Nong_Nghiep,23,107200000000.0,2.88,0,10,1.7,0.052,0
SME-2025-0943,690000000.0,36,VAY_DAU_TU_TSCD,Thuong_Mai_Dich_Vu,15,3830000000.0,2.37,0,5,2.6,0.038,0
SME-2025-0944,2330000000.0,48,VAY_DAU_TU_TSCD,Nong_Nghiep,3,8720000000.0,3.44,0,2,4.0,0.017,0
SME-2025-0945,740000000.0,9,VAY_VON_LUU_DONG,San_Xuat,23,1860000000.0,1.75,0,17,3.0,0.1,0
SME-2025-0946,530000000.0,6,VAY_VON_LUU_DONG,San_Xuat,20,2910000000.0,2.42,0,14,4.0,0.052,0
SME-2025-0947,6660000000.0,9,VAY_VON_LUU_DONG,San_Xuat,13,15810000000.0,4.16,0,3,4.5,0.019,0
SME-2025-0948,5280000000.0,12,THAU_CHI,Van_Tai_Kho_Bai,8,14200000000.0,4.32,0,11,3.0,0.083,0
SME-2025-0949,950000000.0,6,THAU_CHI,Nong_Nghiep,7,2650000000.0,4.2,0,8,2.3,0.038,0
SME-2025-0950,1250000000.0,24,VAY_DAU_TU_TSCD,Thuong_Mai_Dich_Vu,24,5520000000.0,1.48,0,3,3.5,0.018,0
SME-2025-0951,550000000.0,36,VAY_DAU_TU_TSCD,Thuong_Mai_Dich_Vu,8,3020000000.0,1.35,1,2,1.4,0.046,0
SME-2025-0952,13110000000.0,24,VAY_DAU_TU_TSCD,Thuong_Mai_Dich_Vu,18,42970000000.0,1.62,2,11,2.1,0.584,1
SME-2025-0953,22640000000.0,12,VAY_VON_LUU_DONG,Van_Tai_Kho_Bai,9,49760000000.0,2.21,0,15,2.7,0.231,0
SME-2025-0954,850000000.0,6,THAU_CHI,Nong_Nghiep,6,3390000000.0,1.69,0,10,3.4,0.032,0
SME-2025-0955,1240000000.0,9,VAY_VON_LUU_DONG,Thuong_Mai_Dich_Vu,4,6590000000.0,1.93,0,15,7.0,0.164,0
SME-2025-0956,14940000000.0,12,VAY_VON_LUU_DONG,Thuong_Mai_Dich_Vu,15,42460000000.0,2.94,0,6,1.0,0.029,0
SME-2025-0957,18750000000.0,12,VAY_VON_LUU_DONG,San_Xuat,5,53130000000.0,3.53,0,15,3.4,0.147,0
SME-2025-0958,2580000000.0,6,VAY_VON_LUU_DONG,Thuong_Mai_Dich_Vu,5,16130000000.0,3.42,0,14,4.9,0.159,0
SME-2025-0959,610000000.0,9,VAY_VON_LUU_DONG,Xay_Dung,7,3830000000.0,3.74,1,5,2.9,0.111,0
SME-2025-0960,580000000.0,60,VAY_DAU_TU_TSCD,San_Xuat,9,3740000000.0,0.53,0,5,2.4,0.018,0
SME-2025-0961,4720000000.0,6,VAY_VON_LUU_DONG,Nong_Nghiep,7,26410000000.0,0.6,0,16,3.2,0.145,0
SME-2025-0962,2330000000.0,24,VAY_DAU_TU_TSCD,Thuong_Mai_Dich_Vu,9,6250000000.0,3.64,1,15,2.4,0.298,0
SME-2025-0963,560000000.0,9,VAY_VON_LUU_DONG,Van_Tai_Kho_Bai,20,1570000000.0,2.59,1,12,1.7,0.113,0
SME-2025-0964,4900000000.0,9,VAY_VON_LUU_DONG,San_Xuat,10,16660000000.0,2.77,0,14,2.0,0.121,0
SME-2025-0965,520000000.0,6,VAY_VON_LUU_DONG,Xay_Dung,4,1710000000.0,0.62,0,17,2.0,0.195,0
SME-2025-0966,10880000000.0,12,VAY_VON_LUU_DONG,Xay_Dung,6,68500000000.0,1.45,0,2,10.6,0.072,0
SME-2025-0967,1660000000.0,24,VAY_DAU_TU_TSCD,San_Xuat,24,9140000000.0,3.02,0,4,3.8,0.01,0
SME-2025-0968,590000000.0,12,VAY_VON_LUU_DONG,Xay_Dung,14,3070000000.0,3.92,0,14,3.1,0.072,0
SME-2025-0969,5000000000.0,24,VAY_DAU_TU_TSCD,San_Xuat,9,13370000000.0,4.16,0,2,1.8,0.023,0
SME-2025-0970,2370000000.0,9,VAY_VON_LUU_DONG,San_Xuat,1,14400000000.0,2.45,0,6,7.7,0.053,0
SME-2025-0971,22560000000.0,48,VAY_DAU_TU_TSCD,San_Xuat,17,128390000000.0,2.64,1,6,4.8,0.324,0
SME-2025-0972,4200000000.0,12,THAU_CHI,San_Xuat,13,10790000000.0,3.82,1,17,5.1,0.372,0
SME-2025-0973,1470000000.0,60,VAY_DAU_TU_TSCD,Thuong_Mai_Dich_Vu,24,8660000000.0,2.6,0,10,7.1,0.038,0
SME-2025-0974,8020000000.0,9,VAY_VON_LUU_DONG,San_Xuat,7,24700000000.0,2.52,0,14,2.4,0.13,0
SME-2025-0975,1450000000.0,9,VAY_VON_LUU_DONG,Thuong_Mai_Dich_Vu,9,3160000000.0,4.11,0,9,7.2,0.043,0
SME-2025-0976,17190000000.0,9,VAY_VON_LUU_DONG,Thuong_Mai_Dich_Vu,11,84010000000.0,3.64,0,6,4.0,0.05,0
SME-2025-0977,2170000000.0,36,VAY_DAU_TU_TSCD,Xay_Dung,3,10570000000.0,4.13,0,6,6.0,0.059,0
SME-2025-0978,4300000000.0,6,VAY_VON_LUU_DONG,Van_Tai_Kho_Bai,12,9660000000.0,1.29,2,8,3.4,0.269,0
SME-2025-0979,610000000.0,12,VAY_VON_LUU_DONG,Thuong_Mai_Dich_Vu,21,2010000000.0,2.55,1,13,2.4,0.166,0
SME-2025-0980,2650000000.0,24,VAY_DAU_TU_TSCD,Thuong_Mai_Dich_Vu,3,17140000000.0,3.85,2,3,5.1,0.427,0
SME-2025-0981,12980000000.0,6,VAY_VON_LUU_DONG,San_Xuat,15,64750000000.0,0.86,1,14,1.6,0.378,0
SME-2025-0982,11690000000.0,24,VAY_DAU_TU_TSCD,Thuong_Mai_Dich_Vu,21,61150000000.0,3.66,3,8,4.7,0.839,1
SME-2025-0983,1200000000.0,9,VAY_VON_LUU_DONG,Nong_Nghiep,10,3360000000.0,1.15,0,17,1.0,0.079,0
SME-2025-0984,1210000000.0,6,VAY_VON_LUU_DONG,Xay_Dung,1,2630000000.0,3.71,3,2,1.1,0.593,1
SME-2025-0985,12230000000.0,48,VAY_DAU_TU_TSCD,San_Xuat,14,37930000000.0,2.91,0,15,1.9,0.211,0
SME-2025-0986,19040000000.0,6,VAY_VON_LUU_DONG,Xay_Dung,20,56550000000.0,1.19,0,6,3.0,0.046,0
SME-2025-0987,730000000.0,60,VAY_DAU_TU_TSCD,Thuong_Mai_Dich_Vu,6,2120000000.0,2.34,0,16,5.2,0.192,0
SME-2025-0988,2910000000.0,9,VAY_VON_LUU_DONG,Xay_Dung,2,7870000000.0,3.2,3,13,2.1,0.885,1
SME-2025-0989,1870000000.0,12,VAY_VON_LUU_DONG,Thuong_Mai_Dich_Vu,23,8420000000.0,3.0,0,16,4.3,0.038,0
SME-2025-0990,15070000000.0,48,VAY_DAU_TU_TSCD,San_Xuat,8,50370000000.0,2.15,0,13,3.0,0.206,0
SME-2025-0991,690000000.0,48,VAY_DAU_TU_TSCD,Nong_Nghiep,1,3900000000.0,4.09,0,7,5.8,0.051,0
SME-2025-0992,1140000000.0,48,VAY_DAU_TU_TSCD,San_Xuat,4,3040000000.0,2.53,0,14,1.8,0.147,0
SME-2025-0993,9490000000.0,6,VAY_VON_LUU_DONG,San_Xuat,4,37810000000.0,2.47,0,12,2.7,0.079,0
SME-2025-0994,610000000.0,36,VAY_DAU_TU_TSCD,Thuong_Mai_Dich_Vu,5,1140000000.0,0.66,1,15,6.5,0.498,0
SME-2025-0995,3430000000.0,12,VAY_VON_LUU_DONG,San_Xuat,20,13940000000.0,4.18,3,11,1.7,0.65,1
SME-2025-0996,2820000000.0,12,VAY_VON_LUU_DONG,San_Xuat,9,5820000000.0,1.13,2,2,4.6,0.113,0
SME-2025-0997,1850000000.0,12,THAU_CHI,San_Xuat,23,11830000000.0,2.57,0,16,1.0,0.044,0
SME-2025-0998,2340000000.0,6,VAY_VON_LUU_DONG,Thuong_Mai_Dich_Vu,13,12910000000.0,3.69,0,10,6.9,0.065,0
SME-2025-0999,3970000000.0,6,THAU_CHI,Van_Tai_Kho_Bai,18,16290000000.0,1.28,0,10,2.0,0.042,0
SME-2025-1000,940000000.0,6,VAY_VON_LUU_DONG,Nong_Nghiep,17,2070000000.0,2.56,0,17,2.1,0.077,0
SME-2025-1001,4690000000.0,6,VAY_VON_LUU_DONG,Xay_Dung,1,21500000000.0,1.39,0,17,1.3,0.278,0
SME-2025-1002,11680000000.0,6,VAY_VON_LUU_DONG,San_Xuat,22,62680000000.0,3.51,1,2,4.4,0.067,0
SME-2025-1003,9780000000.0,6,THAU_CHI,Thuong_Mai_Dich_Vu,15,26370000000.0,2.71,0,5,3.6,0.032,0
SME-2025-1004,910000000.0,48,VAY_DAU_TU_TSCD,Thuong_Mai_Dich_Vu,2,4070000000.0,3.91,2,16,1.8,0.764,1
SME-2025-1005,900000000.0,60,VAY_DAU_TU_TSCD,Xay_Dung,16,5060000000.0,4.07,2,9,3.2,0.451,0
SME-2025-1006,1430000000.0,60,VAY_DAU_TU_TSCD,San_Xuat,20,7740000000.0,3.06,0,3,10.1,0.021,0
SME-2025-1007,2050000000.0,48,VAY_DAU_TU_TSCD,San_Xuat,22,11430000000.0,3.37,3,14,5.8,0.908,1
SME-2025-1008,2470000000.0,24,VAY_DAU_TU_TSCD,Thuong_Mai_Dich_Vu,5,14650000000.0,2.65,1,14,6.5,0.524,1
SME-2025-1009,7140000000.0,6,VAY_VON_LUU_DONG,Xay_Dung,22,44320000000.0,1.98,0,12,2.0,0.063,0
SME-2025-1010,620000000.0,9,VAY_VON_LUU_DONG,Nong_Nghiep,19,2300000000.0,3.06,0,14,1.8,0.053,0
SME-2025-1011,570000000.0,9,VAY_VON_LUU_DONG,Xay_Dung,5,2550000000.0,4.12,0,9,1.0,0.054,0
SME-2025-1012,2320000000.0,12,THAU_CHI,San_Xuat,2,12800000000.0,2.11,0,11,3.9,0.055,0
SME-2025-1013,7650000000.0,6,THAU_CHI,Xay_Dung,7,38840000000.0,1.69,0,14,2.7,0.146,0
SME-2025-1014,1070000000.0,9,VAY_VON_LUU_DONG,Xay_Dung,3,6930000000.0,1.99,0,13,6.8,0.252,0
SME-2025-1015,6150000000.0,60,VAY_DAU_TU_TSCD,San_Xuat,17,11470000000.0,2.19,0,15,6.5,0.165,0
SME-2025-1016,1380000000.0,12,THAU_CHI,San_Xuat,24,4790000000.0,0.7,0,14,4.4,0.056,0
SME-2025-1017,16010000000.0,12,VAY_VON_LUU_DONG,San_Xuat,24,49960000000.0,2.44,0,10,1.4,0.067,0
SME-2025-1018,16620000000.0,48,VAY_DAU_TU_TSCD,San_Xuat,3,50410000000.0,2.43,0,10,1.4,0.136,0
SME-2025-1019,1600000000.0,6,THAU_CHI,Xay_Dung,13,4550000000.0,2.81,0,15,1.0,0.068,0
SME-2025-1020,1230000000.0,12,VAY_VON_LUU_DONG,Van_Tai_Kho_Bai,7,6310000000.0,1.89,0,2,1.8,0.011,0
SME-2025-1021,2500000000.0,36,VAY_DAU_TU_TSCD,Thuong_Mai_Dich_Vu,24,5500000000.0,2.91,0,10,1.4,0.023,0
SME-2025-1022,1280000000.0,6,VAY_VON_LUU_DONG,Thuong_Mai_Dich_Vu,3,6770000000.0,4.0,2,5,4.5,0.209,0
SME-2025-1023,6940000000.0,6,THAU_CHI,Xay_Dung,15,35110000000.0,4.32,0,13,2.6,0.13,0
SME-2025-1024,12660000000.0,6,THAU_CHI,Xay_Dung,18,37710000000.0,2.79,0,13,2.3,0.111,0
SME-2025-1025,6960000000.0,12,THAU_CHI,San_Xuat,10,20800000000.0,0.57,0,9,3.0,0.017,0
SME-2025-1026,12580000000.0,6,VAY_VON_LUU_DONG,Thuong_Mai_Dich_Vu,23,59830000000.0,4.37,0,14,3.3,0.093,0
SME-2025-1027,2360000000.0,12,THAU_CHI,Xay_Dung,7,12700000000.0,3.29,0,15,2.2,0.145,0
SME-2025-1028,920000000.0,36,VAY_DAU_TU_TSCD,San_Xuat,9,5450000000.0,1.78,0,10,2.7,0.101,0
SME-2025-1029,8970000000.0,9,VAY_VON_LUU_DONG,Thuong_Mai_Dich_Vu,5,52070000000.0,1.0,1,4,4.8,0.126,0
SME-2025-1030,2050000000.0,24,VAY_DAU_TU_TSCD,Xay_Dung,20,12990000000.0,0.99,1,7,5.3,0.225,0
SME-2025-1031,6910000000.0,6,VAY_VON_LUU_DONG,Xay_Dung,8,31320000000.0,1.09,0,4,1.4,0.037,0
SME-2025-1032,1440000000.0,24,VAY_DAU_TU_TSCD,San_Xuat,14,8740000000.0,0.59,1,2,2.9,0.041,0
SME-2025-1033,690000000.0,12,VAY_VON_LUU_DONG,Thuong_Mai_Dich_Vu,4,3860000000.0,4.1,0,11,7.2,0.099,0
SME-2025-1034,24280000000.0,9,VAY_VON_LUU_DONG,Thuong_Mai_Dich_Vu,20,145800000000.0,2.62,2,7,7.3,0.612,1
SME-2025-1035,920000000.0,12,VAY_VON_LUU_DONG,San_Xuat,14,1710000000.0,3.27,0,17,6.8,0.114,0
SME-2025-1036,23890000000.0,60,VAY_DAU_TU_TSCD,San_Xuat,12,151460000000.0,3.8,0,6,4.1,0.094,0
SME-2025-1037,22870000000.0,9,VAY_VON_LUU_DONG,Thuong_Mai_Dich_Vu,2,92070000000.0,3.65,0,4,2.8,0.057,0
SME-2025-1038,11160000000.0,24,VAY_DAU_TU_TSCD,San_Xuat,13,61950000000.0,4.02,0,15,1.0,0.139,0
SME-2025-1039,6600000000.0,9,VAY_VON_LUU_DONG,Thuong_Mai_Dich_Vu,1,15830000000.0,4.37,1,15,1.6,0.367,0
SME-2025-1040,4790000000.0,9,VAY_VON_LUU_DONG,Thuong_Mai_Dich_Vu,20,17540000000.0,2.2,0,5,3.1,0.012,0
SME-2025-1041,14810000000.0,12,VAY_VON_LUU_DONG,San_Xuat,7,45550000000.0,4.3,0,3,4.9,0.038,0
SME-2025-1042,1550000000.0,36,VAY_DAU_TU_TSCD,San_Xuat,9,4910000000.0,3.37,0,13,4.3,0.056,0
SME-2025-1043,3120000000.0,6,VAY_VON_LUU_DONG,Thuong_Mai_Dich_Vu,17,7420000000.0,0.69,0,11,1.4,0.023,0
SME-2025-1044,5640000000.0,60,VAY_DAU_TU_TSCD,San_Xuat,21,31510000000.0,3.2,0,11,2.4,0.045,0
SME-2025-1045,2500000000.0,12,THAU_CHI,San_Xuat,23,4610000000.0,3.22,4,14,7.0,0.969,1
SME-2025-1046,2660000000.0,60,VAY_DAU_TU_TSCD,Thuong_Mai_Dich_Vu,13,8690000000.0,4.11,2,15,2.9,0.694,1
SME-2025-1047,1820000000.0,9,VAY_VON_LUU_DONG,Xay_Dung,23,4770000000.0,1.93,0,5,1.0,0.01,0
SME-2025-1048,4550000000.0,9,VAY_VON_LUU_DONG,Xay_Dung,10,20790000000.0,2.8,0,17,4.4,0.331,0
SME-2025-1049,13930000000.0,6,THAU_CHI,San_Xuat,16,41720000000.0,0.45,0,5,2.5,0.028,0
SME-2025-1050,1100000000.0,9,VAY_VON_LUU_DONG,Thuong_Mai_Dich_Vu,6,3320000000.0,1.76,1,4,1.0,0.036,0
SME-2025-1051,19340000000.0,12,THAU_CHI,Xay_Dung,16,79200000000.0,0.66,2,7,3.7,0.591,1
SME-2025-1052,7410000000.0,12,VAY_VON_LUU_DONG,Van_Tai_Kho_Bai,11,36070000000.0,2.54,0,2,2.8,0.021,0
SME-2025-1053,12520000000.0,6,THAU_CHI,Thuong_Mai_Dich_Vu,20,29670000000.0,3.75,1,10,2.9,0.121,0
SME-2025-1054,4400000000.0,48,VAY_DAU_TU_TSCD,San_Xuat,3,11550000000.0,1.25,0,12,3.4,0.085,0
SME-2025-1055,10550000000.0,12,THAU_CHI,Xay_Dung,9,31250000000.0,2.56,0,11,1.7,0.179,0
SME-2025-1056,530000000.0,12,VAY_VON_LUU_DONG,Xay_Dung,15,3380000000.0,1.24,2,17,3.3,0.723,1
SME-2025-1057,12280000000.0,24,VAY_DAU_TU_TSCD,Thuong_Mai_Dich_Vu,13,45030000000.0,0.89,0,4,1.8,0.027,0
SME-2025-1058,590000000.0,6,VAY_VON_LUU_DONG,Nong_Nghiep,10,2720000000.0,2.5,0,4,4.4,0.017,0
SME-2025-1059,16250000000.0,9,VAY_VON_LUU_DONG,Thuong_Mai_Dich_Vu,20,47700000000.0,0.72,1,13,12.0,0.576,1
SME-2025-1060,24230000000.0,24,VAY_DAU_TU_TSCD,San_Xuat,24,99470000000.0,2.81,0,4,2.1,0.04,0
SME-2025-1061,1580000000.0,12,THAU_CHI,Thuong_Mai_Dich_Vu,13,3390000000.0,0.53,0,8,7.0,0.065,0
SME-2025-1062,1140000000.0,12,THAU_CHI,San_Xuat,17,2240000000.0,0.84,2,9,3.1,0.288,0
SME-2025-1063,9980000000.0,60,VAY_DAU_TU_TSCD,Thuong_Mai_Dich_Vu,7,39950000000.0,2.65,1,3,3.4,0.154,0
SME-2025-1064,1350000000.0,6,VAY_VON_LUU_DONG,Thuong_Mai_Dich_Vu,6,4960000000.0,2.82,1,2,2.9,0.05,0
SME-2025-1065,14780000000.0,12,VAY_VON_LUU_DONG,Xay_Dung,13,36110000000.0,0.52,0,6,2.0,0.055,0
SME-2025-1066,750000000.0,48,VAY_DAU_TU_TSCD,San_Xuat,17,3770000000.0,2.75,0,17,2.3,0.14,0
SME-2025-1067,820000000.0,6,VAY_VON_LUU_DONG,Thuong_Mai_Dich_Vu,15,5300000000.0,3.84,3,9,8.4,0.806,1
SME-2025-1068,23040000000.0,6,VAY_VON_LUU_DONG,Thuong_Mai_Dich_Vu,4,84320000000.0,3.36,0,15,1.7,0.17,0
SME-2025-1069,6980000000.0,9,VAY_VON_LUU_DONG,Xay_Dung,15,33050000000.0,0.94,0,4,5.6,0.037,0
SME-2025-1070,13730000000.0,9,VAY_VON_LUU_DONG,San_Xuat,14,86860000000.0,2.83,0,7,2.6,0.081,0
SME-2025-1071,1780000000.0,9,VAY_VON_LUU_DONG,Thuong_Mai_Dich_Vu,21,10160000000.0,3.16,0,4,1.0,0.007,0
SME-2025-1072,7050000000.0,12,VAY_VON_LUU_DONG,San_Xuat,11,28050000000.0,0.55,0,16,3.3,0.149,0
SME-2025-1073,5110000000.0,12,VAY_VON_LUU_DONG,San_Xuat,24,26910000000.0,3.91,2,7,10.2,0.497,0
SME-2025-1074,5290000000.0,12,VAY_VON_LUU_DONG,San_Xuat,4,12710000000.0,4.12,4,13,5.1,0.954,1
SME-2025-1075,7220000000.0,6,THAU_CHI,San_Xuat,3,30370000000.0,3.89,0,5,1.0,0.023,0
SME-2025-1076,4750000000.0,9,VAY_VON_LUU_DONG,Thuong_Mai_Dich_Vu,2,14780000000.0,3.78,1,15,4.8,0.298,0
SME-2025-1077,2680000000.0,12,VAY_VON_LUU_DONG,Van_Tai_Kho_Bai,20,6850000000.0,3.45,1,12,2.7,0.136,0
SME-2025-1078,1470000000.0,60,VAY_DAU_TU_TSCD,Thuong_Mai_Dich_Vu,10,5590000000.0,3.0,1,16,1.5,0.36,0
SME-2025-1079,10110000000.0,12,VAY_VON_LUU_DONG,San_Xuat,13,24420000000.0,3.18,0,8,2.5,0.05,0
SME-2025-1080,1210000000.0,6,THAU_CHI,Thuong_Mai_Dich_Vu,20,6150000000.0,3.71,0,12,1.5,0.051,0
SME-2025-1081,7500000000.0,48,VAY_DAU_TU_TSCD,Xay_Dung,21,29580000000.0,3.12,0,11,1.0,0.074,0
SME-2025-1082,1250000000.0,6,VAY_VON_LUU_DONG,San_Xuat,23,5370000000.0,1.74,0,2,1.9,0.004,0
SME-2025-1083,5770000000.0,9,VAY_VON_LUU_DONG,Van_Tai_Kho_Bai,18,14360000000.0,1.94,0,17,2.2,0.073,0
SME-2025-1084,9290000000.0,12,THAU_CHI,Xay_Dung,21,22820000000.0,4.08,0,17,2.2,0.124,0
SME-2025-1085,1180000000.0,6,THAU_CHI,Van_Tai_Kho_Bai,16,5360000000.0,0.47,0,2,2.4,0.009,0
SME-2025-1086,630000000.0,6,VAY_VON_LUU_DONG,Xay_Dung,11,4050000000.0,3.27,0,16,2.1,0.239,0
SME-2025-1087,830000000.0,36,VAY_DAU_TU_TSCD,Thuong_Mai_Dich_Vu,10,1870000000.0,4.31,0,6,3.2,0.029,0
SME-2025-1088,5350000000.0,9,VAY_VON_LUU_DONG,San_Xuat,9,16810000000.0,3.3,0,10,6.9,0.122,0
SME-2025-1089,13870000000.0,6,THAU_CHI,Xay_Dung,12,81650000000.0,4.48,1,6,1.0,0.161,0
SME-2025-1090,600000000.0,12,VAY_VON_LUU_DONG,San_Xuat,19,1280000000.0,3.22,0,5,4.0,0.009,0
SME-2025-1091,8840000000.0,12,THAU_CHI,Nong_Nghiep,1,52300000000.0,0.54,1,9,3.9,0.201,0
SME-2025-1092,1900000000.0,36,VAY_DAU_TU_TSCD,Thuong_Mai_Dich_Vu,18,8100000000.0,3.79,3,14,1.6,0.756,1
SME-2025-1093,3250000000.0,60,VAY_DAU_TU_TSCD,Nong_Nghiep,14,12090000000.0,1.57,1,6,6.1,0.135,0
SME-2025-1094,18930000000.0,6,VAY_VON_LUU_DONG,Thuong_Mai_Dich_Vu,22,61630000000.0,2.23,1,2,1.0,0.066,0
SME-2025-1095,1830000000.0,9,VAY_VON_LUU_DONG,Nong_Nghiep,21,5850000000.0,1.68,2,8,4.8,0.224,0
SME-2025-1096,3090000000.0,9,VAY_VON_LUU_DONG,San_Xuat,1,10000000000.0,1.5,0,12,3.4,0.11,0
SME-2025-1097,530000000.0,12,VAY_VON_LUU_DONG,Xay_Dung,17,3160000000.0,2.17,4,16,1.5,0.97,1
SME-2025-1098,690000000.0,9,VAY_VON_LUU_DONG,Thuong_Mai_Dich_Vu,11,3590000000.0,1.95,1,5,7.0,0.088,0
SME-2025-1099,1380000000.0,48,VAY_DAU_TU_TSCD,Thuong_Mai_Dich_Vu,20,6830000000.0,3.0,1,11,1.0,0.16,0
SME-2025-1100,560000000.0,9,VAY_VON_LUU_DONG,Thuong_Mai_Dich_Vu,15,3110000000.0,3.73,0,6,6.2,0.012,0
SME-2025-1101,5910000000.0,9,VAY_VON_LUU_DONG,San_Xuat,4,17780000000.0,1.62,0,14,2.1,0.048,0
SME-2025-1102,2650000000.0,12,THAU_CHI,San_Xuat,15,12470000000.0,1.28,1,7,2.7,0.1,0
SME-2025-1103,4270000000.0,6,THAU_CHI,Van_Tai_Kho_Bai,22,16920000000.0,3.13,0,14,1.4,0.039,0
SME-2025-1104,990000000.0,6,THAU_CHI,Thuong_Mai_Dich_Vu,22,5420000000.0,3.15,1,8,2.2,0.12,0
SME-2025-1105,1590000000.0,6,THAU_CHI,San_Xuat,14,5170000000.0,4.09,0,12,5.2,0.058,0
SME-2025-1106,6710000000.0,9,VAY_VON_LUU_DONG,Thuong_Mai_Dich_Vu,22,32360000000.0,0.47,0,3,3.8,0.009,0
SME-2025-1107,21830000000.0,6,VAY_VON_LUU_DONG,Van_Tai_Kho_Bai,1,129810000000.0,3.9,0,16,8.0,0.632,1
SME-2025-1108,610000000.0,48,VAY_DAU_TU_TSCD,San_Xuat,9,2250000000.0,2.54,0,15,1.6,0.12,0
SME-2025-1109,16280000000.0,36,VAY_DAU_TU_TSCD,Nong_Nghiep,7,34400000000.0,2.95,0,16,2.5,0.403,0
SME-2025-1110,4780000000.0,6,VAY_VON_LUU_DONG,Van_Tai_Kho_Bai,23,20200000000.0,0.77,0,2,4.0,0.008,0
SME-2025-1111,4540000000.0,60,VAY_DAU_TU_TSCD,Van_Tai_Kho_Bai,11,15550000000.0,2.17,0,13,4.0,0.122,0
SME-2025-1112,3540000000.0,6,VAY_VON_LUU_DONG,Van_Tai_Kho_Bai,23,17560000000.0,1.33,0,4,2.6,0.007,0
SME-2025-1113,660000000.0,12,VAY_VON_LUU_DONG,Thuong_Mai_Dich_Vu,2,4140000000.0,1.44,0,11,1.3,0.027,0
SME-2025-1114,710000000.0,6,VAY_VON_LUU_DONG,Xay_Dung,2,2900000000.0,2.47,2,13,6.4,0.799,1
SME-2025-1115,5250000000.0,60,VAY_DAU_TU_TSCD,San_Xuat,6,20950000000.0,3.73,1,2,1.6,0.062,0
SME-2025-1116,1900000000.0,60,VAY_DAU_TU_TSCD,San_Xuat,23,9270000000.0,3.45,1,5,2.1,0.038,0
SME-2025-1117,18090000000.0,12,VAY_VON_LUU_DONG,Xay_Dung,19,41360000000.0,2.82,0,7,12.0,0.12,0
SME-2025-1118,2450000000.0,12,THAU_CHI,Xay_Dung,20,7330000000.0,2.61,0,6,2.6,0.024,0
SME-2025-1119,880000000.0,9,VAY_VON_LUU_DONG,San_Xuat,14,5380000000.0,2.15,0,14,3.8,0.067,0
SME-2025-1120,8190000000.0,9,VAY_VON_LUU_DONG,Xay_Dung,3,40530000000.0,4.39,3,12,1.5,0.877,1
SME-2025-1121,1580000000.0,6,THAU_CHI,San_Xuat,7,2940000000.0,2.7,1,5,2.6,0.057,0
SME-2025-1122,3910000000.0,12,THAU_CHI,Nong_Nghiep,7,10800000000.0,1.44,0,8,5.0,0.061,0
SME-2025-1123,7670000000.0,12,THAU_CHI,San_Xuat,4,38420000000.0,1.34,1,14,7.3,0.28,0
SME-2025-1124,16920000000.0,24,VAY_DAU_TU_TSCD,Thuong_Mai_Dich_Vu,23,91240000000.0,2.91,0,12,1.9,0.117,0
SME-2025-1125,11090000000.0,60,VAY_DAU_TU_TSCD,Thuong_Mai_Dich_Vu,5,63740000000.0,2.54,0,12,1.0,0.139,0
SME-2025-1126,7050000000.0,36,VAY_DAU_TU_TSCD,San_Xuat,17,22370000000.0,0.43,1,7,4.0,0.097,0
SME-2025-1127,7140000000.0,6,VAY_VON_LUU_DONG,Van_Tai_Kho_Bai,4,44100000000.0,3.8,0,4,1.1,0.011,0
SME-2025-1128,20230000000.0,12,VAY_VON_LUU_DONG,Thuong_Mai_Dich_Vu,23,88990000000.0,3.29,0,10,3.7,0.091,0
SME-2025-1129,1590000000.0,12,VAY_VON_LUU_DONG,Xay_Dung,13,8070000000.0,3.11,1,16,2.8,0.273,0
SME-2025-1130,500000000.0,12,VAY_VON_LUU_DONG,San_Xuat,16,2300000000.0,0.68,0,6,1.0,0.021,0
SME-2025-1131,1450000000.0,24,VAY_DAU_TU_TSCD,Xay_Dung,16,3450000000.0,1.88,0,14,2.6,0.214,0
SME-2025-1132,1170000000.0,6,VAY_VON_LUU_DONG,San_Xuat,2,7400000000.0,4.24,2,11,1.6,0.488,0
SME-2025-1133,6660000000.0,9,VAY_VON_LUU_DONG,Xay_Dung,18,15830000000.0,3.94,0,2,8.1,0.031,0
SME-2025-1134,5970000000.0,9,VAY_VON_LUU_DONG,Thuong_Mai_Dich_Vu,1,17900000000.0,1.57,0,14,2.4,0.112,0
SME-2025-1135,5100000000.0,36,VAY_DAU_TU_TSCD,Nong_Nghiep,18,28680000000.0,1.04,0,7,4.7,0.022,0
SME-2025-1136,530000000.0,9,VAY_VON_LUU_DONG,Thuong_Mai_Dich_Vu,8,2490000000.0,2.24,0,6,3.3,0.02,0
SME-2025-1137,8650000000.0,12,THAU_CHI,San_Xuat,11,49640000000.0,1.86,0,11,4.4,0.067,0
SME-2025-1138,1770000000.0,6,VAY_VON_LUU_DONG,San_Xuat,24,7480000000.0,3.2,0,9,6.8,0.025,0
SME-2025-1139,6740000000.0,6,VAY_VON_LUU_DONG,Xay_Dung,24,24070000000.0,4.36,0,5,1.6,0.022,0
SME-2025-1140,4410000000.0,48,VAY_DAU_TU_TSCD,San_Xuat,15,27050000000.0,1.89,0,13,1.8,0.077,0
SME-2025-1141,1910000000.0,48,VAY_DAU_TU_TSCD,San_Xuat,16,3760000000.0,0.66,1,2,2.2,0.057,0
SME-2025-1142,850000000.0,12,VAY_VON_LUU_DONG,Nong_Nghiep,17,4950000000.0,4.08,2,12,6.7,0.45,0
SME-2025-1143,720000000.0,48,VAY_DAU_TU_TSCD,San_Xuat,17,2080000000.0,0.56,1,3,4.9,0.076,0
SME-2025-1144,12930000000.0,24,VAY_DAU_TU_TSCD,Nong_Nghiep,12,74850000000.0,4.31,0,9,2.8,0.082,0
SME-2025-1145,18170000000.0,6,VAY_VON_LUU_DONG,San_Xuat,10,44590000000.0,3.12,0,11,2.6,0.134,0
SME-2025-1146,6350000000.0,6,THAU_CHI,Van_Tai_Kho_Bai,20,28750000000.0,4.26,1,9,2.3,0.098,0
SME-2025-1147,750000000.0,36,VAY_DAU_TU_TSCD,Thuong_Mai_Dich_Vu,6,4480000000.0,1.22,0,17,3.9,0.294,0
SME-2025-1148,2410000000.0,36,VAY_DAU_TU_TSCD,Thuong_Mai_Dich_Vu,8,9700000000.0,0.57,0,14,6.6,0.077,0
SME-2025-1149,8660000000.0,6,THAU_CHI,San_Xuat,13,45970000000.0,2.4,1,15,4.1,0.406,0
SME-2025-1150,10560000000.0,12,THAU_CHI,Nong_Nghiep,2,58950000000.0,2.25,0,6,3.2,0.066,0
SME-2025-1151,790000000.0,60,VAY_DAU_TU_TSCD,Nong_Nghiep,19,4160000000.0,1.76,0,7,4.5,0.018,0
SME-2025-1152,500000000.0,24,VAY_DAU_TU_TSCD,Thuong_Mai_Dich_Vu,22,3070000000.0,4.33,2,3,2.1,0.219,0
SME-2025-1153,8110000000.0,48,VAY_DAU_TU_TSCD,Thuong_Mai_Dich_Vu,10,31630000000.0,3.77,2,12,7.2,0.748,1
SME-2025-1154,2020000000.0,48,VAY_DAU_TU_TSCD,Thuong_Mai_Dich_Vu,4,5280000000.0,3.11,0,13,7.2,0.164,0
SME-2025-1155,1350000000.0,60,VAY_DAU_TU_TSCD,San_Xuat,12,2730000000.0,1.07,0,10,3.1,0.058,0
SME-2025-1156,530000000.0,36,VAY_DAU_TU_TSCD,Thuong_Mai_Dich_Vu,18,1570000000.0,3.41,0,16,1.9,0.111,0
SME-2025-1157,4140000000.0,12,VAY_VON_LUU_DONG,Nong_Nghiep,7,10240000000.0,3.38,1,7,1.9,0.106,0
SME-2025-1158,13970000000.0,12,THAU_CHI,Xay_Dung,20,61780000000.0,2.14,0,13,2.5,0.126,0
SME-2025-1159,21180000000.0,12,THAU_CHI,San_Xuat,24,56530000000.0,4.19,0,10,3.7,0.1,0
SME-2025-1160,4570000000.0,12,VAY_VON_LUU_DONG,Xay_Dung,24,9060000000.0,1.08,3,12,1.0,0.795,1
SME-2025-1161,3740000000.0,36,VAY_DAU_TU_TSCD,Thuong_Mai_Dich_Vu,23,7360000000.0,1.5,0,11,2.8,0.049,0
SME-2025-1162,700000000.0,9,VAY_VON_LUU_DONG,San_Xuat,4,4000000000.0,0.66,2,4,5.1,0.175,0
SME-2025-1163,4280000000.0,9,VAY_VON_LUU_DONG,San_Xuat,7,19600000000.0,3.66,3,7,2.4,0.559,1
SME-2025-1164,2210000000.0,60,VAY_DAU_TU_TSCD,San_Xuat,10,7700000000.0,2.95,0,11,1.8,0.083,0
SME-2025-1165,5380000000.0,9,VAY_VON_LUU_DONG,Thuong_Mai_Dich_Vu,15,32300000000.0,1.69,1,17,3.6,0.329,0
SME-2025-1166,2290000000.0,48,VAY_DAU_TU_TSCD,San_Xuat,12,4880000000.0,1.07,0,6,2.8,0.023,0
SME-2025-1167,1280000000.0,24,VAY_DAU_TU_TSCD,Thuong_Mai_Dich_Vu,1,8200000000.0,0.56,1,17,4.5,0.577,1
SME-2025-1168,720000000.0,6,VAY_VON_LUU_DONG,Xay_Dung,20,3380000000.0,1.08,1,10,1.4,0.128,0
SME-2025-1169,1710000000.0,9,VAY_VON_LUU_DONG,Thuong_Mai_Dich_Vu,18,4550000000.0,2.26,0,14,3.6,0.054,0
SME-2025-1170,730000000.0,9,VAY_VON_LUU_DONG,Van_Tai_Kho_Bai,16,3640000000.0,1.41,1,11,6.6,0.219,0
SME-2025-1171,1000000000.0,36,VAY_DAU_TU_TSCD,San_Xuat,5,5390000000.0,1.46,1,16,3.7,0.327,0
SME-2025-1172,23790000000.0,6,THAU_CHI,Xay_Dung,19,90830000000.0,3.99,0,2,1.9,0.022,0
SME-2025-1173,2840000000.0,36,VAY_DAU_TU_TSCD,Nong_Nghiep,4,16610000000.0,2.51,0,10,1.0,0.097,0
SME-2025-1174,4010000000.0,12,VAY_VON_LUU_DONG,San_Xuat,6,10060000000.0,3.39,0,6,1.7,0.017,0
SME-2025-1175,15250000000.0,48,VAY_DAU_TU_TSCD,San_Xuat,17,47440000000.0,0.55,0,2,2.6,0.016,0
SME-2025-1176,24570000000.0,12,VAY_VON_LUU_DONG,Nong_Nghiep,7,55020000000.0,1.9,3,11,1.0,0.898,1
SME-2025-1177,4890000000.0,24,VAY_DAU_TU_TSCD,Van_Tai_Kho_Bai,24,13650000000.0,2.36,1,9,3.0,0.117,0
SME-2025-1178,12000000000.0,9,VAY_VON_LUU_DONG,Thuong_Mai_Dich_Vu,23,35060000000.0,1.16,0,8,2.6,0.026,0
SME-2025-1179,1800000000.0,36,VAY_DAU_TU_TSCD,San_Xuat,7,11000000000.0,0.89,0,15,1.4,0.102,0
SME-2025-1180,1650000000.0,9,VAY_VON_LUU_DONG,Xay_Dung,9,3580000000.0,3.97,0,7,4.2,0.029,0
SME-2025-1181,2420000000.0,6,THAU_CHI,San_Xuat,13,9220000000.0,4.25,0,3,4.8,0.02,0
SME-2025-1182,6940000000.0,6,VAY_VON_LUU_DONG,Thuong_Mai_Dich_Vu,20,29860000000.0,0.72,0,6,7.6,0.02,0
SME-2025-1183,7210000000.0,24,VAY_DAU_TU_TSCD,Thuong_Mai_Dich_Vu,14,43430000000.0,1.83,0,4,2.7,0.025,0
SME-2025-1184,1720000000.0,12,THAU_CHI,Nong_Nghiep,16,11160000000.0,4.33,0,3,1.3,0.009,0
SME-2025-1185,840000000.0,6,VAY_VON_LUU_DONG,San_Xuat,23,4490000000.0,0.74,3,15,1.5,0.759,1
SME-2025-1186,5930000000.0,6,THAU_CHI,Thuong_Mai_Dich_Vu,9,37730000000.0,3.04,0,11,6.1,0.093,0
SME-2025-1187,830000000.0,60,VAY_DAU_TU_TSCD,San_Xuat,15,4560000000.0,4.39,0,2,3.3,0.009,0
SME-2025-1188,4810000000.0,6,VAY_VON_LUU_DONG,Xay_Dung,5,30430000000.0,4.41,0,10,2.8,0.075,0
SME-2025-1189,7530000000.0,6,VAY_VON_LUU_DONG,Thuong_Mai_Dich_Vu,18,38590000000.0,2.33,4,3,5.5,0.766,1
SME-2025-1190,7750000000.0,24,VAY_DAU_TU_TSCD,San_Xuat,21,16860000000.0,1.07,1,14,2.0,0.17,0
SME-2025-1191,9530000000.0,9,VAY_VON_LUU_DONG,Thuong_Mai_Dich_Vu,20,35160000000.0,1.23,2,12,6.8,0.627,1
SME-2025-1192,15200000000.0,36,VAY_DAU_TU_TSCD,Thuong_Mai_Dich_Vu,8,73550000000.0,4.05,0,2,2.2,0.027,0
SME-2025-1193,3530000000.0,9,VAY_VON_LUU_DONG,Van_Tai_Kho_Bai,15,12170000000.0,4.14,0,15,5.2,0.104,0
SME-2025-1194,8700000000.0,48,VAY_DAU_TU_TSCD,Thuong_Mai_Dich_Vu,21,26840000000.0,2.89,0,8,3.2,0.04,0
SME-2025-1195,5640000000.0,12,VAY_VON_LUU_DONG,Nong_Nghiep,9,25460000000.0,3.54,0,10,3.4,0.037,0
SME-2025-1196,1040000000.0,6,THAU_CHI,Thuong_Mai_Dich_Vu,19,6430000000.0,3.43,1,7,2.6,0.04,0
SME-2025-1197,550000000.0,12,THAU_CHI,San_Xuat,22,1080000000.0,3.11,2,17,6.8,0.606,1
SME-2025-1198,1520000000.0,6,THAU_CHI,Xay_Dung,6,8230000000.0,3.79,0,9,1.8,0.034,0
SME-2025-1199,2830000000.0,60,VAY_DAU_TU_TSCD,Thuong_Mai_Dich_Vu,4,14710000000.0,3.21,0,16,5.7,0.291,0
SME-2025-1200,5590000000.0,9,VAY_VON_LUU_DONG,Thuong_Mai_Dich_Vu,11,35390000000.0,2.59,1,12,1.6,0.267,0
SME-2025-1201,13900000000.0,48,VAY_DAU_TU_TSCD,Thuong_Mai_Dich_Vu,10,85820000000.0,1.37,0,8,1.0,0.085,0
SME-2025-1202,1080000000.0,12,VAY_VON_LUU_DONG,Xay_Dung,3,5810000000.0,3.45,0,10,4.1,0.097,0
SME-2025-1203,820000000.0,6,VAY_VON_LUU_DONG,San_Xuat,1,3480000000.0,2.34,1,8,2.9,0.138,0
SME-2025-1204,21670000000.0,6,VAY_VON_LUU_DONG,San_Xuat,12,59810000000.0,1.61,0,14,3.1,0.145,0
SME-2025-1205,760000000.0,12,VAY_VON_LUU_DONG,Thuong_Mai_Dich_Vu,23,3320000000.0,3.69,1,7,1.1,0.056,0
SME-2025-1206,3250000000.0,24,VAY_DAU_TU_TSCD,Thuong_Mai_Dich_Vu,15,17540000000.0,3.26,0,2,2.9,0.023,0
SME-2025-1207,4940000000.0,48,VAY_DAU_TU_TSCD,Thuong_Mai_Dich_Vu,15,29690000000.0,4.24,1,10,2.1,0.153,0
SME-2025-1208,4160000000.0,12,VAY_VON_LUU_DONG,Xay_Dung,21,22930000000.0,1.08,1,11,8.5,0.297,0
SME-2025-1209,700000000.0,9,VAY_VON_LUU_DONG,San_Xuat,14,1900000000.0,3.06,1,17,4.5,0.263,0
SME-2025-1210,620000000.0,6,THAU_CHI,Thuong_Mai_Dich_Vu,7,2860000000.0,1.4,0,6,3.3,0.021,0
SME-2025-1211,760000000.0,6,VAY_VON_LUU_DONG,Thuong_Mai_Dich_Vu,17,2550000000.0,4.1,0,14,5.3,0.046,0
SME-2025-1212,4940000000.0,6,VAY_VON_LUU_DONG,Xay_Dung,24,9110000000.0,0.81,0,3,2.5,0.012,0
SME-2025-1213,4210000000.0,9,VAY_VON_LUU_DONG,Thuong_Mai_Dich_Vu,19,11540000000.0,3.09,0,16,3.3,0.096,0
SME-2025-1214,1250000000.0,36,VAY_DAU_TU_TSCD,Xay_Dung,7,2920000000.0,3.64,2,15,2.5,0.781,1
SME-2025-1215,6060000000.0,36,VAY_DAU_TU_TSCD,Thuong_Mai_Dich_Vu,3,34910000000.0,1.86,0,13,2.1,0.139,0
SME-2025-1216,12370000000.0,6,VAY_VON_LUU_DONG,Nong_Nghiep,3,37300000000.0,4.31,1,12,3.7,0.205,0
SME-2025-1217,590000000.0,6,VAY_VON_LUU_DONG,Thuong_Mai_Dich_Vu,18,1850000000.0,3.89,0,9,5.2,0.031,0
SME-2025-1218,3510000000.0,24,VAY_DAU_TU_TSCD,Thuong_Mai_Dich_Vu,20,22150000000.0,1.61,0,14,3.0,0.094,0
SME-2025-1219,7410000000.0,36,VAY_DAU_TU_TSCD,Xay_Dung,22,26540000000.0,0.43,2,17,1.8,0.761,1
SME-2025-1220,1340000000.0,9,VAY_VON_LUU_DONG,Thuong_Mai_Dich_Vu,14,2470000000.0,1.62,0,5,2.7,0.022,0
SME-2025-1221,1670000000.0,6,THAU_CHI,Thuong_Mai_Dich_Vu,3,5230000000.0,1.55,1,15,2.1,0.291,0
SME-2025-1222,5510000000.0,9,VAY_VON_LUU_DONG,Thuong_Mai_Dich_Vu,7,13010000000.0,4.05,0,4,2.5,0.024,0
SME-2025-1223,16770000000.0,12,VAY_VON_LUU_DONG,Thuong_Mai_Dich_Vu,7,38290000000.0,4.37,2,14,2.2,0.677,1
SME-2025-1224,11890000000.0,6,THAU_CHI,San_Xuat,5,25730000000.0,0.69,0,2,4.5,0.037,0
SME-2025-1225,4890000000.0,9,VAY_VON_LUU_DONG,Van_Tai_Kho_Bai,3,22440000000.0,2.33,1,6,9.7,0.286,0
SME-2025-1226,8700000000.0,60,VAY_DAU_TU_TSCD,Thuong_Mai_Dich_Vu,18,23400000000.0,2.65,0,4,2.4,0.018,0
SME-2025-1227,2080000000.0,6,VAY_VON_LUU_DONG,Xay_Dung,15,7280000000.0,0.78,0,16,3.2,0.082,0
SME-2025-1228,6140000000.0,6,VAY_VON_LUU_DONG,Thuong_Mai_Dich_Vu,20,35930000000.0,1.95,2,5,2.2,0.159,0
SME-2025-1229,3100000000.0,6,THAU_CHI,San_Xuat,14,11760000000.0,1.7,2,17,1.9,0.521,1
SME-2025-1230,1050000000.0,6,VAY_VON_LUU_DONG,San_Xuat,4,6410000000.0,2.6,0,16,2.2,0.13,0
SME-2025-1231,7780000000.0,12,THAU_CHI,San_Xuat,24,32210000000.0,3.11,0,10,1.0,0.022,0
SME-2025-1232,4410000000.0,6,VAY_VON_LUU_DONG,Thuong_Mai_Dich_Vu,8,16200000000.0,3.28,0,12,4.5,0.101,0
SME-2025-1233,2030000000.0,12,VAY_VON_LUU_DONG,Nong_Nghiep,21,10810000000.0,0.96,0,15,1.2,0.028,0
SME-2025-1234,17670000000.0,9,VAY_VON_LUU_DONG,Thuong_Mai_Dich_Vu,13,37880000000.0,3.73,1,8,4.0,0.185,0
SME-2025-1235,540000000.0,60,VAY_DAU_TU_TSCD,Thuong_Mai_Dich_Vu,22,1200000000.0,3.18,0,12,3.1,0.035,0
SME-2025-1236,1720000000.0,6,VAY_VON_LUU_DONG,Xay_Dung,8,8370000000.0,4.05,0,6,2.9,0.039,0
SME-2025-1237,620000000.0,12,THAU_CHI,San_Xuat,15,2530000000.0,2.24,1,9,4.6,0.058,0
SME-2025-1238,10030000000.0,12,VAY_VON_LUU_DONG,San_Xuat,17,55310000000.0,4.06,0,7,3.9,0.031,0
SME-2025-1239,7800000000.0,6,THAU_CHI,Thuong_Mai_Dich_Vu,5,47630000000.0,3.95,1,11,4.4,0.257,0
SME-2025-1240,1830000000.0,12,VAY_VON_LUU_DONG,Van_Tai_Kho_Bai,20,6630000000.0,2.2,3,3,4.4,0.414,0
SME-2025-1241,7030000000.0,6,THAU_CHI,Xay_Dung,4,32360000000.0,1.96,0,8,4.3,0.09,0
SME-2025-1242,2350000000.0,48,VAY_DAU_TU_TSCD,Thuong_Mai_Dich_Vu,11,9760000000.0,4.22,1,2,3.5,0.046,0
SME-2025-1243,9630000000.0,24,VAY_DAU_TU_TSCD,Van_Tai_Kho_Bai,18,61760000000.0,3.33,0,4,7.2,0.019,0
SME-2025-1244,2960000000.0,36,VAY_DAU_TU_TSCD,San_Xuat,10,16890000000.0,4.21,0,13,3.4,0.076,0
SME-2025-1245,2510000000.0,24,VAY_DAU_TU_TSCD,Thuong_Mai_Dich_Vu,17,15270000000.0,3.67,0,2,9.1,0.017,0
SME-2025-1246,19370000000.0,36,VAY_DAU_TU_TSCD,Thuong_Mai_Dich_Vu,15,58020000000.0,2.9,0,15,2.0,0.153,0
SME-2025-1247,1330000000.0,6,VAY_VON_LUU_DONG,Thuong_Mai_Dich_Vu,6,7220000000.0,0.87,0,16,1.5,0.075,0
SME-2025-1248,800000000.0,6,VAY_VON_LUU_DONG,San_Xuat,23,2440000000.0,1.6,0,2,4.6,0.01,0
SME-2025-1249,4920000000.0,12,THAU_CHI,Thuong_Mai_Dich_Vu,21,13680000000.0,4.37,2,16,1.0,0.39,0
SME-2025-1250,22170000000.0,48,VAY_DAU_TU_TSCD,Thuong_Mai_Dich_Vu,16,138300000000.0,1.71,1,6,4.9,0.175,0
SME-2025-1251,2190000000.0,48,VAY_DAU_TU_TSCD,San_Xuat,15,4140000000.0,0.78,3,7,1.0,0.532,1
SME-2025-1252,640000000.0,12,VAY_VON_LUU_DONG,Thuong_Mai_Dich_Vu,8,4060000000.0,3.3,0,17,2.9,0.104,0
SME-2025-1253,1890000000.0,6,VAY_VON_LUU_DONG,San_Xuat,9,4730000000.0,3.41,0,13,4.8,0.072,0
SME-2025-1254,3620000000.0,6,VAY_VON_LUU_DONG,Nong_Nghiep,11,20460000000.0,1.57,0,4,1.1,0.011,0
SME-2025-1255,940000000.0,24,VAY_DAU_TU_TSCD,Thuong_Mai_Dich_Vu,2,2910000000.0,1.62,0,15,2.7,0.133,0
SME-2025-1256,6560000000.0,9,VAY_VON_LUU_DONG,Nong_Nghiep,13,22620000000.0,2.32,0,4,5.1,0.026,0
SME-2025-1257,24780000000.0,9,VAY_VON_LUU_DONG,Xay_Dung,4,69850000000.0,0.49,1,4,1.0,0.221,0
SME-2025-1258,2930000000.0,6,VAY_VON_LUU_DONG,San_Xuat,9,13340000000.0,3.64,0,2,3.5,0.019,0
SME-2025-1259,2000000000.0,12,VAY_VON_LUU_DONG,San_Xuat,5,6870000000.0,1.7,0,6,2.2,0.023,0
SME-2025-1260,2400000000.0,48,VAY_DAU_TU_TSCD,San_Xuat,19,11740000000.0,3.9,0,2,6.1,0.024,0
SME-2025-1261,780000000.0,12,VAY_VON_LUU_DONG,San_Xuat,22,1460000000.0,3.69,0,11,2.4,0.028,0
SME-2025-1262,15840000000.0,60,VAY_DAU_TU_TSCD,Thuong_Mai_Dich_Vu,3,33300000000.0,3.11,0,11,9.8,0.238,0
SME-2025-1263,2530000000.0,6,VAY_VON_LUU_DONG,San_Xuat,21,5740000000.0,1.73,0,4,3.2,0.006,0
SME-2025-1264,2270000000.0,12,VAY_VON_LUU_DONG,Thuong_Mai_Dich_Vu,3,8560000000.0,2.52,1,14,3.0,0.377,0
SME-2025-1265,6600000000.0,6,VAY_VON_LUU_DONG,Xay_Dung,6,37150000000.0,2.22,0,7,2.1,0.04,0
SME-2025-1266,2820000000.0,9,VAY_VON_LUU_DONG,Thuong_Mai_Dich_Vu,10,16850000000.0,1.79,1,12,2.5,0.177,0
SME-2025-1267,6310000000.0,12,VAY_VON_LUU_DONG,Thuong_Mai_Dich_Vu,5,18620000000.0,3.88,0,7,4.7,0.04,0
SME-2025-1268,640000000.0,9,VAY_VON_LUU_DONG,Thuong_Mai_Dich_Vu,3,2880000000.0,2.38,0,4,2.6,0.029,0
SME-2025-1269,12060000000.0,48,VAY_DAU_TU_TSCD,Van_Tai_Kho_Bai,22,65260000000.0,3.81,1,17,2.0,0.41,0
SME-2025-1270,19810000000.0,6,VAY_VON_LUU_DONG,San_Xuat,24,62550000000.0,0.83,0,10,1.2,0.034,0
SME-2025-1271,6330000000.0,60,VAY_DAU_TU_TSCD,Xay_Dung,7,23560000000.0,0.98,0,9,2.3,0.09,0
SME-2025-1272,20930000000.0,6,THAU_CHI,Xay_Dung,22,89220000000.0,4.41,2,12,4.5,0.823,1
SME-2025-1273,900000000.0,24,VAY_DAU_TU_TSCD,Xay_Dung,18,2190000000.0,2.81,0,4,2.0,0.016,0
SME-2025-1274,3240000000.0,6,VAY_VON_LUU_DONG,Thuong_Mai_Dich_Vu,23,6230000000.0,2.49,0,6,12.0,0.024,0
SME-2025-1275,5270000000.0,12,VAY_VON_LUU_DONG,Xay_Dung,8,13270000000.0,2.54,1,6,6.8,0.267,0
SME-2025-1276,4870000000.0,9,VAY_VON_LUU_DONG,Thuong_Mai_Dich_Vu,1,23110000000.0,1.28,1,16,1.0,0.289,0
SME-2025-1277,2400000000.0,6,VAY_VON_LUU_DONG,Xay_Dung,4,5150000000.0,3.35,0,15,2.6,0.092,0
SME-2025-1278,1880000000.0,6,THAU_CHI,Van_Tai_Kho_Bai,24,5060000000.0,0.75,0,6,2.3,0.008,0
SME-2025-1279,820000000.0,9,VAY_VON_LUU_DONG,Van_Tai_Kho_Bai,7,2780000000.0,2.75,1,4,1.0,0.053,0
SME-2025-1280,2310000000.0,6,VAY_VON_LUU_DONG,Xay_Dung,14,5000000000.0,2.74,0,6,2.3,0.031,0
SME-2025-1281,940000000.0,36,VAY_DAU_TU_TSCD,San_Xuat,13,2540000000.0,4.15,0,6,2.3,0.027,0
SME-2025-1282,8840000000.0,24,VAY_DAU_TU_TSCD,Nong_Nghiep,10,53770000000.0,2.56,0,5,4.8,0.034,0
SME-2025-1283,1130000000.0,36,VAY_DAU_TU_TSCD,Van_Tai_Kho_Bai,23,2140000000.0,0.96,2,5,5.5,0.292,0
SME-2025-1284,630000000.0,9,VAY_VON_LUU_DONG,San_Xuat,18,3070000000.0,2.75,0,3,4.9,0.015,0
SME-2025-1285,4340000000.0,6,VAY_VON_LUU_DONG,Xay_Dung,1,15650000000.0,0.77,1,10,6.6,0.431,0
SME-2025-1286,5130000000.0,12,VAY_VON_LUU_DONG,Van_Tai_Kho_Bai,4,25450000000.0,1.24,0,16,3.2,0.106,0
SME-2025-1287,15150000000.0,9,VAY_VON_LUU_DONG,Thuong_Mai_Dich_Vu,16,69190000000.0,0.53,0,8,3.2,0.042,0
SME-2025-1288,4780000000.0,6,VAY_VON_LUU_DONG,San_Xuat,16,13630000000.0,2.5,1,2,4.6,0.054,0
SME-2025-1289,1930000000.0,9,VAY_VON_LUU_DONG,Thuong_Mai_Dich_Vu,18,11160000000.0,0.75,3,6,2.3,0.508,1
SME-2025-1290,11570000000.0,9,VAY_VON_LUU_DONG,Van_Tai_Kho_Bai,8,47580000000.0,2.32,0,3,3.6,0.019,0
SME-2025-1291,4140000000.0,12,VAY_VON_LUU_DONG,Nong_Nghiep,10,23460000000.0,4.23,0,11,3.5,0.099,0
SME-2025-1292,680000000.0,9,VAY_VON_LUU_DONG,Thuong_Mai_Dich_Vu,16,2520000000.0,3.35,2,7,3.9,0.23,0
SME-2025-1293,4570000000.0,36,VAY_DAU_TU_TSCD,Thuong_Mai_Dich_Vu,23,29380000000.0,0.72,1,8,5.7,0.182,0
SME-2025-1294,17440000000.0,24,VAY_DAU_TU_TSCD,San_Xuat,24,94550000000.0,1.32,0,13,1.8,0.072,0
SME-2025-1295,2360000000.0,24,VAY_DAU_TU_TSCD,Nong_Nghiep,11,14960000000.0,3.16,0,3,1.9,0.018,0
SME-2025-1296,1590000000.0,12,VAY_VON_LUU_DONG,San_Xuat,6,6710000000.0,4.07,1,12,9.2,0.256,0
SME-2025-1297,880000000.0,9,VAY_VON_LUU_DONG,Van_Tai_Kho_Bai,1,3540000000.0,0.53,1,7,1.8,0.109,0
SME-2025-1298,900000000.0,9,VAY_VON_LUU_DONG,Xay_Dung,12,4820000000.0,3.73,2,16,2.4,0.708,1
SME-2025-1299,2720000000.0,36,VAY_DAU_TU_TSCD,Nong_Nghiep,6,16150000000.0,2.7,0,14,4.1,0.159,0
SME-2025-1300,5140000000.0,48,VAY_DAU_TU_TSCD,San_Xuat,13,32540000000.0,2.64,0,4,1.0,0.015,0
SME-2025-1301,690000000.0,9,VAY_VON_LUU_DONG,Thuong_Mai_Dich_Vu,17,2290000000.0,4.33,0,10,2.2,0.014,0
SME-2025-1302,19740000000.0,6,THAU_CHI,San_Xuat,1,109630000000.0,3.47,0,16,1.4,0.296,0
SME-2025-1303,9590000000.0,12,VAY_VON_LUU_DONG,Thuong_Mai_Dich_Vu,8,26760000000.0,3.89,0,5,1.2,0.022,0
SME-2025-1304,4960000000.0,6,VAY_VON_LUU_DONG,Nong_Nghiep,22,21650000000.0,1.85,0,4,5.6,0.014,0
SME-2025-1305,12780000000.0,24,VAY_DAU_TU_TSCD,Thuong_Mai_Dich_Vu,8,33810000000.0,2.67,0,14,4.9,0.175,0
SME-2025-1306,680000000.0,6,THAU_CHI,Thuong_Mai_Dich_Vu,24,2330000000.0,2.92,0,17,1.7,0.054,0
SME-2025-1307,3230000000.0,60,VAY_DAU_TU_TSCD,San_Xuat,11,19950000000.0,1.72,1,12,5.7,0.311,0
SME-2025-1308,5880000000.0,60,VAY_DAU_TU_TSCD,Van_Tai_Kho_Bai,14,14620000000.0,2.74,1,4,6.0,0.164,0
SME-2025-1309,12790000000.0,6,VAY_VON_LUU_DONG,Thuong_Mai_Dich_Vu,24,61040000000.0,1.37,0,3,6.6,0.011,0
SME-2025-1310,10720000000.0,60,VAY_DAU_TU_TSCD,Thuong_Mai_Dich_Vu,10,49170000000.0,0.99,0,13,6.0,0.128,0
SME-2025-1311,1480000000.0,9,VAY_VON_LUU_DONG,Thuong_Mai_Dich_Vu,15,3500000000.0,1.93,0,10,3.6,0.04,0
SME-2025-1312,19840000000.0,6,THAU_CHI,Thuong_Mai_Dich_Vu,7,66110000000.0,3.43,1,9,2.4,0.163,0
SME-2025-1313,810000000.0,6,VAY_VON_LUU_DONG,Xay_Dung,7,3600000000.0,4.16,0,6,4.9,0.034,0
SME-2025-1314,15340000000.0,36,VAY_DAU_TU_TSCD,Thuong_Mai_Dich_Vu,10,41110000000.0,2.28,1,15,2.5,0.711,1
SME-2025-1315,22310000000.0,9,VAY_VON_LUU_DONG,Thuong_Mai_Dich_Vu,4,124110000000.0,3.04,0,15,3.8,0.286,0
SME-2025-1316,1000000000.0,60,VAY_DAU_TU_TSCD,Nong_Nghiep,18,6370000000.0,0.82,0,14,2.3,0.083,0
SME-2025-1317,8430000000.0,6,VAY_VON_LUU_DONG,Nong_Nghiep,10,23680000000.0,4.11,1,10,3.0,0.117,0
SME-2025-1318,590000000.0,36,VAY_DAU_TU_TSCD,San_Xuat,19,1580000000.0,2.73,0,14,1.4,0.071,0
SME-2025-1319,2440000000.0,12,VAY_VON_LUU_DONG,Xay_Dung,14,9610000000.0,3.6,0,3,4.7,0.02,0
SME-2025-1320,3770000000.0,6,VAY_VON_LUU_DONG,San_Xuat,13,20040000000.0,3.66,0,17,3.9,0.135,0
SME-2025-1321,4850000000.0,9,VAY_VON_LUU_DONG,San_Xuat,15,15150000000.0,1.45,0,7,1.1,0.024,0
SME-2025-1322,19460000000.0,9,VAY_VON_LUU_DONG,Thuong_Mai_Dich_Vu,16,36850000000.0,2.57,0,8,2.5,0.051,0
SME-2025-1323,6940000000.0,12,THAU_CHI,Nong_Nghiep,2,30150000000.0,4.34,0,7,5.2,0.069,0
SME-2025-1324,3290000000.0,6,VAY_VON_LUU_DONG,San_Xuat,4,20710000000.0,0.77,1,16,1.7,0.251,0
SME-2025-1325,11870000000.0,6,THAU_CHI,Xay_Dung,21,43190000000.0,3.2,1,4,1.7,0.09,0
SME-2025-1326,20600000000.0,6,VAY_VON_LUU_DONG,Van_Tai_Kho_Bai,18,77760000000.0,4.35,1,11,2.7,0.328,0
SME-2025-1327,550000000.0,6,VAY_VON_LUU_DONG,Nong_Nghiep,17,3490000000.0,1.63,0,15,2.0,0.045,0
SME-2025-1328,23350000000.0,60,VAY_DAU_TU_TSCD,Thuong_Mai_Dich_Vu,10,118260000000.0,3.93,0,11,7.3,0.231,0
SME-2025-1329,700000000.0,48,VAY_DAU_TU_TSCD,Thuong_Mai_Dich_Vu,21,3630000000.0,4.23,0,17,2.0,0.076,0
SME-2025-1330,12090000000.0,6,VAY_VON_LUU_DONG,Thuong_Mai_Dich_Vu,9,53740000000.0,3.46,0,11,2.2,0.111,0
SME-2025-1331,1500000000.0,60,VAY_DAU_TU_TSCD,San_Xuat,15,9570000000.0,1.35,0,10,1.0,0.049,0
SME-2025-1332,840000000.0,48,VAY_DAU_TU_TSCD,San_Xuat,12,4230000000.0,1.77,2,15,2.6,0.679,1
SME-2025-1333,2790000000.0,12,VAY_VON_LUU_DONG,San_Xuat,21,16760000000.0,0.55,0,16,4.8,0.136,0
SME-2025-1334,6210000000.0,12,THAU_CHI,Xay_Dung,9,31590000000.0,3.81,2,13,4.6,0.722,1
SME-2025-1335,2220000000.0,6,THAU_CHI,Van_Tai_Kho_Bai,14,11670000000.0,3.88,0,9,4.7,0.039,0
SME-2025-1336,620000000.0,48,VAY_DAU_TU_TSCD,Thuong_Mai_Dich_Vu,13,1960000000.0,2.99,0,16,4.4,0.07,0
SME-2025-1337,5220000000.0,6,VAY_VON_LUU_DONG,Xay_Dung,6,16840000000.0,1.85,0,9,8.1,0.098,0
SME-2025-1338,17070000000.0,24,VAY_DAU_TU_TSCD,Xay_Dung,19,93540000000.0,0.71,0,9,3.7,0.153,0
SME-2025-1339,2240000000.0,9,VAY_VON_LUU_DONG,San_Xuat,4,7160000000.0,3.49,0,10,2.2,0.063,0
SME-2025-1340,1170000000.0,6,VAY_VON_LUU_DONG,Thuong_Mai_Dich_Vu,20,5200000000.0,3.38,2,2,2.3,0.061,0
SME-2025-1341,2820000000.0,9,VAY_VON_LUU_DONG,Nong_Nghiep,17,8380000000.0,4.14,1,9,2.6,0.093,0
SME-2025-1342,600000000.0,12,VAY_VON_LUU_DONG,San_Xuat,19,3380000000.0,3.4,1,3,1.9,0.06,0
SME-2025-1343,12390000000.0,12,THAU_CHI,San_Xuat,3,28740000000.0,3.8,0,5,3.9,0.048,0
SME-2025-1344,12670000000.0,36,VAY_DAU_TU_TSCD,Thuong_Mai_Dich_Vu,14,72200000000.0,3.46,2,2,5.0,0.459,0
SME-2025-1345,4990000000.0,60,VAY_DAU_TU_TSCD,Thuong_Mai_Dich_Vu,17,23120000000.0,2.99,1,13,2.4,0.263,0
SME-2025-1346,1990000000.0,12,VAY_VON_LUU_DONG,Xay_Dung,13,5330000000.0,2.15,0,7,5.9,0.059,0
SME-2025-1347,11420000000.0,6,VAY_VON_LUU_DONG,Thuong_Mai_Dich_Vu,9,49650000000.0,4.1,1,11,1.4,0.174,0
SME-2025-1348,4380000000.0,12,VAY_VON_LUU_DONG,Thuong_Mai_Dich_Vu,1,13700000000.0,3.07,0,2,1.0,0.009,0
SME-2025-1349,12650000000.0,12,THAU_CHI,San_Xuat,17,42000000000.0,2.03,0,13,2.3,0.104,0
SME-2025-1350,5910000000.0,12,VAY_VON_LUU_DONG,Xay_Dung,16,20400000000.0,0.74,0,6,1.0,0.03,0
SME-2025-1351,10760000000.0,6,THAU_CHI,Xay_Dung,18,22570000000.0,1.59,0,16,1.8,0.159,0
SME-2025-1352,5200000000.0,48,VAY_DAU_TU_TSCD,Nong_Nghiep,2,33460000000.0,2.63,0,10,3.4,0.062,0
SME-2025-1353,2530000000.0,6,VAY_VON_LUU_DONG,Van_Tai_Kho_Bai,14,4930000000.0,1.53,0,2,1.0,0.007,0
SME-2025-1354,21210000000.0,36,VAY_DAU_TU_TSCD,Nong_Nghiep,22,104220000000.0,1.31,1,10,3.3,0.275,0
SME-2025-1355,4150000000.0,6,VAY_VON_LUU_DONG,Thuong_Mai_Dich_Vu,23,14710000000.0,2.56,3,5,2.1,0.357,0
SME-2025-1356,5330000000.0,6,THAU_CHI,Thuong_Mai_Dich_Vu,17,25780000000.0,1.1,3,4,4.4,0.524,1
SME-2025-1357,1180000000.0,6,THAU_CHI,Thuong_Mai_Dich_Vu,3,4100000000.0,3.68,0,9,1.2,0.045,0
SME-2025-1358,5780000000.0,9,VAY_VON_LUU_DONG,Van_Tai_Kho_Bai,2,28710000000.0,2.39,0,7,2.1,0.043,0
SME-2025-1359,4680000000.0,6,VAY_VON_LUU_DONG,San_Xuat,8,24460000000.0,2.75,0,8,1.9,0.035,0
SME-2025-1360,1030000000.0,36,VAY_DAU_TU_TSCD,Thuong_Mai_Dich_Vu,2,5200000000.0,1.0,1,10,3.4,0.248,0
SME-2025-1361,630000000.0,12,THAU_CHI,Thuong_Mai_Dich_Vu,2,1470000000.0,1.73,0,6,2.2,0.024,0
SME-2025-1362,5320000000.0,12,VAY_VON_LUU_DONG,Thuong_Mai_Dich_Vu,9,26000000000.0,2.08,0,14,4.3,0.082,0
SME-2025-1363,9920000000.0,24,VAY_DAU_TU_TSCD,San_Xuat,20,30910000000.0,3.71,1,17,3.5,0.453,0
SME-2025-1364,3870000000.0,48,VAY_DAU_TU_TSCD,Thuong_Mai_Dich_Vu,21,7490000000.0,3.56,0,3,3.0,0.018,0
SME-2025-1365,1210000000.0,60,VAY_DAU_TU_TSCD,Thuong_Mai_Dich_Vu,6,4540000000.0,1.31,0,4,2.6,0.023,0
SME-2025-1366,6780000000.0,6,VAY_VON_LUU_DONG,Xay_Dung,12,26020000000.0,2.93,1,4,7.6,0.132,0
SME-2025-1367,680000000.0,36,VAY_DAU_TU_TSCD,Thuong_Mai_Dich_Vu,9,2720000000.0,1.4,0,5,3.2,0.017,0
SME-2025-1368,2820000000.0,6,THAU_CHI,Xay_Dung,7,14420000000.0,4.45,0,11,3.8,0.068,0
SME-2025-1369,950000000.0,6,VAY_VON_LUU_DONG,Van_Tai_Kho_Bai,12,3090000000.0,4.3,0,8,3.8,0.019,0
SME-2025-1370,1030000000.0,9,VAY_VON_LUU_DONG,Thuong_Mai_Dich_Vu,5,3380000000.0,2.71,0,13,2.2,0.165,0
SME-2025-1371,1100000000.0,12,THAU_CHI,Thuong_Mai_Dich_Vu,16,2290000000.0,3.27,0,11,1.0,0.021,0
SME-2025-1372,2270000000.0,6,VAY_VON_LUU_DONG,San_Xuat,5,11410000000.0,3.69,1,7,7.2,0.17,0
SME-2025-1373,610000000.0,6,THAU_CHI,San_Xuat,12,2730000000.0,3.36,0,4,2.4,0.012,0
SME-2025-1374,2370000000.0,6,VAY_VON_LUU_DONG,Thuong_Mai_Dich_Vu,24,8160000000.0,3.27,1,16,3.7,0.308,0
SME-2025-1375,3700000000.0,9,VAY_VON_LUU_DONG,Xay_Dung,20,18920000000.0,4.33,0,15,7.5,0.18,0
SME-2025-1376,3310000000.0,6,THAU_CHI,Thuong_Mai_Dich_Vu,9,14320000000.0,2.85,0,8,2.3,0.036,0
SME-2025-1377,2240000000.0,9,VAY_VON_LUU_DONG,San_Xuat,23,8970000000.0,3.01,1,5,2.7,0.043,0
SME-2025-1378,13320000000.0,9,VAY_VON_LUU_DONG,Nong_Nghiep,7,55990000000.0,3.88,1,11,6.1,0.406,0
SME-2025-1379,880000000.0,12,VAY_VON_LUU_DONG,Thuong_Mai_Dich_Vu,19,4220000000.0,3.15,0,12,2.1,0.037,0
SME-2025-1380,3620000000.0,36,VAY_DAU_TU_TSCD,San_Xuat,20,17750000000.0,3.41,2,12,1.5,0.379,0
SME-2025-1381,640000000.0,9,VAY_VON_LUU_DONG,Thuong_Mai_Dich_Vu,23,2020000000.0,1.36,0,9,1.0,0.011,0
SME-2025-1382,660000000.0,9,VAY_VON_LUU_DONG,Nong_Nghiep,11,1620000000.0,1.92,0,16,11.3,0.214,0
SME-2025-1383,4720000000.0,12,THAU_CHI,Thuong_Mai_Dich_Vu,21,11970000000.0,1.0,2,8,7.0,0.318,0
SME-2025-1384,4580000000.0,9,VAY_VON_LUU_DONG,Xay_Dung,12,22010000000.0,2.47,0,8,1.0,0.042,0
SME-2025-1385,15510000000.0,36,VAY_DAU_TU_TSCD,Thuong_Mai_Dich_Vu,3,91550000000.0,2.27,0,10,4.7,0.131,0
SME-2025-1386,4430000000.0,9,VAY_VON_LUU_DONG,San_Xuat,17,16500000000.0,4.49,0,9,7.3,0.031,0
SME-2025-1387,21360000000.0,36,VAY_DAU_TU_TSCD,Xay_Dung,7,55470000000.0,2.91,0,13,3.0,0.26,0
SME-2025-1388,600000000.0,9,VAY_VON_LUU_DONG,San_Xuat,22,3210000000.0,3.62,0,2,2.5,0.006,0
SME-2025-1389,730000000.0,12,THAU_CHI,Thuong_Mai_Dich_Vu,10,4170000000.0,1.77,0,17,2.6,0.061,0
SME-2025-1390,590000000.0,6,VAY_VON_LUU_DONG,San_Xuat,23,3500000000.0,3.81,0,8,6.7,0.049,0
SME-2025-1391,1030000000.0,6,VAY_VON_LUU_DONG,Van_Tai_Kho_Bai,15,4790000000.0,2.92,0,16,1.8,0.128,0
SME-2025-1392,4160000000.0,9,VAY_VON_LUU_DONG,Xay_Dung,2,24320000000.0,3.26,0,4,1.8,0.045,0
SME-2025-1393,6250000000.0,6,VAY_VON_LUU_DONG,San_Xuat,13,11700000000.0,1.61,0,13,1.8,0.056,0
SME-2025-1394,600000000.0,12,VAY_VON_LUU_DONG,Xay_Dung,4,1380000000.0,2.65,0,5,1.0,0.023,0
SME-2025-1395,20240000000.0,6,VAY_VON_LUU_DONG,San_Xuat,18,45240000000.0,3.0,2,7,2.5,0.47,0
SME-2025-1396,13480000000.0,60,VAY_DAU_TU_TSCD,Thuong_Mai_Dich_Vu,24,69410000000.0,2.82,1,6,6.2,0.201,0
SME-2025-1397,1600000000.0,9,VAY_VON_LUU_DONG,Xay_Dung,23,3400000000.0,4.15,1,9,4.1,0.138,0
SME-2025-1398,680000000.0,9,VAY_VON_LUU_DONG,San_Xuat,1,2810000000.0,4.08,0,3,4.4,0.014,0
SME-2025-1399,970000000.0,24,VAY_DAU_TU_TSCD,San_Xuat,2,3900000000.0,4.38,0,6,3.8,0.041,0
SME-2025-1400,820000000.0,36,VAY_DAU_TU_TSCD,Xay_Dung,2,2670000000.0,3.14,0,6,2.8,0.07,0
SME-2025-1401,810000000.0,12,VAY_VON_LUU_DONG,San_Xuat,4,4770000000.0,4.38,1,16,2.8,0.178,0
SME-2025-1402,3800000000.0,12,VAY_VON_LUU_DONG,Thuong_Mai_Dich_Vu,3,9880000000.0,3.81,0,4,3.8,0.018,0
SME-2025-1403,1310000000.0,9,VAY_VON_LUU_DONG,Thuong_Mai_Dich_Vu,17,4530000000.0,1.51,1,15,2.3,0.226,0
SME-2025-1404,2030000000.0,48,VAY_DAU_TU_TSCD,Thuong_Mai_Dich_Vu,14,11040000000.0,2.15,3,11,1.7,0.726,1
SME-2025-1405,23990000000.0,48,VAY_DAU_TU_TSCD,Thuong_Mai_Dich_Vu,2,46610000000.0,1.38,0,16,2.4,0.403,0
SME-2025-1406,7270000000.0,6,VAY_VON_LUU_DONG,Thuong_Mai_Dich_Vu,16,36080000000.0,0.42,0,16,1.3,0.126,0
SME-2025-1407,20480000000.0,48,VAY_DAU_TU_TSCD,Van_Tai_Kho_Bai,11,115450000000.0,1.17,0,14,1.9,0.222,0
SME-2025-1408,870000000.0,60,VAY_DAU_TU_TSCD,San_Xuat,13,5380000000.0,0.42,0,6,5.6,0.03,0
SME-2025-1409,2230000000.0,60,VAY_DAU_TU_TSCD,San_Xuat,1,13200000000.0,3.35,0,5,2.7,0.033,0
SME-2025-1410,4380000000.0,6,THAU_CHI,San_Xuat,23,14460000000.0,2.14,2,12,3.7,0.371,0
SME-2025-1411,680000000.0,9,VAY_VON_LUU_DONG,San_Xuat,2,3100000000.0,1.68,0,6,4.1,0.024,0
SME-2025-1412,510000000.0,6,VAY_VON_LUU_DONG,San_Xuat,2,1100000000.0,3.52,0,11,3.2,0.056,0
SME-2025-1413,6890000000.0,9,VAY_VON_LUU_DONG,Thuong_Mai_Dich_Vu,21,20750000000.0,3.81,0,10,5.1,0.031,0
SME-2025-1414,6160000000.0,9,VAY_VON_LUU_DONG,Xay_Dung,5,13820000000.0,4.4,2,8,2.1,0.474,0
SME-2025-1415,2490000000.0,9,VAY_VON_LUU_DONG,Van_Tai_Kho_Bai,4,8170000000.0,3.03,1,2,3.8,0.052,0
SME-2025-1416,3400000000.0,12,THAU_CHI,San_Xuat,12,20110000000.0,2.29,2,4,1.6,0.182,0
SME-2025-1417,2540000000.0,9,VAY_VON_LUU_DONG,Xay_Dung,3,8720000000.0,1.65,3,10,1.0,0.875,1
SME-2025-1418,550000000.0,6,VAY_VON_LUU_DONG,Van_Tai_Kho_Bai,20,2440000000.0,1.31,0,5,2.0,0.011,0
SME-2025-1419,1860000000.0,9,VAY_VON_LUU_DONG,Nong_Nghiep,10,7140000000.0,1.27,0,5,2.8,0.019,0
SME-2025-1420,1000000000.0,6,THAU_CHI,Xay_Dung,20,3960000000.0,2.08,0,11,1.6,0.043,0
SME-2025-1421,730000000.0,12,VAY_VON_LUU_DONG,Thuong_Mai_Dich_Vu,18,4640000000.0,4.47,0,7,7.2,0.021,0
SME-2025-1422,21110000000.0,9,VAY_VON_LUU_DONG,Nong_Nghiep,21,67380000000.0,0.4,1,4,2.9,0.138,0
SME-2025-1423,5220000000.0,12,VAY_VON_LUU_DONG,Xay_Dung,21,24790000000.0,1.21,0,4,4.5,0.027,0
SME-2025-1424,8650000000.0,6,VAY_VON_LUU_DONG,San_Xuat,21,32650000000.0,1.17,0,16,6.4,0.136,0
SME-2025-1425,1720000000.0,6,THAU_CHI,Nong_Nghiep,10,3590000000.0,3.34,0,10,3.2,0.046,0
SME-2025-1426,2330000000.0,12,THAU_CHI,Thuong_Mai_Dich_Vu,1,9550000000.0,1.85,0,14,2.1,0.106,0
SME-2025-1427,1260000000.0,9,VAY_VON_LUU_DONG,San_Xuat,6,7080000000.0,2.27,1,6,1.5,0.083,0
SME-2025-1428,730000000.0,12,THAU_CHI,Thuong_Mai_Dich_Vu,11,1650000000.0,1.01,0,15,1.0,0.086,0
SME-2025-1429,1010000000.0,36,VAY_DAU_TU_TSCD,Xay_Dung,2,2150000000.0,2.06,1,8,4.7,0.244,0
SME-2025-1430,11320000000.0,6,THAU_CHI,Nong_Nghiep,7,28550000000.0,0.82,0,6,5.1,0.082,0
SME-2025-1431,7080000000.0,12,VAY_VON_LUU_DONG,San_Xuat,20,38180000000.0,2.59,0,7,6.5,0.02,0
SME-2025-1432,4250000000.0,6,VAY_VON_LUU_DONG,Nong_Nghiep,21,22110000000.0,0.8,1,9,5.9,0.155,0
SME-2025-1433,3210000000.0,12,VAY_VON_LUU_DONG,Thuong_Mai_Dich_Vu,21,14300000000.0,3.64,3,16,7.7,0.891,1
SME-2025-1434,18460000000.0,24,VAY_DAU_TU_TSCD,Xay_Dung,21,73850000000.0,2.72,0,9,5.1,0.113,0
SME-2025-1435,660000000.0,12,VAY_VON_LUU_DONG,San_Xuat,18,3940000000.0,3.37,0,3,3.5,0.014,0
SME-2025-1436,1500000000.0,6,VAY_VON_LUU_DONG,Thuong_Mai_Dich_Vu,21,8110000000.0,2.12,0,12,2.4,0.018,0
SME-2025-1437,1970000000.0,9,VAY_VON_LUU_DONG,Van_Tai_Kho_Bai,19,11060000000.0,1.96,0,10,3.0,0.05,0
SME-2025-1438,10670000000.0,48,VAY_DAU_TU_TSCD,Xay_Dung,4,59990000000.0,0.8,1,11,3.2,0.674,1
SME-2025-1439,24280000000.0,6,VAY_VON_LUU_DONG,San_Xuat,13,117050000000.0,2.55,0,13,7.1,0.263,0
SME-2025-1440,1280000000.0,48,VAY_DAU_TU_TSCD,Thuong_Mai_Dich_Vu,18,5060000000.0,2.51,1,13,6.0,0.207,0
SME-2025-1441,15290000000.0,12,THAU_CHI,Thuong_Mai_Dich_Vu,20,89660000000.0,2.32,1,13,1.8,0.218,0
SME-2025-1442,12890000000.0,9,VAY_VON_LUU_DONG,San_Xuat,24,79300000000.0,3.44,0,15,3.9,0.14,0
SME-2025-1443,1200000000.0,24,VAY_DAU_TU_TSCD,Thuong_Mai_Dich_Vu,13,2290000000.0,3.81,0,7,4.6,0.033,0
SME-2025-1444,2380000000.0,12,VAY_VON_LUU_DONG,Thuong_Mai_Dich_Vu,19,4860000000.0,3.48,0,8,4.3,0.009,0
SME-2025-1445,2480000000.0,12,THAU_CHI,Xay_Dung,17,15640000000.0,0.99,0,4,2.5,0.021,0
SME-2025-1446,22960000000.0,12,VAY_VON_LUU_DONG,Xay_Dung,1,71240000000.0,2.95,0,5,3.1,0.173,0
SME-2025-1447,1010000000.0,36,VAY_DAU_TU_TSCD,San_Xuat,6,5960000000.0,0.73,0,7,5.4,0.062,0
SME-2025-1448,11400000000.0,60,VAY_DAU_TU_TSCD,Thuong_Mai_Dich_Vu,19,41350000000.0,3.25,1,8,2.6,0.2,0
SME-2025-1449,1850000000.0,12,THAU_CHI,Thuong_Mai_Dich_Vu,20,4370000000.0,1.97,0,7,1.6,0.025,0
SME-2025-1450,8720000000.0,24,VAY_DAU_TU_TSCD,Thuong_Mai_Dich_Vu,1,18990000000.0,0.94,1,6,4.5,0.226,0
SME-2025-1451,2590000000.0,12,VAY_VON_LUU_DONG,Xay_Dung,8,6570000000.0,3.93,0,15,3.0,0.233,0
SME-2025-1452,4800000000.0,48,VAY_DAU_TU_TSCD,San_Xuat,17,14280000000.0,2.92,1,13,5.8,0.308,0
SME-2025-1453,12990000000.0,12,THAU_CHI,Nong_Nghiep,21,53210000000.0,1.85,3,3,3.3,0.603,1
SME-2025-1454,11620000000.0,36,VAY_DAU_TU_TSCD,Xay_Dung,22,59230000000.0,0.53,0,13,1.0,0.112,0
SME-2025-1455,14830000000.0,6,VAY_VON_LUU_DONG,Thuong_Mai_Dich_Vu,15,95450000000.0,2.6,1,16,3.7,0.626,1
SME-2025-1456,630000000.0,12,THAU_CHI,Thuong_Mai_Dich_Vu,18,2440000000.0,4.19,0,16,4.0,0.095,0
SME-2025-1457,7490000000.0,48,VAY_DAU_TU_TSCD,Xay_Dung,7,31720000000.0,2.85,1,8,6.0,0.365,0
SME-2025-1458,860000000.0,48,VAY_DAU_TU_TSCD,San_Xuat,16,3660000000.0,4.38,1,6,1.9,0.049,0
SME-2025-1459,2540000000.0,6,VAY_VON_LUU_DONG,San_Xuat,7,11010000000.0,0.96,0,13,2.3,0.073,0
SME-2025-1460,4280000000.0,24,VAY_DAU_TU_TSCD,San_Xuat,17,18120000000.0,2.73,0,10,2.0,0.034,0
SME-2025-1461,2420000000.0,9,VAY_VON_LUU_DONG,Thuong_Mai_Dich_Vu,4,4460000000.0,3.67,0,14,5.7,0.145,0
SME-2025-1462,3820000000.0,36,VAY_DAU_TU_TSCD,San_Xuat,12,6910000000.0,2.55,0,12,1.5,0.082,0
SME-2025-1463,24660000000.0,6,VAY_VON_LUU_DONG,San_Xuat,13,55710000000.0,0.77,4,5,4.6,0.962,1
SME-2025-1464,850000000.0,60,VAY_DAU_TU_TSCD,Thuong_Mai_Dich_Vu,4,1940000000.0,2.79,1,15,1.9,0.393,0
SME-2025-1465,7020000000.0,6,THAU_CHI,San_Xuat,21,35890000000.0,2.91,0,11,3.1,0.043,0
SME-2025-1466,2350000000.0,12,VAY_VON_LUU_DONG,Thuong_Mai_Dich_Vu,1,6490000000.0,3.39,1,13,1.0,0.326,0
SME-2025-1467,840000000.0,6,THAU_CHI,Xay_Dung,1,5040000000.0,3.52,1,3,4.4,0.18,0
SME-2025-1468,930000000.0,6,VAY_VON_LUU_DONG,San_Xuat,7,5730000000.0,3.56,0,8,2.9,0.022,0
SME-2025-1469,20500000000.0,6,THAU_CHI,Xay_Dung,9,130930000000.0,3.12,0,8,4.9,0.262,0
SME-2025-1470,15610000000.0,24,VAY_DAU_TU_TSCD,San_Xuat,1,97000000000.0,1.28,0,2,4.4,0.09,0
SME-2025-1471,17380000000.0,60,VAY_DAU_TU_TSCD,Nong_Nghiep,16,53490000000.0,2.06,2,12,2.4,0.628,1
SME-2025-1472,24190000000.0,36,VAY_DAU_TU_TSCD,Thuong_Mai_Dich_Vu,18,101500000000.0,3.58,1,15,1.9,0.392,0
SME-2025-1473,1130000000.0,12,THAU_CHI,San_Xuat,22,2970000000.0,4.31,0,14,3.3,0.069,0
SME-2025-1474,2010000000.0,12,VAY_VON_LUU_DONG,San_Xuat,15,11230000000.0,0.72,0,17,2.2,0.094,0
SME-2025-1475,6850000000.0,6,VAY_VON_LUU_DONG,Xay_Dung,6,40930000000.0,2.6,1,17,8.3,0.665,1
SME-2025-1476,3320000000.0,60,VAY_DAU_TU_TSCD,San_Xuat,2,19260000000.0,1.68,2,6,3.2,0.446,0
SME-2025-1477,2570000000.0,36,VAY_DAU_TU_TSCD,San_Xuat,9,9860000000.0,1.32,1,4,6.2,0.176,0
SME-2025-1478,2030000000.0,36,VAY_DAU_TU_TSCD,Thuong_Mai_Dich_Vu,4,10890000000.0,2.47,0,10,3.8,0.04,0
SME-2025-1479,5100000000.0,60,VAY_DAU_TU_TSCD,Nong_Nghiep,13,11520000000.0,2.88,0,10,2.8,0.062,0
SME-2025-1480,4750000000.0,9,VAY_VON_LUU_DONG,Xay_Dung,23,9450000000.0,0.44,0,8,1.8,0.029,0
SME-2025-1481,940000000.0,60,VAY_DAU_TU_TSCD,Thuong_Mai_Dich_Vu,22,5020000000.0,3.6,0,13,4.0,0.097,0
SME-2025-1482,3170000000.0,9,VAY_VON_LUU_DONG,Nong_Nghiep,11,12040000000.0,3.76,1,10,1.6,0.16,0
SME-2025-1483,4360000000.0,6,VAY_VON_LUU_DONG,San_Xuat,13,28250000000.0,4.36,0,13,3.5,0.09,0
SME-2025-1484,4650000000.0,6,VAY_VON_LUU_DONG,Nong_Nghiep,11,10500000000.0,1.14,1,3,4.0,0.055,0
SME-2025-1485,1140000000.0,6,VAY_VON_LUU_DONG,Thuong_Mai_Dich_Vu,19,6640000000.0,2.84,0,12,2.8,0.046,0
SME-2025-1486,9120000000.0,6,VAY_VON_LUU_DONG,Xay_Dung,8,36990000000.0,2.15,1,11,4.9,0.346,0
SME-2025-1487,550000000.0,9,VAY_VON_LUU_DONG,Van_Tai_Kho_Bai,7,3130000000.0,1.77,0,9,2.3,0.032,0
SME-2025-1488,2000000000.0,48,VAY_DAU_TU_TSCD,San_Xuat,16,11280000000.0,2.72,0,11,5.3,0.082,0
SME-2025-1489,10580000000.0,12,VAY_VON_LUU_DONG,San_Xuat,3,64590000000.0,3.61,0,11,6.1,0.141,0
SME-2025-1490,4540000000.0,9,VAY_VON_LUU_DONG,Thuong_Mai_Dich_Vu,17,14530000000.0,0.49,0,11,3.9,0.052,0
SME-2025-1491,1390000000.0,9,VAY_VON_LUU_DONG,Xay_Dung,18,8710000000.0,4.37,2,14,4.8,0.721,1
SME-2025-1492,7580000000.0,12,VAY_VON_LUU_DONG,Xay_Dung,15,19050000000.0,3.72,0,2,4.3,0.021,0
SME-2025-1493,4600000000.0,12,VAY_VON_LUU_DONG,San_Xuat,17,10050000000.0,3.48,0,4,3.9,0.011,0
SME-2025-1494,11270000000.0,9,VAY_VON_LUU_DONG,Thuong_Mai_Dich_Vu,11,43150000000.0,3.52,1,17,3.9,0.405,0
SME-2025-1495,8870000000.0,36,VAY_DAU_TU_TSCD,Thuong_Mai_Dich_Vu,5,50500000000.0,2.0,1,9,1.5,0.171,0
SME-2025-1496,5440000000.0,60,VAY_DAU_TU_TSCD,Thuong_Mai_Dich_Vu,16,21900000000.0,3.48,0,12,5.5,0.16,0
SME-2025-1497,3380000000.0,24,VAY_DAU_TU_TSCD,Van_Tai_Kho_Bai,15,19260000000.0,1.99,2,17,3.1,0.757,1
SME-2025-1498,840000000.0,6,VAY_VON_LUU_DONG,Xay_Dung,10,4390000000.0,4.08,0,9,3.3,0.074,0
SME-2025-1499,1390000000.0,12,VAY_VON_LUU_DONG,San_Xuat,14,3870000000.0,1.13,0,15,3.0,0.096,0
SME-2025-1500,2580000000.0,12,THAU_CHI,Thuong_Mai_Dich_Vu,2,16150000000.0,1.6,0,11,1.9,0.055,0
SME-2025-1501,5210000000.0,12,VAY_VON_LUU_DONG,Thuong_Mai_Dich_Vu,16,10870000000.0,2.66,0,9,2.8,0.056,0
SME-2025-1502,3730000000.0,6,VAY_VON_LUU_DONG,San_Xuat,19,22460000000.0,1.71,0,12,6.4,0.051,0
SME-2025-1503,1540000000.0,6,VAY_VON_LUU_DONG,San_Xuat,8,4980000000.0,2.14,0,16,6.4,0.262,0
SME-2025-1504,510000000.0,12,VAY_VON_LUU_DONG,Nong_Nghiep,15,2120000000.0,2.42,0,13,2.0,0.045,0
SME-2025-1505,3480000000.0,6,VAY_VON_LUU_DONG,Van_Tai_Kho_Bai,10,13170000000.0,3.91,1,12,1.0,0.266,0
SME-2025-1506,1530000000.0,9,VAY_VON_LUU_DONG,Thuong_Mai_Dich_Vu,5,3990000000.0,2.55,0,8,1.0,0.02,0
SME-2025-1507,8850000000.0,60,VAY_DAU_TU_TSCD,San_Xuat,20,30830000000.0,1.89,4,3,2.5,0.781,1
SME-2025-1508,550000000.0,12,VAY_VON_LUU_DONG,Van_Tai_Kho_Bai,16,1490000000.0,1.42,1,4,1.0,0.02,0
SME-2025-1509,4930000000.0,36,VAY_DAU_TU_TSCD,Nong_Nghiep,21,13600000000.0,2.08,0,10,2.0,0.056,0
SME-2025-1510,19880000000.0,36,VAY_DAU_TU_TSCD,Thuong_Mai_Dich_Vu,22,53260000000.0,2.51,0,3,5.8,0.052,0
SME-2025-1511,990000000.0,24,VAY_DAU_TU_TSCD,Nong_Nghiep,12,4060000000.0,3.46,0,14,7.3,0.252,0
SME-2025-1512,3160000000.0,36,VAY_DAU_TU_TSCD,Nong_Nghiep,23,17540000000.0,0.9,1,17,1.1,0.234,0
SME-2025-1513,710000000.0,6,THAU_CHI,Van_Tai_Kho_Bai,13,3180000000.0,1.31,0,8,2.9,0.038,0
SME-2025-1514,5780000000.0,9,VAY_VON_LUU_DONG,Nong_Nghiep,9,34670000000.0,1.96,0,2,1.0,0.012,0
SME-2025-1515,4310000000.0,9,VAY_VON_LUU_DONG,Thuong_Mai_Dich_Vu,17,20650000000.0,1.88,2,4,2.6,0.162,0
SME-2025-1516,2460000000.0,9,VAY_VON_LUU_DONG,Thuong_Mai_Dich_Vu,20,12400000000.0,2.01,0,14,5.0,0.06,0
SME-2025-1517,3840000000.0,60,VAY_DAU_TU_TSCD,Xay_Dung,12,18960000000.0,3.65,0,15,2.2,0.128,0
SME-2025-1518,16680000000.0,12,THAU_CHI,Thuong_Mai_Dich_Vu,5,65260000000.0,1.73,0,17,4.9,0.354,0
SME-2025-1519,1080000000.0,9,VAY_VON_LUU_DONG,Thuong_Mai_Dich_Vu,24,5440000000.0,2.46,1,2,7.4,0.043,0
SME-2025-1520,550000000.0,6,THAU_CHI,Van_Tai_Kho_Bai,12,1170000000.0,2.96,2,7,10.3,0.314,0
SME-2025-1521,14550000000.0,12,VAY_VON_LUU_DONG,Xay_Dung,1,84990000000.0,1.35,0,5,1.0,0.029,0
SME-2025-1522,4780000000.0,6,THAU_CHI,Thuong_Mai_Dich_Vu,20,26080000000.0,3.35,0,2,3.6,0.009,0
SME-2025-1523,16300000000.0,12,VAY_VON_LUU_DONG,Xay_Dung,16,48130000000.0,2.64,1,6,3.3,0.281,0
SME-2025-1524,5170000000.0,12,VAY_VON_LUU_DONG,Thuong_Mai_Dich_Vu,12,27970000000.0,2.23,1,15,5.8,0.381,0
SME-2025-1525,11900000000.0,12,VAY_VON_LUU_DONG,Thuong_Mai_Dich_Vu,9,22130000000.0,3.72,1,5,6.4,0.117,0
SME-2025-1526,2690000000.0,12,VAY_VON_LUU_DONG,San_Xuat,13,7590000000.0,1.4,0,17,3.2,0.062,0
SME-2025-1527,9400000000.0,12,VAY_VON_LUU_DONG,Thuong_Mai_Dich_Vu,17,19800000000.0,4.02,2,15,7.8,0.815,1
SME-2025-1528,17790000000.0,9,VAY_VON_LUU_DONG,San_Xuat,17,97260000000.0,2.7,0,12,2.9,0.059,0
SME-2025-1529,4690000000.0,24,VAY_DAU_TU_TSCD,San_Xuat,4,25100000000.0,2.9,0,11,1.8,0.107,0
SME-2025-1530,1010000000.0,6,VAY_VON_LUU_DONG,Thuong_Mai_Dich_Vu,14,5680000000.0,3.99,1,17,5.0,0.385,0
SME-2025-1531,1430000000.0,9,VAY_VON_LUU_DONG,San_Xuat,19,2600000000.0,3.75,0,15,1.4,0.085,0
SME-2025-1532,1090000000.0,48,VAY_DAU_TU_TSCD,Xay_Dung,7,4530000000.0,2.87,1,12,4.8,0.348,0
SME-2025-1533,1310000000.0,24,VAY_DAU_TU_TSCD,San_Xuat,3,6700000000.0,3.49,0,11,4.9,0.135,0
SME-2025-1534,1660000000.0,9,VAY_VON_LUU_DONG,San_Xuat,1,4200000000.0,2.18,1,3,5.8,0.146,0
SME-2025-1535,4390000000.0,9,VAY_VON_LUU_DONG,Thuong_Mai_Dich_Vu,12,21310000000.0,2.64,0,14,2.9,0.05,0
SME-2025-1536,4990000000.0,6,VAY_VON_LUU_DONG,Xay_Dung,15,10950000000.0,0.65,1,8,5.5,0.205,0
SME-2025-1537,2650000000.0,6,VAY_VON_LUU_DONG,Nong_Nghiep,11,7030000000.0,0.77,0,13,1.0,0.05,0
SME-2025-1538,5550000000.0,60,VAY_DAU_TU_TSCD,Xay_Dung,10,22400000000.0,3.8,0,16,4.2,0.195,0
SME-2025-1539,690000000.0,12,VAY_VON_LUU_DONG,San_Xuat,2,3360000000.0,0.64,1,9,3.6,0.173,0
SME-2025-1540,700000000.0,12,VAY_VON_LUU_DONG,Xay_Dung,4,1740000000.0,1.09,0,5,6.2,0.033,0
SME-2025-1541,980000000.0,24,VAY_DAU_TU_TSCD,Thuong_Mai_Dich_Vu,17,2620000000.0,3.66,0,10,10.2,0.104,0
SME-2025-1542,3790000000.0,12,VAY_VON_LUU_DONG,Thuong_Mai_Dich_Vu,17,10460000000.0,0.4,0,4,8.4,0.053,0
SME-2025-1543,1150000000.0,36,VAY_DAU_TU_TSCD,Van_Tai_Kho_Bai,8,3360000000.0,1.56,1,14,1.1,0.252,0
SME-2025-1544,1510000000.0,12,VAY_VON_LUU_DONG,Thuong_Mai_Dich_Vu,23,4330000000.0,2.79,0,7,3.3,0.015,0
SME-2025-1545,2390000000.0,12,THAU_CHI,Xay_Dung,14,8740000000.0,2.84,0,12,2.3,0.108,0
SME-2025-1546,11980000000.0,12,VAY_VON_LUU_DONG,Thuong_Mai_Dich_Vu,24,58380000000.0,3.59,0,15,1.7,0.115,0
SME-2025-1547,530000000.0,60,VAY_DAU_TU_TSCD,Van_Tai_Kho_Bai,4,2050000000.0,2.47,2,16,4.2,0.717,1
SME-2025-1548,6340000000.0,60,VAY_DAU_TU_TSCD,Xay_Dung,6,34530000000.0,2.49,0,17,2.0,0.332,0
SME-2025-1549,6840000000.0,9,VAY_VON_LUU_DONG,San_Xuat,19,35440000000.0,3.37,0,15,3.7,0.033,0
SME-2025-1550,11370000000.0,48,VAY_DAU_TU_TSCD,Thuong_Mai_Dich_Vu,24,27230000000.0,2.44,1,8,2.7,0.103,0
SME-2025-1551,19220000000.0,12,THAU_CHI,Xay_Dung,4,39010000000.0,2.89,1,8,4.2,0.528,1
SME-2025-1552,540000000.0,60,VAY_DAU_TU_TSCD,Van_Tai_Kho_Bai,3,3200000000.0,4.08,0,7,2.2,0.033,0
SME-2025-1553,910000000.0,60,VAY_DAU_TU_TSCD,Xay_Dung,20,1980000000.0,2.05,3,10,5.7,0.814,1
SME-2025-1554,16020000000.0,12,THAU_CHI,San_Xuat,6,40010000000.0,1.98,0,16,2.8,0.176,0
SME-2025-1555,3010000000.0,12,VAY_VON_LUU_DONG,Van_Tai_Kho_Bai,23,5730000000.0,0.41,0,2,2.0,0.005,0
SME-2025-1556,4550000000.0,6,VAY_VON_LUU_DONG,Nong_Nghiep,7,21630000000.0,2.92,0,14,3.1,0.043,0
SME-2025-1557,6690000000.0,60,VAY_DAU_TU_TSCD,San_Xuat,14,30350000000.0,0.52,2,10,4.5,0.516,1
SME-2025-1558,7120000000.0,12,VAY_VON_LUU_DONG,Van_Tai_Kho_Bai,12,45840000000.0,2.47,0,14,2.2,0.097,0
SME-2025-1559,19140000000.0,24,VAY_DAU_TU_TSCD,Xay_Dung,16,114240000000.0,3.7,0,10,3.3,0.19,0
SME-2025-1560,24700000000.0,6,THAU_CHI,Xay_Dung,20,92150000000.0,2.65,0,5,3.0,0.055,0
SME-2025-1561,8370000000.0,6,VAY_VON_LUU_DONG,Van_Tai_Kho_Bai,8,29680000000.0,1.51,1,14,1.7,0.204,0
SME-2025-1562,1540000000.0,6,VAY_VON_LUU_DONG,Thuong_Mai_Dich_Vu,23,4920000000.0,3.62,0,13,5.5,0.045,0
SME-2025-1563,15620000000.0,24,VAY_DAU_TU_TSCD,San_Xuat,2,39300000000.0,1.51,0,16,6.4,0.316,0
SME-2025-1564,610000000.0,9,VAY_VON_LUU_DONG,Xay_Dung,13,1490000000.0,3.41,0,13,4.5,0.074,0
SME-2025-1565,1230000000.0,36,VAY_DAU_TU_TSCD,Thuong_Mai_Dich_Vu,8,2980000000.0,2.9,1,17,7.1,0.557,1
SME-2025-1566,16730000000.0,9,VAY_VON_LUU_DONG,San_Xuat,21,39090000000.0,1.1,1,6,2.5,0.085,0
SME-2025-1567,1360000000.0,24,VAY_DAU_TU_TSCD,Thuong_Mai_Dich_Vu,20,3990000000.0,4.11,0,4,2.7,0.022,0
SME-2025-1568,1190000000.0,12,VAY_VON_LUU_DONG,Thuong_Mai_Dich_Vu,16,3860000000.0,1.22,1,8,4.4,0.068,0
SME-2025-1569,860000000.0,60,VAY_DAU_TU_TSCD,Xay_Dung,4,5430000000.0,4.46,0,16,2.0,0.174,0
SME-2025-1570,14410000000.0,9,VAY_VON_LUU_DONG,Thuong_Mai_Dich_Vu,16,65120000000.0,0.43,1,3,1.0,0.086,0
SME-2025-1571,3540000000.0,48,VAY_DAU_TU_TSCD,Nong_Nghiep,20,22800000000.0,1.48,0,9,6.2,0.066,0
SME-2025-1572,7010000000.0,12,VAY_VON_LUU_DONG,Xay_Dung,6,24890000000.0,1.22,0,10,2.1,0.102,0
SME-2025-1573,1270000000.0,24,VAY_DAU_TU_TSCD,Xay_Dung,4,5020000000.0,0.46,3,7,6.1,0.826,1
SME-2025-1574,9700000000.0,6,THAU_CHI,San_Xuat,16,32260000000.0,3.4,3,10,4.8,0.822,1
SME-2025-1575,9780000000.0,6,VAY_VON_LUU_DONG,Thuong_Mai_Dich_Vu,23,26010000000.0,3.24,0,7,4.4,0.037,0
SME-2025-1576,1700000000.0,9,VAY_VON_LUU_DONG,Nong_Nghiep,23,4200000000.0,3.65,0,4,5.3,0.014,0
SME-2025-1577,2490000000.0,6,VAY_VON_LUU_DONG,Xay_Dung,21,15540000000.0,1.45,0,11,2.5,0.046,0
SME-2025-1578,1140000000.0,36,VAY_DAU_TU_TSCD,Xay_Dung,13,7340000000.0,2.22,2,4,6.1,0.446,0
SME-2025-1579,22810000000.0,36,VAY_DAU_TU_TSCD,Xay_Dung,5,45870000000.0,3.1,0,3,7.8,0.185,0
SME-2025-1580,6250000000.0,9,VAY_VON_LUU_DONG,Thuong_Mai_Dich_Vu,15,15670000000.0,2.2,0,6,6.0,0.038,0
SME-2025-1581,19350000000.0,9,VAY_VON_LUU_DONG,San_Xuat,8,73350000000.0,3.26,0,14,1.7,0.178,0
SME-2025-1582,1640000000.0,6,VAY_VON_LUU_DONG,Nong_Nghiep,7,4390000000.0,3.0,2,15,3.9,0.504,1
SME-2025-1583,10650000000.0,36,VAY_DAU_TU_TSCD,San_Xuat,14,37380000000.0,0.87,0,5,1.4,0.025,0
SME-2025-1584,10000000000.0,6,VAY_VON_LUU_DONG,Thuong_Mai_Dich_Vu,7,24070000000.0,3.6,0,13,4.9,0.245,0
SME-2025-1585,7480000000.0,6,THAU_CHI,Thuong_Mai_Dich_Vu,22,29510000000.0,3.35,0,7,2.7,0.011,0
SME-2025-1586,21860000000.0,9,VAY_VON_LUU_DONG,Thuong_Mai_Dich_Vu,7,67260000000.0,3.09,0,17,1.0,0.395,0
SME-2025-1587,2330000000.0,24,VAY_DAU_TU_TSCD,San_Xuat,23,8050000000.0,1.04,0,6,2.5,0.022,0
SME-2025-1588,830000000.0,12,VAY_VON_LUU_DONG,Thuong_Mai_Dich_Vu,18,1860000000.0,1.5,2,17,3.4,0.582,1
SME-2025-1589,6920000000.0,6,VAY_VON_LUU_DONG,San_Xuat,10,26380000000.0,2.01,1,7,2.1,0.064,0
SME-2025-1590,8670000000.0,24,VAY_DAU_TU_TSCD,San_Xuat,18,55670000000.0,1.55,0,5,6.2,0.041,0
SME-2025-1591,4740000000.0,60,VAY_DAU_TU_TSCD,Thuong_Mai_Dich_Vu,14,15860000000.0,1.33,1,15,2.3,0.269,0
SME-2025-1592,1120000000.0,12,THAU_CHI,Thuong_Mai_Dich_Vu,10,6630000000.0,3.7,0,14,2.0,0.093,0
SME-2025-1593,3600000000.0,9,VAY_VON_LUU_DONG,San_Xuat,7,20750000000.0,3.02,0,4,1.0,0.012,0
SME-2025-1594,1700000000.0,6,VAY_VON_LUU_DONG,San_Xuat,7,10670000000.0,2.72,3,2,5.4,0.476,0
SME-2025-1595,2660000000.0,36,VAY_DAU_TU_TSCD,Nong_Nghiep,7,14670000000.0,1.33,0,6,3.6,0.042,0
SME-2025-1596,6240000000.0,48,VAY_DAU_TU_TSCD,Nong_Nghiep,5,30580000000.0,4.16,0,7,5.8,0.062,0
SME-2025-1597,9230000000.0,12,VAY_VON_LUU_DONG,San_Xuat,1,53770000000.0,1.18,3,6,3.7,0.812,1
SME-2025-1598,1240000000.0,9,VAY_VON_LUU_DONG,Thuong_Mai_Dich_Vu,14,2670000000.0,3.66,0,6,7.0,0.026,0
SME-2025-1599,2440000000.0,6,VAY_VON_LUU_DONG,Xay_Dung,18,9700000000.0,4.36,1,13,4.7,0.164,0
SME-2025-1600,1430000000.0,12,THAU_CHI,Thuong_Mai_Dich_Vu,13,9220000000.0,3.38,2,7,4.4,0.295,0
SME-2025-1601,1090000000.0,12,VAY_VON_LUU_DONG,Nong_Nghiep,8,5900000000.0,4.47,0,5,3.3,0.026,0
SME-2025-1602,10710000000.0,12,VAY_VON_LUU_DONG,San_Xuat,8,67710000000.0,3.07,0,15,1.0,0.183,0
SME-2025-1603,17530000000.0,6,VAY_VON_LUU_DONG,Thuong_Mai_Dich_Vu,10,95790000000.0,1.29,0,13,2.2,0.161,0
SME-2025-1604,2130000000.0,9,VAY_VON_LUU_DONG,Xay_Dung,17,12590000000.0,1.24,0,5,1.9,0.029,0
SME-2025-1605,9450000000.0,12,VAY_VON_LUU_DONG,Thuong_Mai_Dich_Vu,6,48390000000.0,1.73,0,12,3.3,0.117,0
SME-2025-1606,16710000000.0,6,VAY_VON_LUU_DONG,Thuong_Mai_Dich_Vu,15,89810000000.0,0.43,1,14,2.5,0.293,0
SME-2025-1607,13690000000.0,6,VAY_VON_LUU_DONG,Van_Tai_Kho_Bai,15,58300000000.0,3.19,0,9,5.7,0.059,0
SME-2025-1608,1020000000.0,48,VAY_DAU_TU_TSCD,San_Xuat,16,6270000000.0,1.5,0,12,5.3,0.035,0
SME-2025-1609,21070000000.0,9,VAY_VON_LUU_DONG,San_Xuat,8,119630000000.0,3.74,0,9,2.8,0.1,0
SME-2025-1610,2180000000.0,12,VAY_VON_LUU_DONG,San_Xuat,19,12570000000.0,1.87,0,13,3.6,0.061,0
SME-2025-1611,1890000000.0,6,THAU_CHI,Van_Tai_Kho_Bai,20,9380000000.0,2.37,1,4,2.1,0.021,0
SME-2025-1612,640000000.0,48,VAY_DAU_TU_TSCD,Thuong_Mai_Dich_Vu,15,2070000000.0,4.36,0,8,4.7,0.06,0
SME-2025-1613,3350000000.0,9,VAY_VON_LUU_DONG,Thuong_Mai_Dich_Vu,3,6590000000.0,1.39,1,16,4.4,0.412,0
SME-2025-1614,770000000.0,6,VAY_VON_LUU_DONG,San_Xuat,6,4770000000.0,3.36,0,6,8.2,0.032,0
SME-2025-1615,1320000000.0,9,VAY_VON_LUU_DONG,Nong_Nghiep,8,6010000000.0,3.5,0,6,3.2,0.014,0
SME-2025-1616,1730000000.0,48,VAY_DAU_TU_TSCD,Nong_Nghiep,16,5540000000.0,1.31,0,13,6.7,0.174,0
SME-2025-1617,11830000000.0,12,THAU_CHI,Thuong_Mai_Dich_Vu,15,29590000000.0,2.45,0,14,1.5,0.131,0
SME-2025-1618,15360000000.0,48,VAY_DAU_TU_TSCD,Xay_Dung,13,87530000000.0,1.84,0,4,3.6,0.063,0
SME-2025-1619,1630000000.0,36,VAY_DAU_TU_TSCD,San_Xuat,20,9340000000.0,3.56,0,3,2.8,0.017,0
SME-2025-1620,14380000000.0,48,VAY_DAU_TU_TSCD,Thuong_Mai_Dich_Vu,15,80930000000.0,2.95,2,14,3.8,0.749,1
SME-2025-1621,14300000000.0,9,VAY_VON_LUU_DONG,Thuong_Mai_Dich_Vu,18,69100000000.0,2.35,0,4,4.1,0.022,0
SME-2025-1622,9960000000.0,12,VAY_VON_LUU_DONG,San_Xuat,13,35060000000.0,3.6,2,16,1.2,0.602,1
SME-2025-1623,890000000.0,36,VAY_DAU_TU_TSCD,Thuong_Mai_Dich_Vu,24,2870000000.0,1.36,0,8,5.7,0.029,0
SME-2025-1624,7440000000.0,12,THAU_CHI,San_Xuat,8,13690000000.0,3.49,0,4,5.7,0.028,0
SME-2025-1625,20160000000.0,6,VAY_VON_LUU_DONG,Thuong_Mai_Dich_Vu,14,115270000000.0,3.95,0,17,3.0,0.252,0
SME-2025-1626,7220000000.0,24,VAY_DAU_TU_TSCD,Thuong_Mai_Dich_Vu,11,15960000000.0,4.0,0,16,3.1,0.269,0
SME-2025-1627,1830000000.0,9,VAY_VON_LUU_DONG,San_Xuat,6,8720000000.0,3.61,1,12,4.1,0.399,0
SME-2025-1628,3540000000.0,12,VAY_VON_LUU_DONG,Thuong_Mai_Dich_Vu,24,14760000000.0,2.07,0,17,5.5,0.067,0
SME-2025-1629,6250000000.0,12,VAY_VON_LUU_DONG,Xay_Dung,1,26720000000.0,4.43,0,14,4.0,0.236,0
SME-2025-1630,3680000000.0,12,VAY_VON_LUU_DONG,San_Xuat,2,22650000000.0,1.96,0,3,5.3,0.029,0
SME-2025-1631,800000000.0,60,VAY_DAU_TU_TSCD,Nong_Nghiep,13,1560000000.0,3.02,0,5,2.0,0.023,0
SME-2025-1632,1690000000.0,9,VAY_VON_LUU_DONG,San_Xuat,1,9190000000.0,1.06,1,13,6.9,0.337,0
SME-2025-1633,11540000000.0,36,VAY_DAU_TU_TSCD,Xay_Dung,24,23600000000.0,4.42,0,6,2.5,0.054,0
SME-2025-1634,14540000000.0,60,VAY_DAU_TU_TSCD,San_Xuat,24,28780000000.0,3.29,1,14,4.5,0.283,0
SME-2025-1635,860000000.0,12,THAU_CHI,San_Xuat,4,3290000000.0,3.49,0,8,3.4,0.111,0
SME-2025-1636,20750000000.0,9,VAY_VON_LUU_DONG,San_Xuat,24,43500000000.0,0.67,2,2,1.0,0.212,0
SME-2025-1637,1810000000.0,6,VAY_VON_LUU_DONG,San_Xuat,23,9970000000.0,3.53,1,15,3.6,0.229,0
SME-2025-1638,6670000000.0,9,VAY_VON_LUU_DONG,Thuong_Mai_Dich_Vu,2,28610000000.0,3.58,0,9,3.5,0.045,0
SME-2025-1639,9470000000.0,12,THAU_CHI,San_Xuat,21,18340000000.0,3.15,0,11,2.9,0.037,0
SME-2025-1640,11980000000.0,6,THAU_CHI,Thuong_Mai_Dich_Vu,20,23840000000.0,1.6,2,4,1.0,0.122,0
SME-2025-1641,20220000000.0,6,VAY_VON_LUU_DONG,San_Xuat,16,94620000000.0,2.41,0,15,7.2,0.379,0
SME-2025-1642,1700000000.0,48,VAY_DAU_TU_TSCD,San_Xuat,3,9500000000.0,0.85,1,12,1.8,0.196,0
SME-2025-1643,14370000000.0,9,VAY_VON_LUU_DONG,Xay_Dung,17,55430000000.0,2.33,0,7,2.8,0.056,0
SME-2025-1644,840000000.0,24,VAY_DAU_TU_TSCD,Nong_Nghiep,5,3700000000.0,1.4,0,5,5.8,0.039,0
SME-2025-1645,7890000000.0,9,VAY_VON_LUU_DONG,Thuong_Mai_Dich_Vu,8,43860000000.0,1.83,1,15,5.7,0.478,0
SME-2025-1646,9110000000.0,60,VAY_DAU_TU_TSCD,Thuong_Mai_Dich_Vu,12,42540000000.0,1.07,0,6,3.9,0.031,0
SME-2025-1647,7090000000.0,6,VAY_VON_LUU_DONG,San_Xuat,23,20250000000.0,1.34,0,11,2.0,0.046,0
SME-2025-1648,1340000000.0,48,VAY_DAU_TU_TSCD,Nong_Nghiep,12,6270000000.0,0.71,0,13,3.8,0.128,0
SME-2025-1649,15210000000.0,36,VAY_DAU_TU_TSCD,San_Xuat,1,72290000000.0,4.17,0,16,2.0,0.26,0
SME-2025-1650,970000000.0,36,VAY_DAU_TU_TSCD,San_Xuat,1,5090000000.0,2.57,1,7,1.6,0.139,0
SME-2025-1651,620000000.0,6,VAY_VON_LUU_DONG,Thuong_Mai_Dich_Vu,15,2930000000.0,2.03,2,3,3.6,0.172,0
SME-2025-1652,8280000000.0,6,VAY_VON_LUU_DONG,Xay_Dung,17,52620000000.0,2.59,2,14,1.1,0.643,1
SME-2025-1653,3210000000.0,9,VAY_VON_LUU_DONG,Van_Tai_Kho_Bai,2,8750000000.0,2.98,0,16,6.7,0.153,0
SME-2025-1654,13850000000.0,6,VAY_VON_LUU_DONG,San_Xuat,17,86840000000.0,4.18,0,4,2.3,0.029,0
SME-2025-1655,2240000000.0,9,VAY_VON_LUU_DONG,Van_Tai_Kho_Bai,20,9700000000.0,1.13,1,16,3.0,0.33,0
SME-2025-1656,970000000.0,6,THAU_CHI,Thuong_Mai_Dich_Vu,9,4810000000.0,1.61,0,9,2.2,0.052,0
SME-2025-1657,13180000000.0,48,VAY_DAU_TU_TSCD,Thuong_Mai_Dich_Vu,12,29890000000.0,4.4,0,9,1.5,0.086,0
SME-2025-1658,4280000000.0,6,VAY_VON_LUU_DONG,San_Xuat,4,15360000000.0,1.92,2,2,1.0,0.208,0
SME-2025-1659,1050000000.0,12,VAY_VON_LUU_DONG,San_Xuat,13,5690000000.0,0.49,0,11,1.8,0.031,0
SME-2025-1660,8370000000.0,6,VAY_VON_LUU_DONG,Van_Tai_Kho_Bai,4,42880000000.0,1.01,0,9,6.9,0.072,0
SME-2025-1661,3690000000.0,24,VAY_DAU_TU_TSCD,Xay_Dung,7,7340000000.0,0.51,0,12,6.2,0.189,0
SME-2025-1662,5320000000.0,9,VAY_VON_LUU_DONG,Thuong_Mai_Dich_Vu,14,23240000000.0,4.46,0,3,1.0,0.024,0
SME-2025-1663,3030000000.0,12,THAU_CHI,Van_Tai_Kho_Bai,9,6710000000.0,1.54,0,11,6.7,0.067,0
SME-2025-1664,12790000000.0,6,VAY_VON_LUU_DONG,San_Xuat,23,82890000000.0,4.19,2,11,3.8,0.519,1
SME-2025-1665,12830000000.0,12,THAU_CHI,Thuong_Mai_Dich_Vu,1,77200000000.0,4.48,0,14,1.5,0.174,0
SME-2025-1666,8020000000.0,6,THAU_CHI,Thuong_Mai_Dich_Vu,1,15230000000.0,2.86,0,9,4.7,0.074,0
SME-2025-1667,760000000.0,12,VAY_VON_LUU_DONG,San_Xuat,20,4440000000.0,0.54,1,13,3.1,0.219,0
SME-2025-1668,13310000000.0,6,THAU_CHI,San_Xuat,4,81470000000.0,0.73,0,11,2.4,0.168,0
SME-2025-1669,6900000000.0,9,VAY_VON_LUU_DONG,Xay_Dung,1,23890000000.0,2.37,0,6,2.5,0.139,0
SME-2025-1670,7640000000.0,48,VAY_DAU_TU_TSCD,Xay_Dung,22,39590000000.0,2.07,0,2,4.6,0.02,0
SME-2025-1671,2070000000.0,9,VAY_VON_LUU_DONG,Thuong_Mai_Dich_Vu,10,8030000000.0,2.89,1,9,5.0,0.17,0
SME-2025-1672,15590000000.0,12,THAU_CHI,San_Xuat,2,76070000000.0,2.2,0,13,2.0,0.163,0
SME-2025-1673,8540000000.0,12,THAU_CHI,Van_Tai_Kho_Bai,21,29030000000.0,4.23,0,6,4.2,0.019,0
SME-2025-1674,780000000.0,60,VAY_DAU_TU_TSCD,San_Xuat,24,2590000000.0,2.59,0,16,3.9,0.069,0
SME-2025-1675,2460000000.0,36,VAY_DAU_TU_TSCD,Thuong_Mai_Dich_Vu,15,9340000000.0,3.24,0,2,1.0,0.012,0
SME-2025-1676,16030000000.0,12,VAY_VON_LUU_DONG,Thuong_Mai_Dich_Vu,3,39820000000.0,4.08,0,16,5.1,0.271,0
SME-2025-1677,600000000.0,6,VAY_VON_LUU_DONG,San_Xuat,23,3420000000.0,1.0,1,5,2.0,0.025,0
SME-2025-1678,21500000000.0,9,VAY_VON_LUU_DONG,San_Xuat,9,73940000000.0,1.34,0,14,3.1,0.222,0
SME-2025-1679,7130000000.0,12,VAY_VON_LUU_DONG,Thuong_Mai_Dich_Vu,17,26240000000.0,0.84,1,2,3.8,0.034,0
SME-2025-1680,5910000000.0,36,VAY_DAU_TU_TSCD,Nong_Nghiep,21,35470000000.0,0.97,0,14,5.1,0.092,0
SME-2025-1681,1440000000.0,6,VAY_VON_LUU_DONG,San_Xuat,13,5950000000.0,2.5,0,10,6.3,0.058,0
SME-2025-1682,1320000000.0,6,THAU_CHI,Xay_Dung,3,5750000000.0,1.72,0,11,4.9,0.106,0
SME-2025-1683,19930000000.0,48,VAY_DAU_TU_TSCD,Xay_Dung,4,125470000000.0,2.14,2,3,4.3,0.646,1
SME-2025-1684,1610000000.0,24,VAY_DAU_TU_TSCD,San_Xuat,4,9610000000.0,4.43,1,9,3.6,0.332,0
SME-2025-1685,10390000000.0,12,VAY_VON_LUU_DONG,Thuong_Mai_Dich_Vu,11,26980000000.0,1.04,3,5,2.6,0.73,1
SME-2025-1686,2330000000.0,6,THAU_CHI,Nong_Nghiep,7,9380000000.0,2.62,1,10,6.1,0.219,0
SME-2025-1687,860000000.0,6,THAU_CHI,Xay_Dung,11,5470000000.0,0.81,1,3,1.9,0.044,0
SME-2025-1688,520000000.0,12,VAY_VON_LUU_DONG,Van_Tai_Kho_Bai,24,1850000000.0,1.71,0,13,4.9,0.056,0
SME-2025-1689,4200000000.0,24,VAY_DAU_TU_TSCD,San_Xuat,11,14890000000.0,2.56,0,4,4.6,0.069,0
SME-2025-1690,22740000000.0,24,VAY_DAU_TU_TSCD,Thuong_Mai_Dich_Vu,10,61780000000.0,4.28,0,3,3.5,0.105,0
SME-2025-1691,2120000000.0,12,VAY_VON_LUU_DONG,Xay_Dung,5,4960000000.0,2.0,0,11,6.1,0.081,0
SME-2025-1692,2020000000.0,12,VAY_VON_LUU_DONG,Xay_Dung,13,10660000000.0,0.67,0,15,3.8,0.119,0
SME-2025-1693,1920000000.0,6,VAY_VON_LUU_DONG,Xay_Dung,12,10400000000.0,1.99,0,6,3.6,0.026,0
SME-2025-1694,3830000000.0,6,VAY_VON_LUU_DONG,San_Xuat,10,24340000000.0,1.0,0,12,4.2,0.052,0
SME-2025-1695,2800000000.0,12,VAY_VON_LUU_DONG,Thuong_Mai_Dich_Vu,7,15220000000.0,1.34,0,2,5.4,0.027,0
SME-2025-1696,15630000000.0,12,VAY_VON_LUU_DONG,Thuong_Mai_Dich_Vu,19,46010000000.0,2.93,0,13,1.0,0.112,0
SME-2025-1697,3610000000.0,12,VAY_VON_LUU_DONG,San_Xuat,19,7180000000.0,0.68,0,4,8.6,0.044,0
SME-2025-1698,3640000000.0,6,VAY_VON_LUU_DONG,Nong_Nghiep,19,23410000000.0,2.31,3,2,5.1,0.46,0
SME-2025-1699,860000000.0,6,THAU_CHI,Xay_Dung,12,2920000000.0,2.9,0,11,3.9,0.069,0
SME-2025-1700,23370000000.0,9,VAY_VON_LUU_DONG,Thuong_Mai_Dich_Vu,20,76330000000.0,2.13,0,16,1.0,0.184,0
SME-2025-1701,1330000000.0,12,THAU_CHI,San_Xuat,22,8060000000.0,0.48,2,15,6.8,0.49,0
SME-2025-1702,670000000.0,6,VAY_VON_LUU_DONG,San_Xuat,15,3050000000.0,4.44,0,9,2.6,0.04,0
SME-2025-1703,6690000000.0,12,VAY_VON_LUU_DONG,Xay_Dung,5,18800000000.0,1.91,0,16,1.5,0.153,0
SME-2025-1704,5130000000.0,6,VAY_VON_LUU_DONG,Thuong_Mai_Dich_Vu,24,30670000000.0,3.59,0,17,5.0,0.09,0
SME-2025-1705,2540000000.0,9,VAY_VON_LUU_DONG,Thuong_Mai_Dich_Vu,14,16430000000.0,1.74,0,13,2.2,0.047,0
SME-2025-1706,2610000000.0,6,VAY_VON_LUU_DONG,Xay_Dung,12,5760000000.0,2.35,0,5,1.0,0.008,0
SME-2025-1707,10780000000.0,48,VAY_DAU_TU_TSCD,San_Xuat,21,63090000000.0,1.99,0,4,5.9,0.046,0
SME-2025-1708,1080000000.0,9,VAY_VON_LUU_DONG,Xay_Dung,11,3930000000.0,1.8,0,9,1.1,0.029,0
SME-2025-1709,12380000000.0,36,VAY_DAU_TU_TSCD,Thuong_Mai_Dich_Vu,5,52780000000.0,0.49,1,14,3.2,0.567,1
SME-2025-1710,6330000000.0,48,VAY_DAU_TU_TSCD,Thuong_Mai_Dich_Vu,16,38610000000.0,1.88,0,10,3.9,0.055,0
SME-2025-1711,2580000000.0,12,VAY_VON_LUU_DONG,San_Xuat,18,16450000000.0,4.05,0,9,3.5,0.024,0
SME-2025-1712,3000000000.0,12,VAY_VON_LUU_DONG,San_Xuat,12,9100000000.0,3.23,0,7,2.1,0.015,0
SME-2025-1713,1360000000.0,24,VAY_DAU_TU_TSCD,Thuong_Mai_Dich_Vu,5,3810000000.0,1.0,0,17,3.4,0.27,0
SME-2025-1714,9480000000.0,6,VAY_VON_LUU_DONG,San_Xuat,16,20650000000.0,2.82,1,17,1.0,0.461,0
SME-2025-1715,3720000000.0,6,VAY_VON_LUU_DONG,San_Xuat,12,16520000000.0,4.06,0,15,3.9,0.133,0
SME-2025-1716,1750000000.0,12,THAU_CHI,San_Xuat,23,3260000000.0,3.27,1,16,2.6,0.207,0
SME-2025-1717,5150000000.0,12,VAY_VON_LUU_DONG,Xay_Dung,2,19240000000.0,1.01,0,4,4.5,0.051,0
SME-2025-1718,24590000000.0,48,VAY_DAU_TU_TSCD,Thuong_Mai_Dich_Vu,6,52740000000.0,3.96,1,9,3.9,0.595,1
SME-2025-1719,2740000000.0,12,THAU_CHI,Thuong_Mai_Dich_Vu,23,10150000000.0,1.64,0,14,1.2,0.037,0
SME-2025-1720,18330000000.0,6,VAY_VON_LUU_DONG,San_Xuat,21,36430000000.0,2.26,0,6,2.9,0.057,0
SME-2025-1721,1930000000.0,9,VAY_VON_LUU_DONG,Thuong_Mai_Dich_Vu,4,11050000000.0,2.56,1,6,1.5,0.061,0
SME-2025-1722,620000000.0,6,VAY_VON_LUU_DONG,San_Xuat,13,1730000000.0,3.89,1,13,3.5,0.244,0
SME-2025-1723,1110000000.0,9,VAY_VON_LUU_DONG,Nong_Nghiep,10,3710000000.0,4.22,0,10,2.7,0.057,0
SME-2025-1724,2570000000.0,12,VAY_VON_LUU_DONG,Thuong_Mai_Dich_Vu,17,15140000000.0,4.21,3,2,4.8,0.309,0
SME-2025-1725,1180000000.0,48,VAY_DAU_TU_TSCD,Thuong_Mai_Dich_Vu,14,6260000000.0,0.43,0,8,3.6,0.028,0
SME-2025-1726,500000000.0,6,VAY_VON_LUU_DONG,San_Xuat,24,1410000000.0,4.18,0,9,2.7,0.018,0
SME-2025-1727,17930000000.0,6,VAY_VON_LUU_DONG,San_Xuat,15,38330000000.0,0.62,0,12,3.5,0.133,0
SME-2025-1728,13570000000.0,12,THAU_CHI,Xay_Dung,8,70070000000.0,1.49,1,11,2.3,0.326,0
SME-2025-1729,9120000000.0,48,VAY_DAU_TU_TSCD,Thuong_Mai_Dich_Vu,23,33160000000.0,2.51,3,4,4.1,0.587,1
SME-2025-1730,960000000.0,24,VAY_DAU_TU_TSCD,San_Xuat,24,5180000000.0,2.37,0,9,3.6,0.014,0
SME-2025-1731,800000000.0,12,VAY_VON_LUU_DONG,Van_Tai_Kho_Bai,18,3110000000.0,2.88,0,2,1.0,0.008,0
SME-2025-1732,650000000.0,48,VAY_DAU_TU_TSCD,Van_Tai_Kho_Bai,3,2230000000.0,2.37,0,9,10.4,0.168,0
SME-2025-1733,8490000000.0,9,VAY_VON_LUU_DONG,Thuong_Mai_Dich_Vu,17,33290000000.0,4.23,0,8,3.2,0.057,0
SME-2025-1734,18920000000.0,6,VAY_VON_LUU_DONG,Van_Tai_Kho_Bai,24,100620000000.0,1.39,0,5,2.5,0.033,0
SME-2025-1735,2690000000.0,12,VAY_VON_LUU_DONG,San_Xuat,24,16250000000.0,1.52,0,17,3.1,0.064,0
SME-2025-1736,800000000.0,12,THAU_CHI,San_Xuat,7,1630000000.0,4.18,0,12,4.6,0.05,0
SME-2025-1737,3710000000.0,6,VAY_VON_LUU_DONG,San_Xuat,13,15820000000.0,0.71,0,8,2.9,0.022,0
SME-2025-1738,1960000000.0,9,VAY_VON_LUU_DONG,Thuong_Mai_Dich_Vu,16,3830000000.0,2.9,0,11,2.8,0.036,0
SME-2025-1739,2170000000.0,9,VAY_VON_LUU_DONG,San_Xuat,5,8680000000.0,3.2,1,15,1.5,0.218,0
SME-2025-1740,5680000000.0,6,VAY_VON_LUU_DONG,Van_Tai_Kho_Bai,4,33860000000.0,2.47,0,12,2.3,0.061,0
SME-2025-1741,8320000000.0,24,VAY_DAU_TU_TSCD,San_Xuat,10,29120000000.0,3.25,0,17,3.7,0.224,0
SME-2025-1742,770000000.0,60,VAY_DAU_TU_TSCD,Xay_Dung,13,4760000000.0,1.11,0,8,3.4,0.033,0
SME-2025-1743,570000000.0,48,VAY_DAU_TU_TSCD,Nong_Nghiep,10,2720000000.0,3.9,0,14,2.3,0.064,0
SME-2025-1744,24450000000.0,9,VAY_VON_LUU_DONG,San_Xuat,14,151360000000.0,0.97,0,11,3.9,0.164,0
SME-2025-1745,1240000000.0,9,VAY_VON_LUU_DONG,San_Xuat,22,6640000000.0,2.04,1,14,2.3,0.156,0
SME-2025-1746,620000000.0,9,VAY_VON_LUU_DONG,Thuong_Mai_Dich_Vu,12,1420000000.0,0.71,4,13,3.9,0.951,1
SME-2025-1747,1050000000.0,6,VAY_VON_LUU_DONG,San_Xuat,1,3030000000.0,2.64,1,2,1.4,0.051,0
SME-2025-1748,580000000.0,12,VAY_VON_LUU_DONG,San_Xuat,21,2120000000.0,3.15,0,4,2.9,0.01,0
SME-2025-1749,2320000000.0,60,VAY_DAU_TU_TSCD,San_Xuat,20,6030000000.0,4.26,0,8,2.4,0.034,0
SME-2025-1750,11540000000.0,6,VAY_VON_LUU_DONG,Xay_Dung,20,47620000000.0,3.43,0,12,6.3,0.147,0
SME-2025-1751,1900000000.0,6,VAY_VON_LUU_DONG,Van_Tai_Kho_Bai,7,7630000000.0,2.62,2,14,2.5,0.473,0
SME-2025-1752,2840000000.0,6,VAY_VON_LUU_DONG,Nong_Nghiep,9,17880000000.0,4.22,3,6,5.5,0.589,1
SME-2025-1753,7030000000.0,12,VAY_VON_LUU_DONG,San_Xuat,8,26980000000.0,2.36,0,10,3.7,0.108,0
SME-2025-1754,3660000000.0,6,VAY_VON_LUU_DONG,Xay_Dung,13,20100000000.0,2.7,0,8,1.7,0.111,0
SME-2025-1755,14540000000.0,12,THAU_CHI,Xay_Dung,14,90540000000.0,2.84,1,4,5.5,0.237,0
SME-2025-1756,14800000000.0,36,VAY_DAU_TU_TSCD,Van_Tai_Kho_Bai,12,87640000000.0,2.08,0,16,5.0,0.218,0
SME-2025-1757,520000000.0,12,THAU_CHI,San_Xuat,8,1450000000.0,3.84,1,2,4.2,0.092,0
SME-2025-1758,10490000000.0,12,VAY_VON_LUU_DONG,Xay_Dung,21,43340000000.0,1.16,1,6,4.1,0.125,0
SME-2025-1759,3030000000.0,6,VAY_VON_LUU_DONG,Thuong_Mai_Dich_Vu,22,10410000000.0,2.67,0,17,3.5,0.095,0
SME-2025-1760,23930000000.0,12,VAY_VON_LUU_DONG,Van_Tai_Kho_Bai,18,88050000000.0,3.36,3,15,4.4,0.945,1
SME-2025-1761,3310000000.0,6,VAY_VON_LUU_DONG,San_Xuat,16,11570000000.0,4.11,3,16,5.4,0.885,1
SME-2025-1762,23750000000.0,36,VAY_DAU_TU_TSCD,San_Xuat,11,134990000000.0,4.02,2,14,1.3,0.808,1
SME-2025-1763,9570000000.0,6,VAY_VON_LUU_DONG,San_Xuat,16,37560000000.0,2.49,0,11,5.9,0.121,0
SME-2025-1764,1320000000.0,6,VAY_VON_LUU_DONG,San_Xuat,14,5620000000.0,3.04,0,14,6.4,0.085,0
SME-2025-1765,4110000000.0,6,VAY_VON_LUU_DONG,Thuong_Mai_Dich_Vu,3,26380000000.0,2.02,0,6,1.6,0.034,0
SME-2025-1766,24240000000.0,12,VAY_VON_LUU_DONG,Thuong_Mai_Dich_Vu,21,50470000000.0,2.32,0,8,2.5,0.08,0
SME-2025-1767,14320000000.0,60,VAY_DAU_TU_TSCD,Thuong_Mai_Dich_Vu,2,58620000000.0,4.12,0,15,3.9,0.293,0
SME-2025-1768,730000000.0,6,VAY_VON_LUU_DONG,San_Xuat,3,3970000000.0,4.22,0,2,5.2,0.011,0
SME-2025-1769,7930000000.0,6,VAY_VON_LUU_DONG,San_Xuat,4,19910000000.0,4.07,1,11,3.3,0.213,0
SME-2025-1770,1930000000.0,6,VAY_VON_LUU_DONG,San_Xuat,22,9020000000.0,0.97,0,3,4.1,0.012,0
SME-2025-1771,510000000.0,12,VAY_VON_LUU_DONG,San_Xuat,5,1490000000.0,3.89,0,12,2.0,0.061,0
SME-2025-1772,2420000000.0,48,VAY_DAU_TU_TSCD,Thuong_Mai_Dich_Vu,10,14220000000.0,4.29,0,7,3.8,0.031,0
SME-2025-1773,1250000000.0,6,THAU_CHI,San_Xuat,20,4170000000.0,1.88,1,9,6.8,0.125,0
SME-2025-1774,12310000000.0,6,THAU_CHI,San_Xuat,2,41200000000.0,2.53,0,5,3.6,0.053,0
SME-2025-1775,1870000000.0,36,VAY_DAU_TU_TSCD,Xay_Dung,12,8620000000.0,3.59,0,4,4.8,0.048,0
SME-2025-1776,12730000000.0,9,VAY_VON_LUU_DONG,Xay_Dung,5,33900000000.0,2.7,3,4,2.2,0.854,1
SME-2025-1777,500000000.0,36,VAY_DAU_TU_TSCD,Xay_Dung,5,1570000000.0,4.47,0,17,1.9,0.113,0
SME-2025-1778,1670000000.0,6,VAY_VON_LUU_DONG,Nong_Nghiep,23,6280000000.0,2.27,0,4,8.2,0.026,0
SME-2025-1779,1280000000.0,9,VAY_VON_LUU_DONG,San_Xuat,1,4430000000.0,3.33,1,3,4.0,0.082,0
SME-2025-1780,1250000000.0,36,VAY_DAU_TU_TSCD,Thuong_Mai_Dich_Vu,4,5330000000.0,3.65,1,2,5.0,0.065,0
SME-2025-1781,650000000.0,9,VAY_VON_LUU_DONG,Xay_Dung,21,3000000000.0,2.43,0,16,6.1,0.137,0
SME-2025-1782,1040000000.0,6,THAU_CHI,Xay_Dung,24,4640000000.0,3.91,2,17,1.3,0.689,1
SME-2025-1783,4390000000.0,9,VAY_VON_LUU_DONG,Van_Tai_Kho_Bai,12,21400000000.0,2.64,2,6,7.3,0.523,1
SME-2025-1784,1560000000.0,36,VAY_DAU_TU_TSCD,San_Xuat,12,5060000000.0,2.09,0,11,3.6,0.046,0
SME-2025-1785,2560000000.0,24,VAY_DAU_TU_TSCD,Thuong_Mai_Dich_Vu,16,6130000000.0,0.84,0,6,8.0,0.034,0
SME-2025-1786,2180000000.0,12,THAU_CHI,San_Xuat,24,11720000000.0,2.01,0,17,1.7,0.039,0
SME-2025-1787,15390000000.0,48,VAY_DAU_TU_TSCD,Thuong_Mai_Dich_Vu,17,89240000000.0,3.41,0,6,5.5,0.073,0
SME-2025-1788,17260000000.0,36,VAY_DAU_TU_TSCD,Thuong_Mai_Dich_Vu,21,51920000000.0,4.18,0,5,2.4,0.043,0
SME-2025-1789,3440000000.0,12,VAY_VON_LUU_DONG,Nong_Nghiep,10,12770000000.0,1.43,1,16,3.0,0.397,0
SME-2025-1790,1820000000.0,9,VAY_VON_LUU_DONG,Nong_Nghiep,17,7540000000.0,1.86,0,4,5.8,0.019,0
SME-2025-1791,760000000.0,6,VAY_VON_LUU_DONG,Thuong_Mai_Dich_Vu,17,3270000000.0,1.03,1,13,2.6,0.195,0
SME-2025-1792,20830000000.0,60,VAY_DAU_TU_TSCD,San_Xuat,18,102060000000.0,3.23,0,4,3.5,0.033,0
SME-2025-1793,630000000.0,12,VAY_VON_LUU_DONG,Thuong_Mai_Dich_Vu,2,1260000000.0,4.34,0,3,9.5,0.066,0
SME-2025-1794,1600000000.0,48,VAY_DAU_TU_TSCD,Thuong_Mai_Dich_Vu,4,8310000000.0,3.03,0,6,3.5,0.062,0
SME-2025-1795,1600000000.0,12,VAY_VON_LUU_DONG,San_Xuat,19,3350000000.0,2.93,0,5,2.6,0.01,0
SME-2025-1796,1750000000.0,12,VAY_VON_LUU_DONG,Xay_Dung,11,7000000000.0,2.67,0,17,2.5,0.121,0
SME-2025-1797,950000000.0,60,VAY_DAU_TU_TSCD,Nong_Nghiep,17,5410000000.0,0.76,1,17,1.0,0.34,0
SME-2025-1798,10700000000.0,9,VAY_VON_LUU_DONG,Xay_Dung,12,41950000000.0,3.39,0,7,2.9,0.035,0
SME-2025-1799,810000000.0,9,VAY_VON_LUU_DONG,Xay_Dung,2,2030000000.0,2.87,0,3,4.0,0.024,0
SME-2025-1800,5990000000.0,12,VAY_VON_LUU_DONG,Nong_Nghiep,6,38510000000.0,3.11,1,3,2.9,0.052,0
SME-2025-1801,810000000.0,12,THAU_CHI,San_Xuat,9,4840000000.0,4.09,0,9,4.1,0.037,0
SME-2025-1802,660000000.0,48,VAY_DAU_TU_TSCD,San_Xuat,5,3580000000.0,3.61,0,7,11.4,0.09,0
SME-2025-1803,17540000000.0,12,VAY_VON_LUU_DONG,Thuong_Mai_Dich_Vu,20,65500000000.0,3.6,0,4,5.7,0.028,0
SME-2025-1804,1050000000.0,6,VAY_VON_LUU_DONG,Xay_Dung,21,2800000000.0,4.2,1,6,3.4,0.06,0
SME-2025-1805,12420000000.0,12,VAY_VON_LUU_DONG,Thuong_Mai_Dich_Vu,9,77310000000.0,4.46,0,4,5.1,0.031,0
SME-2025-1806,4210000000.0,60,VAY_DAU_TU_TSCD,San_Xuat,23,18110000000.0,2.78,0,12,5.1,0.046,0
SME-2025-1807,680000000.0,36,VAY_DAU_TU_TSCD,San_Xuat,8,3950000000.0,0.85,0,3,1.0,0.018,0
SME-2025-1808,21000000000.0,12,VAY_VON_LUU_DONG,San_Xuat,20,71560000000.0,2.28,2,17,7.1,0.908,1
SME-2025-1809,1310000000.0,6,VAY_VON_LUU_DONG,Van_Tai_Kho_Bai,8,4420000000.0,3.63,0,4,3.4,0.02,0
SME-2025-1810,14440000000.0,9,VAY_VON_LUU_DONG,Xay_Dung,22,92880000000.0,0.51,1,2,4.0,0.146,0
SME-2025-1811,970000000.0,24,VAY_DAU_TU_TSCD,Xay_Dung,21,4130000000.0,0.63,1,15,1.0,0.223,0
SME-2025-1812,14120000000.0,24,VAY_DAU_TU_TSCD,San_Xuat,23,34750000000.0,0.68,0,8,4.2,0.046,0
SME-2025-1813,530000000.0,12,VAY_VON_LUU_DONG,San_Xuat,6,1500000000.0,3.4,1,7,3.7,0.121,0
SME-2025-1814,3700000000.0,6,VAY_VON_LUU_DONG,Xay_Dung,3,15040000000.0,2.45,1,6,2.1,0.179,0
SME-2025-1815,10140000000.0,6,VAY_VON_LUU_DONG,San_Xuat,5,20280000000.0,1.91,0,7,2.7,0.048,0
SME-2025-1816,19370000000.0,12,THAU_CHI,Thuong_Mai_Dich_Vu,9,76970000000.0,0.83,0,9,2.3,0.089,0
SME-2025-1817,17530000000.0,6,VAY_VON_LUU_DONG,Xay_Dung,7,66070000000.0,3.4,0,4,2.5,0.045,0
SME-2025-1818,12340000000.0,48,VAY_DAU_TU_TSCD,Thuong_Mai_Dich_Vu,4,67410000000.0,1.72,0,4,3.5,0.022,0
SME-2025-1819,16140000000.0,48,VAY_DAU_TU_TSCD,Thuong_Mai_Dich_Vu,7,55980000000.0,1.49,2,13,4.6,0.849,1
SME-2025-1820,1090000000.0,12,VAY_VON_LUU_DONG,Xay_Dung,5,7000000000.0,3.07,0,6,6.2,0.077,0
SME-2025-1821,1520000000.0,6,VAY_VON_LUU_DONG,San_Xuat,11,4030000000.0,2.69,0,6,4.1,0.02,0
SME-2025-1822,1550000000.0,9,VAY_VON_LUU_DONG,Thuong_Mai_Dich_Vu,15,7100000000.0,1.89,1,15,3.2,0.197,0
SME-2025-1823,2190000000.0,60,VAY_DAU_TU_TSCD,Thuong_Mai_Dich_Vu,2,4870000000.0,3.03,0,12,5.2,0.107,0
SME-2025-1824,2330000000.0,48,VAY_DAU_TU_TSCD,San_Xuat,13,12230000000.0,1.51,0,2,2.8,0.013,0
SME-2025-1825,4210000000.0,60,VAY_DAU_TU_TSCD,Van_Tai_Kho_Bai,22,27260000000.0,3.66,1,17,2.9,0.414,0
SME-2025-1826,930000000.0,6,VAY_VON_LUU_DONG,San_Xuat,16,5250000000.0,1.34,0,17,3.0,0.065,0
SME-2025-1827,7470000000.0,12,VAY_VON_LUU_DONG,San_Xuat,7,32960000000.0,1.05,1,5,1.6,0.109,0
SME-2025-1828,960000000.0,6,THAU_CHI,San_Xuat,8,3920000000.0,3.61,0,10,4.2,0.04,0
SME-2025-1829,1680000000.0,36,VAY_DAU_TU_TSCD,Van_Tai_Kho_Bai,6,9620000000.0,3.3,0,9,1.0,0.023,0
SME-2025-1830,3580000000.0,12,VAY_VON_LUU_DONG,Thuong_Mai_Dich_Vu,24,22190000000.0,1.15,0,4,3.6,0.01,0
SME-2025-1831,11270000000.0,12,THAU_CHI,Thuong_Mai_Dich_Vu,7,72680000000.0,0.88,0,6,2.7,0.07,0
SME-2025-1832,9020000000.0,24,VAY_DAU_TU_TSCD,San_Xuat,18,33050000000.0,3.84,3,6,2.2,0.59,1
SME-2025-1833,6250000000.0,48,VAY_DAU_TU_TSCD,Xay_Dung,22,40360000000.0,3.58,3,8,3.0,0.743,1
SME-2025-1834,920000000.0,60,VAY_DAU_TU_TSCD,Xay_Dung,22,2330000000.0,1.74,1,9,3.0,0.153,0
SME-2025-1835,4250000000.0,24,VAY_DAU_TU_TSCD,Nong_Nghiep,20,12710000000.0,3.1,0,10,5.7,0.064,0
SME-2025-1836,700000000.0,60,VAY_DAU_TU_TSCD,San_Xuat,7,1550000000.0,0.91,3,8,2.5,0.809,1
SME-2025-1837,2190000000.0,6,VAY_VON_LUU_DONG,San_Xuat,3,6740000000.0,2.48,1,16,2.1,0.28,0
SME-2025-1838,2520000000.0,6,VAY_VON_LUU_DONG,San_Xuat,5,13630000000.0,0.48,0,3,7.6,0.03,0
SME-2025-1839,580000000.0,6,THAU_CHI,Nong_Nghiep,1,3370000000.0,2.01,1,9,3.0,0.193,0
SME-2025-1840,1460000000.0,9,VAY_VON_LUU_DONG,Xay_Dung,15,7970000000.0,0.71,0,9,3.4,0.035,0
SME-2025-1841,21020000000.0,12,VAY_VON_LUU_DONG,Xay_Dung,3,100180000000.0,2.35,0,12,6.3,0.367,0
SME-2025-1842,20850000000.0,6,VAY_VON_LUU_DONG,Xay_Dung,8,87900000000.0,2.13,1,14,4.4,0.732,1
SME-2025-1843,1980000000.0,9,VAY_VON_LUU_DONG,Van_Tai_Kho_Bai,9,10160000000.0,2.22,0,15,3.5,0.08,0
SME-2025-1844,590000000.0,24,VAY_DAU_TU_TSCD,Nong_Nghiep,15,2150000000.0,0.59,0,3,6.9,0.022,0
SME-2025-1845,1010000000.0,12,THAU_CHI,Thuong_Mai_Dich_Vu,10,5810000000.0,1.88,0,14,2.6,0.046,0
SME-2025-1846,2320000000.0,12,VAY_VON_LUU_DONG,San_Xuat,2,11560000000.0,3.5,2,7,4.2,0.469,0
SME-2025-1847,20380000000.0,9,VAY_VON_LUU_DONG,San_Xuat,20,103520000000.0,1.91,0,14,2.6,0.141,0
SME-2025-1848,870000000.0,12,VAY_VON_LUU_DONG,Van_Tai_Kho_Bai,5,3760000000.0,3.33,0,11,6.3,0.068,0
SME-2025-1849,9910000000.0,6,THAU_CHI,Xay_Dung,19,59070000000.0,1.91,0,2,3.6,0.02,0
SME-2025-1850,760000000.0,36,VAY_DAU_TU_TSCD,San_Xuat,13,2270000000.0,2.14,0,12,1.0,0.051,0
SME-2025-1851,23230000000.0,6,VAY_VON_LUU_DONG,Xay_Dung,11,83430000000.0,2.71,3,8,2.4,0.909,1
SME-2025-1852,2220000000.0,36,VAY_DAU_TU_TSCD,Van_Tai_Kho_Bai,1,12110000000.0,4.3,0,11,6.0,0.105,0
SME-2025-1853,10380000000.0,12,THAU_CHI,Xay_Dung,22,42720000000.0,0.85,0,3,1.0,0.014,0
SME-2025-1854,1910000000.0,48,VAY_DAU_TU_TSCD,Thuong_Mai_Dich_Vu,15,11420000000.0,0.53,0,16,2.5,0.099,0
SME-2025-1855,5830000000.0,12,THAU_CHI,Nong_Nghiep,18,19990000000.0,2.89,2,17,1.0,0.595,1
SME-2025-1856,1060000000.0,9,VAY_VON_LUU_DONG,Xay_Dung,16,3750000000.0,4.29,0,6,1.0,0.035,0
SME-2025-1857,890000000.0,60,VAY_DAU_TU_TSCD,San_Xuat,9,5320000000.0,4.46,1,17,1.7,0.309,0
SME-2025-1858,19620000000.0,12,VAY_VON_LUU_DONG,Van_Tai_Kho_Bai,1,78140000000.0,2.39,0,15,4.0,0.198,0
SME-2025-1859,18110000000.0,48,VAY_DAU_TU_TSCD,Van_Tai_Kho_Bai,11,76530000000.0,2.32,0,8,1.6,0.132,0
SME-2025-1860,16100000000.0,48,VAY_DAU_TU_TSCD,Nong_Nghiep,9,54160000000.0,3.04,2,11,8.9,0.792,1
SME-2025-1861,5780000000.0,36,VAY_DAU_TU_TSCD,Thuong_Mai_Dich_Vu,23,17920000000.0,2.68,2,17,4.3,0.8,1
SME-2025-1862,11810000000.0,24,VAY_DAU_TU_TSCD,San_Xuat,11,57670000000.0,3.0,2,12,3.4,0.776,1
SME-2025-1863,660000000.0,9,VAY_VON_LUU_DONG,Van_Tai_Kho_Bai,13,1560000000.0,3.98,2,16,1.3,0.571,1
SME-2025-1864,1850000000.0,9,VAY_VON_LUU_DONG,San_Xuat,2,10980000000.0,3.46,1,16,1.0,0.413,0
SME-2025-1865,1710000000.0,12,THAU_CHI,Nong_Nghiep,14,9340000000.0,2.44,1,10,2.9,0.067,0
SME-2025-1866,6010000000.0,6,THAU_CHI,Van_Tai_Kho_Bai,6,16210000000.0,2.29,1,15,8.2,0.387,0
SME-2025-1867,2010000000.0,12,VAY_VON_LUU_DONG,Thuong_Mai_Dich_Vu,8,10170000000.0,3.02,0,17,1.6,0.116,0
SME-2025-1868,890000000.0,9,VAY_VON_LUU_DONG,Nong_Nghiep,18,4120000000.0,2.27,0,2,1.3,0.006,0
SME-2025-1869,5160000000.0,6,VAY_VON_LUU_DONG,Thuong_Mai_Dich_Vu,16,13760000000.0,2.28,0,17,5.6,0.114,0
SME-2025-1870,12090000000.0,48,VAY_DAU_TU_TSCD,San_Xuat,21,37290000000.0,0.47,3,10,5.6,0.881,1
SME-2025-1871,2230000000.0,48,VAY_DAU_TU_TSCD,Thuong_Mai_Dich_Vu,12,8300000000.0,1.11,0,12,3.8,0.085,0
SME-2025-1872,840000000.0,9,VAY_VON_LUU_DONG,San_Xuat,11,4270000000.0,2.4,1,6,2.3,0.093,0
SME-2025-1873,1080000000.0,12,VAY_VON_LUU_DONG,Thuong_Mai_Dich_Vu,6,5190000000.0,3.77,0,7,4.4,0.029,0
SME-2025-1874,1270000000.0,48,VAY_DAU_TU_TSCD,San_Xuat,3,5460000000.0,1.54,0,15,1.3,0.121,0
SME-2025-1875,1620000000.0,24,VAY_DAU_TU_TSCD,Xay_Dung,14,8770000000.0,2.54,0,9,3.5,0.109,0
SME-2025-1876,6180000000.0,6,VAY_VON_LUU_DONG,Nong_Nghiep,2,33140000000.0,1.81,0,16,1.0,0.09,0
SME-2025-1877,5250000000.0,60,VAY_DAU_TU_TSCD,Van_Tai_Kho_Bai,11,24700000000.0,0.83,0,12,3.3,0.089,0
SME-2025-1878,7610000000.0,12,VAY_VON_LUU_DONG,Xay_Dung,22,41850000000.0,4.33,0,17,5.8,0.154,0
SME-2025-1879,2060000000.0,6,VAY_VON_LUU_DONG,Thuong_Mai_Dich_Vu,3,6940000000.0,3.9,1,15,8.3,0.623,1
SME-2025-1880,12560000000.0,48,VAY_DAU_TU_TSCD,Thuong_Mai_Dich_Vu,18,74630000000.0,0.72,0,3,2.4,0.055,0
SME-2025-1881,1110000000.0,36,VAY_DAU_TU_TSCD,Van_Tai_Kho_Bai,1,5210000000.0,3.35,0,13,3.9,0.137,0
SME-2025-1882,3130000000.0,6,THAU_CHI,Xay_Dung,24,17730000000.0,1.83,0,8,1.0,0.027,0
SME-2025-1883,11470000000.0,60,VAY_DAU_TU_TSCD,Thuong_Mai_Dich_Vu,1,50100000000.0,4.48,1,13,2.2,0.454,0
SME-2025-1884,1010000000.0,48,VAY_DAU_TU_TSCD,Van_Tai_Kho_Bai,12,2850000000.0,1.64,0,5,4.5,0.026,0
SME-2025-1885,770000000.0,12,VAY_VON_LUU_DONG,Xay_Dung,15,3350000000.0,1.38,0,10,5.4,0.065,0
SME-2025-1886,15860000000.0,6,VAY_VON_LUU_DONG,Van_Tai_Kho_Bai,5,56210000000.0,2.73,0,17,4.4,0.212,0
SME-2025-1887,1910000000.0,6,VAY_VON_LUU_DONG,Van_Tai_Kho_Bai,6,9700000000.0,3.82,0,7,2.2,0.034,0
SME-2025-1888,7260000000.0,9,VAY_VON_LUU_DONG,Van_Tai_Kho_Bai,16,29300000000.0,1.19,1,17,1.7,0.247,0
SME-2025-1889,550000000.0,60,VAY_DAU_TU_TSCD,San_Xuat,12,3150000000.0,3.31,1,8,1.9,0.099,0
SME-2025-1890,7440000000.0,6,THAU_CHI,Xay_Dung,12,37100000000.0,0.65,0,12,3.3,0.109,0
SME-2025-1891,1720000000.0,9,VAY_VON_LUU_DONG,Nong_Nghiep,3,8630000000.0,4.17,0,7,1.2,0.021,0
SME-2025-1892,620000000.0,9,VAY_VON_LUU_DONG,Xay_Dung,23,1750000000.0,0.73,0,12,2.4,0.054,0
SME-2025-1893,5430000000.0,36,VAY_DAU_TU_TSCD,Thuong_Mai_Dich_Vu,2,34890000000.0,4.15,0,9,4.4,0.08,0
SME-2025-1894,1280000000.0,6,VAY_VON_LUU_DONG,San_Xuat,7,7370000000.0,2.41,1,7,3.7,0.147,0
SME-2025-1895,2270000000.0,60,VAY_DAU_TU_TSCD,San_Xuat,2,12500000000.0,2.24,0,8,1.5,0.036,0
SME-2025-1896,690000000.0,36,VAY_DAU_TU_TSCD,Xay_Dung,21,2310000000.0,4.39,0,9,5.4,0.057,0
SME-2025-1897,890000000.0,24,VAY_DAU_TU_TSCD,Thuong_Mai_Dich_Vu,7,3840000000.0,4.46,0,16,2.9,0.101,0
SME-2025-1898,1600000000.0,6,VAY_VON_LUU_DONG,Xay_Dung,11,3910000000.0,3.07,3,2,6.3,0.676,1
SME-2025-1899,710000000.0,9,VAY_VON_LUU_DONG,Thuong_Mai_Dich_Vu,11,3070000000.0,0.92,1,16,2.2,0.236,0
SME-2025-1900,17640000000.0,36,VAY_DAU_TU_TSCD,Thuong_Mai_Dich_Vu,14,43850000000.0,2.48,2,11,2.2,0.631,1
SME-2025-1901,510000000.0,48,VAY_DAU_TU_TSCD,Thuong_Mai_Dich_Vu,3,2240000000.0,2.57,0,13,5.3,0.127,0
SME-2025-1902,3320000000.0,9,VAY_VON_LUU_DONG,Thuong_Mai_Dich_Vu,14,16100000000.0,2.51,0,5,1.3,0.014,0
SME-2025-1903,810000000.0,48,VAY_DAU_TU_TSCD,Xay_Dung,11,2940000000.0,2.73,0,7,4.4,0.067,0
SME-2025-1904,1670000000.0,9,VAY_VON_LUU_DONG,Xay_Dung,4,6920000000.0,0.48,0,2,1.0,0.021,0
SME-2025-1905,18720000000.0,36,VAY_DAU_TU_TSCD,San_Xuat,17,110740000000.0,3.32,0,5,2.0,0.045,0
SME-2025-1906,940000000.0,9,VAY_VON_LUU_DONG,Thuong_Mai_Dich_Vu,16,2170000000.0,3.32,0,7,2.4,0.017,0
SME-2025-1907,21870000000.0,12,THAU_CHI,Thuong_Mai_Dich_Vu,3,120750000000.0,0.87,0,8,4.3,0.05,0
SME-2025-1908,1120000000.0,12,VAY_VON_LUU_DONG,Xay_Dung,10,2910000000.0,2.74,1,14,1.0,0.237,0
SME-2025-1909,9100000000.0,12,VAY_VON_LUU_DONG,Xay_Dung,21,17950000000.0,2.73,0,7,4.7,0.076,0
SME-2025-1910,4240000000.0,9,VAY_VON_LUU_DONG,Thuong_Mai_Dich_Vu,15,11330000000.0,3.2,0,12,2.3,0.056,0
SME-2025-1911,15910000000.0,9,VAY_VON_LUU_DONG,San_Xuat,8,85850000000.0,0.75,0,5,6.6,0.048,0
SME-2025-1912,4370000000.0,6,THAU_CHI,Van_Tai_Kho_Bai,18,16190000000.0,2.97,0,13,2.1,0.043,0
SME-2025-1913,4050000000.0,6,THAU_CHI,San_Xuat,3,23900000000.0,1.55,0,14,2.1,0.081,0
SME-2025-1914,1070000000.0,6,VAY_VON_LUU_DONG,Van_Tai_Kho_Bai,7,4560000000.0,2.48,0,8,1.1,0.037,0
SME-2025-1915,960000000.0,6,VAY_VON_LUU_DONG,Xay_Dung,10,1830000000.0,3.57,0,11,3.4,0.097,0
SME-2025-1916,18030000000.0,48,VAY_DAU_TU_TSCD,Xay_Dung,20,93190000000.0,3.29,0,17,7.9,0.41,0
SME-2025-1917,1800000000.0,6,THAU_CHI,San_Xuat,9,4170000000.0,0.89,0,15,2.7,0.086,0
SME-2025-1918,2140000000.0,24,VAY_DAU_TU_TSCD,San_Xuat,14,11790000000.0,2.82,0,3,3.5,0.012,0
SME-2025-1919,9770000000.0,6,VAY_VON_LUU_DONG,San_Xuat,23,25310000000.0,4.37,0,7,1.0,0.015,0
SME-2025-1920,1880000000.0,9,VAY_VON_LUU_DONG,San_Xuat,14,6440000000.0,1.04,0,6,4.6,0.018,0
SME-2025-1921,20730000000.0,48,VAY_DAU_TU_TSCD,Thuong_Mai_Dich_Vu,11,111490000000.0,3.9,0,3,2.5,0.041,0
SME-2025-1922,8970000000.0,12,VAY_VON_LUU_DONG,Xay_Dung,1,56380000000.0,3.28,1,10,2.3,0.369,0
SME-2025-1923,5180000000.0,24,VAY_DAU_TU_TSCD,Thuong_Mai_Dich_Vu,4,18370000000.0,3.57,0,14,1.8,0.196,0
SME-2025-1924,15690000000.0,6,VAY_VON_LUU_DONG,San_Xuat,6,89400000000.0,1.56,0,8,2.1,0.067,0
SME-2025-1925,610000000.0,60,VAY_DAU_TU_TSCD,Van_Tai_Kho_Bai,22,1650000000.0,1.58,2,17,4.4,0.561,1
SME-2025-1926,1370000000.0,12,VAY_VON_LUU_DONG,Thuong_Mai_Dich_Vu,22,7660000000.0,4.11,1,15,5.1,0.231,0
SME-2025-1927,3080000000.0,60,VAY_DAU_TU_TSCD,San_Xuat,5,15060000000.0,1.88,3,4,1.0,0.593,1
SME-2025-1928,1220000000.0,9,VAY_VON_LUU_DONG,Xay_Dung,3,3300000000.0,0.66,1,16,1.4,0.395,0
SME-2025-1929,9180000000.0,60,VAY_DAU_TU_TSCD,San_Xuat,2,29580000000.0,2.86,0,8,3.3,0.155,0
SME-2025-1930,18230000000.0,6,VAY_VON_LUU_DONG,San_Xuat,3,44100000000.0,0.91,0,12,1.4,0.155,0
SME-2025-1931,2620000000.0,48,VAY_DAU_TU_TSCD,Thuong_Mai_Dich_Vu,9,9430000000.0,3.67,1,12,1.6,0.263,0
SME-2025-1932,1910000000.0,48,VAY_DAU_TU_TSCD,Thuong_Mai_Dich_Vu,19,5270000000.0,3.03,3,7,1.8,0.37,0
SME-2025-1933,21510000000.0,60,VAY_DAU_TU_TSCD,Van_Tai_Kho_Bai,19,103820000000.0,3.99,0,8,3.9,0.073,0
SME-2025-1934,2850000000.0,60,VAY_DAU_TU_TSCD,Thuong_Mai_Dich_Vu,17,18450000000.0,3.62,2,5,6.3,0.363,0
SME-2025-1935,3390000000.0,36,VAY_DAU_TU_TSCD,Van_Tai_Kho_Bai,18,6290000000.0,0.86,0,14,2.8,0.089,0
SME-2025-1936,1980000000.0,36,VAY_DAU_TU_TSCD,Van_Tai_Kho_Bai,11,8600000000.0,1.96,0,14,3.3,0.09,0
SME-2025-1937,17550000000.0,6,VAY_VON_LUU_DONG,Nong_Nghiep,12,78910000000.0,3.58,2,17,4.4,0.863,1
SME-2025-1938,4630000000.0,24,VAY_DAU_TU_TSCD,Xay_Dung,3,28230000000.0,2.11,1,11,1.9,0.445,0
SME-2025-1939,9860000000.0,6,VAY_VON_LUU_DONG,San_Xuat,18,41200000000.0,4.39,3,14,4.1,0.839,1
SME-2025-1940,11970000000.0,12,VAY_VON_LUU_DONG,San_Xuat,24,52130000000.0,3.42,1,9,8.3,0.18,0
SME-2025-1941,1900000000.0,6,VAY_VON_LUU_DONG,Thuong_Mai_Dich_Vu,6,7630000000.0,0.46,0,9,1.6,0.032,0
SME-2025-1942,2730000000.0,12,VAY_VON_LUU_DONG,Xay_Dung,7,8360000000.0,4.01,0,8,4.0,0.071,0
SME-2025-1943,13820000000.0,24,VAY_DAU_TU_TSCD,San_Xuat,1,28520000000.0,0.81,2,14,3.3,0.808,1
SME-2025-1944,2070000000.0,36,VAY_DAU_TU_TSCD,Xay_Dung,6,7700000000.0,0.98,0,8,1.6,0.084,0
SME-2025-1945,11160000000.0,36,VAY_DAU_TU_TSCD,San_Xuat,18,22850000000.0,3.41,0,11,5.3,0.09,0
SME-2025-1946,19850000000.0,12,VAY_VON_LUU_DONG,Thuong_Mai_Dich_Vu,13,87090000000.0,3.95,0,14,2.2,0.135,0
SME-2025-1947,5730000000.0,9,VAY_VON_LUU_DONG,San_Xuat,22,18590000000.0,2.6,0,14,1.5,0.106,0
SME-2025-1948,9100000000.0,12,VAY_VON_LUU_DONG,Thuong_Mai_Dich_Vu,19,39200000000.0,1.59,0,9,2.3,0.023,0
SME-2025-1949,11660000000.0,12,VAY_VON_LUU_DONG,Thuong_Mai_Dich_Vu,7,28350000000.0,1.84,1,2,4.2,0.122,0
SME-2025-1950,13640000000.0,9,VAY_VON_LUU_DONG,San_Xuat,19,84340000000.0,1.81,0,7,2.2,0.017,0
SME-2025-1951,2350000000.0,12,VAY_VON_LUU_DONG,Thuong_Mai_Dich_Vu,9,14110000000.0,1.74,0,3,1.0,0.014,0
SME-2025-1952,610000000.0,9,VAY_VON_LUU_DONG,Thuong_Mai_Dich_Vu,3,1640000000.0,1.4,1,2,8.1,0.208,0
SME-2025-1953,2410000000.0,60,VAY_DAU_TU_TSCD,San_Xuat,23,8230000000.0,2.9,0,13,5.6,0.105,0
SME-2025-1954,6980000000.0,24,VAY_DAU_TU_TSCD,San_Xuat,12,32690000000.0,4.09,1,11,3.6,0.368,0
SME-2025-1955,2910000000.0,6,THAU_CHI,Xay_Dung,20,6550000000.0,1.66,0,8,2.4,0.03,0
SME-2025-1956,9360000000.0,12,THAU_CHI,Thuong_Mai_Dich_Vu,24,32450000000.0,1.17,3,7,2.5,0.637,1
SME-2025-1957,2020000000.0,36,VAY_DAU_TU_TSCD,Thuong_Mai_Dich_Vu,18,6020000000.0,3.84,0,6,1.7,0.021,0
SME-2025-1958,5990000000.0,9,VAY_VON_LUU_DONG,San_Xuat,8,36560000000.0,3.44,0,16,3.3,0.243,0
SME-2025-1959,1040000000.0,36,VAY_DAU_TU_TSCD,Xay_Dung,9,6040000000.0,4.22,2,6,9.9,0.531,1
SME-2025-1960,9380000000.0,36,VAY_DAU_TU_TSCD,San_Xuat,13,42450000000.0,1.08,1,10,2.9,0.324,0
SME-2025-1961,4230000000.0,6,VAY_VON_LUU_DONG,Nong_Nghiep,8,17960000000.0,0.99,0,10,4.8,0.07,0
SME-2025-1962,1110000000.0,12,VAY_VON_LUU_DONG,Xay_Dung,22,6850000000.0,2.62,3,13,2.0,0.7,1
SME-2025-1963,1570000000.0,48,VAY_DAU_TU_TSCD,Nong_Nghiep,10,9710000000.0,2.92,0,13,3.5,0.084,0
SME-2025-1964,9350000000.0,6,VAY_VON_LUU_DONG,Xay_Dung,17,59430000000.0,2.37,3,7,2.2,0.59,1
SME-2025-1965,3300000000.0,60,VAY_DAU_TU_TSCD,Thuong_Mai_Dich_Vu,7,7880000000.0,2.86,0,14,3.2,0.043,0
SME-2025-1966,1160000000.0,48,VAY_DAU_TU_TSCD,Thuong_Mai_Dich_Vu,17,2960000000.0,1.14,0,16,6.5,0.102,0
SME-2025-1967,22000000000.0,6,VAY_VON_LUU_DONG,Thuong_Mai_Dich_Vu,23,109570000000.0,2.37,0,4,3.8,0.03,0
SME-2025-1968,8200000000.0,12,VAY_VON_LUU_DONG,Xay_Dung,18,35630000000.0,3.1,0,8,6.3,0.072,0
SME-2025-1969,21140000000.0,9,VAY_VON_LUU_DONG,Thuong_Mai_Dich_Vu,24,39890000000.0,2.17,0,17,6.5,0.184,0
SME-2025-1970,2660000000.0,9,VAY_VON_LUU_DONG,Xay_Dung,2,5560000000.0,3.19,0,5,2.6,0.035,0
SME-2025-1971,3210000000.0,9,VAY_VON_LUU_DONG,Xay_Dung,3,19180000000.0,2.25,0,6,7.3,0.083,0
SME-2025-1972,16770000000.0,60,VAY_DAU_TU_TSCD,Thuong_Mai_Dich_Vu,19,98670000000.0,1.77,0,8,4.0,0.064,0
SME-2025-1973,3900000000.0,6,VAY_VON_LUU_DONG,Nong_Nghiep,1,13570000000.0,1.64,0,16,3.8,0.118,0
SME-2025-1974,7950000000.0,6,VAY_VON_LUU_DONG,Thuong_Mai_Dich_Vu,21,47600000000.0,2.08,1,13,2.1,0.145,0
SME-2025-1975,1340000000.0,12,VAY_VON_LUU_DONG,Xay_Dung,21,6150000000.0,0.49,0,17,5.7,0.218,0
SME-2025-1976,2870000000.0,12,THAU_CHI,Thuong_Mai_Dich_Vu,10,16040000000.0,3.14,1,8,4.2,0.073,0
SME-2025-1977,810000000.0,12,VAY_VON_LUU_DONG,Thuong_Mai_Dich_Vu,21,3090000000.0,3.86,3,16,2.1,0.837,1
SME-2025-1978,1120000000.0,12,VAY_VON_LUU_DONG,Van_Tai_Kho_Bai,14,2610000000.0,1.85,0,11,4.4,0.071,0
SME-2025-1979,500000000.0,6,THAU_CHI,Nong_Nghiep,13,1920000000.0,0.59,3,9,1.5,0.554,1
SME-2025-1980,580000000.0,48,VAY_DAU_TU_TSCD,Thuong_Mai_Dich_Vu,9,2290000000.0,4.45,0,2,1.4,0.015,0
SME-2025-1981,22870000000.0,9,VAY_VON_LUU_DONG,Xay_Dung,6,100390000000.0,1.48,0,6,3.2,0.101,0
SME-2025-1982,1290000000.0,48,VAY_DAU_TU_TSCD,Thuong_Mai_Dich_Vu,6,2960000000.0,0.92,0,16,2.5,0.155,0
SME-2025-1983,6700000000.0,9,VAY_VON_LUU_DONG,Thuong_Mai_Dich_Vu,19,43280000000.0,1.92,0,13,2.6,0.116,0
SME-2025-1984,13320000000.0,6,VAY_VON_LUU_DONG,Van_Tai_Kho_Bai,21,39260000000.0,3.43,2,10,6.3,0.65,1
SME-2025-1985,4310000000.0,9,VAY_VON_LUU_DONG,San_Xuat,10,11780000000.0,1.61,0,17,3.5,0.117,0
SME-2025-1986,910000000.0,9,VAY_VON_LUU_DONG,San_Xuat,23,3890000000.0,2.76,0,16,2.5,0.035,0
SME-2025-1987,8630000000.0,60,VAY_DAU_TU_TSCD,San_Xuat,3,37320000000.0,2.1,1,8,1.5,0.2,0
SME-2025-1988,5230000000.0,9,VAY_VON_LUU_DONG,Thuong_Mai_Dich_Vu,18,20230000000.0,0.88,0,12,4.0,0.06,0
SME-2025-1989,8740000000.0,6,VAY_VON_LUU_DONG,Van_Tai_Kho_Bai,21,47440000000.0,1.75,0,13,4.5,0.093,0
SME-2025-1990,10160000000.0,24,VAY_DAU_TU_TSCD,San_Xuat,19,42960000000.0,3.37,0,14,4.7,0.133,0
SME-2025-1991,22710000000.0,60,VAY_DAU_TU_TSCD,Thuong_Mai_Dich_Vu,5,105960000000.0,2.91,2,3,2.7,0.69,1
SME-2025-1992,4710000000.0,6,VAY_VON_LUU_DONG,Thuong_Mai_Dich_Vu,11,24500000000.0,0.89,1,2,1.0,0.039,0
SME-2025-1993,1900000000.0,24,VAY_DAU_TU_TSCD,Thuong_Mai_Dich_Vu,10,3640000000.0,1.07,0,9,6.4,0.061,0
SME-2025-1994,6320000000.0,12,VAY_VON_LUU_DONG,Xay_Dung,17,28330000000.0,3.03,0,10,1.5,0.061,0
SME-2025-1995,650000000.0,24,VAY_DAU_TU_TSCD,Nong_Nghiep,4,3870000000.0,3.74,0,11,2.8,0.094,0
SME-2025-1996,16730000000.0,60,VAY_DAU_TU_TSCD,San_Xuat,21,31480000000.0,1.83,0,6,4.7,0.044,0
SME-2025-1997,800000000.0,12,THAU_CHI,Thuong_Mai_Dich_Vu,18,2960000000.0,2.84,1,15,4.2,0.17,0
SME-2025-1998,1800000000.0,6,VAY_VON_LUU_DONG,San_Xuat,18,11080000000.0,1.1,0,17,1.9,0.044,0
SME-2025-1999,12160000000.0,12,VAY_VON_LUU_DONG,Xay_Dung,1,42070000000.0,1.68,0,12,9.0,0.31,0
SME-2025-2000,5170000000.0,12,VAY_VON_LUU_DONG,Nong_Nghiep,14,20450000000.0,0.48,2,7,2.7,0.373,0
SME-2025-2001,2330000000.0,12,VAY_VON_LUU_DONG,San_Xuat,8,14940000000.0,3.55,1,17,3.6,0.429,0
SME-2025-2002,3190000000.0,9,VAY_VON_LUU_DONG,San_Xuat,2,8730000000.0,2.04,0,16,3.7,0.209,0
SME-2025-2003,14150000000.0,6,THAU_CHI,Thuong_Mai_Dich_Vu,19,29810000000.0,3.75,0,3,4.3,0.018,0
SME-2025-2004,1890000000.0,6,VAY_VON_LUU_DONG,Thuong_Mai_Dich_Vu,15,11040000000.0,3.3,0,12,4.3,0.05,0
SME-2025-2005,15010000000.0,6,VAY_VON_LUU_DONG,Thuong_Mai_Dich_Vu,2,88290000000.0,3.8,0,6,2.4,0.031,0
SME-2025-2006,710000000.0,36,VAY_DAU_TU_TSCD,San_Xuat,4,2850000000.0,1.57,0,13,1.0,0.114,0
SME-2025-2007,10440000000.0,9,VAY_VON_LUU_DONG,San_Xuat,1,44020000000.0,1.16,0,5,3.9,0.075,0
SME-2025-2008,13770000000.0,60,VAY_DAU_TU_TSCD,Xay_Dung,19,78880000000.0,4.38,1,9,1.3,0.198,0
SME-2025-2009,1020000000.0,12,VAY_VON_LUU_DONG,San_Xuat,21,5380000000.0,3.34,4,9,3.3,0.899,1
SME-2025-2010,2690000000.0,12,VAY_VON_LUU_DONG,Van_Tai_Kho_Bai,10,8190000000.0,3.82,0,15,4.4,0.097,0
SME-2025-2011,960000000.0,6,VAY_VON_LUU_DONG,San_Xuat,1,1800000000.0,0.45,0,6,3.6,0.022,0
SME-2025-2012,7930000000.0,9,VAY_VON_LUU_DONG,Xay_Dung,20,32150000000.0,1.85,1,12,2.5,0.222,0
SME-2025-2013,4060000000.0,12,THAU_CHI,San_Xuat,22,23700000000.0,3.45,2,9,2.8,0.314,0
SME-2025-2014,6000000000.0,6,VAY_VON_LUU_DONG,San_Xuat,15,36060000000.0,0.72,2,17,8.4,0.791,1
SME-2025-2015,1080000000.0,6,VAY_VON_LUU_DONG,Thuong_Mai_Dich_Vu,4,6800000000.0,2.73,0,7,3.2,0.026,0
SME-2025-2016,1140000000.0,12,VAY_VON_LUU_DONG,Thuong_Mai_Dich_Vu,7,6760000000.0,2.16,0,11,1.3,0.051,0
SME-2025-2017,590000000.0,12,VAY_VON_LUU_DONG,San_Xuat,7,2670000000.0,0.47,1,7,1.7,0.102,0
SME-2025-2018,1760000000.0,6,THAU_CHI,San_Xuat,22,6850000000.0,1.37,1,14,5.4,0.192,0
SME-2025-2019,4470000000.0,6,VAY_VON_LUU_DONG,San_Xuat,18,24320000000.0,1.57,0,16,1.1,0.062,0
SME-2025-2020,14340000000.0,24,VAY_DAU_TU_TSCD,Thuong_Mai_Dich_Vu,13,75670000000.0,0.86,0,14,2.1,0.136,0
SME-2025-2021,6790000000.0,6,THAU_CHI,Thuong_Mai_Dich_Vu,10,29400000000.0,2.99,1,5,4.1,0.117,0
SME-2025-2022,2750000000.0,48,VAY_DAU_TU_TSCD,San_Xuat,24,6080000000.0,1.39,0,11,3.1,0.024,0
SME-2025-2023,20810000000.0,12,THAU_CHI,Xay_Dung,8,128040000000.0,1.54,2,13,3.1,0.806,1
SME-2025-2024,8340000000.0,9,VAY_VON_LUU_DONG,Thuong_Mai_Dich_Vu,10,32870000000.0,4.08,0,12,6.2,0.106,0
SME-2025-2025,19020000000.0,9,VAY_VON_LUU_DONG,Nong_Nghiep,14,66720000000.0,2.32,1,4,1.0,0.081,0
SME-2025-2026,3940000000.0,12,VAY_VON_LUU_DONG,Van_Tai_Kho_Bai,14,18750000000.0,2.01,0,10,4.2,0.049,0
SME-2025-2027,1380000000.0,60,VAY_DAU_TU_TSCD,Xay_Dung,20,6850000000.0,3.37,0,6,7.5,0.055,0
SME-2025-2028,610000000.0,6,THAU_CHI,San_Xuat,22,1700000000.0,4.13,1,11,2.7,0.201,0
SME-2025-2029,8560000000.0,9,VAY_VON_LUU_DONG,San_Xuat,11,49080000000.0,0.5,1,11,2.5,0.165,0
SME-2025-2030,800000000.0,48,VAY_DAU_TU_TSCD,Thuong_Mai_Dich_Vu,6,2530000000.0,2.24,2,5,3.8,0.325,0
SME-2025-2031,1630000000.0,9,VAY_VON_LUU_DONG,Van_Tai_Kho_Bai,21,4360000000.0,2.9,0,7,3.1,0.012,0
SME-2025-2032,4010000000.0,36,VAY_DAU_TU_TSCD,Xay_Dung,1,14880000000.0,1.71,1,15,4.6,0.758,1
SME-2025-2033,4550000000.0,9,VAY_VON_LUU_DONG,Xay_Dung,19,23810000000.0,3.57,0,5,2.9,0.042,0
SME-2025-2034,5240000000.0,6,THAU_CHI,Xay_Dung,7,33210000000.0,4.38,0,16,3.4,0.126,0
SME-2025-2035,960000000.0,24,VAY_DAU_TU_TSCD,Xay_Dung,24,5380000000.0,4.27,2,7,1.2,0.262,0
SME-2025-2036,2210000000.0,12,VAY_VON_LUU_DONG,San_Xuat,18,13750000000.0,1.49,0,11,3.3,0.037,0
SME-2025-2037,5590000000.0,9,VAY_VON_LUU_DONG,Thuong_Mai_Dich_Vu,3,13760000000.0,1.33,0,9,3.0,0.05,0
SME-2025-2038,22220000000.0,6,VAY_VON_LUU_DONG,San_Xuat,20,47430000000.0,4.33,0,17,7.4,0.296,0
SME-2025-2039,8610000000.0,12,VAY_VON_LUU_DONG,San_Xuat,11,38070000000.0,2.28,0,9,5.0,0.079,0
SME-2025-2040,18470000000.0,12,VAY_VON_LUU_DONG,Thuong_Mai_Dich_Vu,5,58450000000.0,1.25,2,13,3.7,0.872,1
SME-2025-2041,9860000000.0,6,THAU_CHI,San_Xuat,19,56120000000.0,3.3,0,17,4.1,0.18,0
SME-2025-2042,5060000000.0,48,VAY_DAU_TU_TSCD,San_Xuat,21,25090000000.0,1.57,0,7,3.1,0.038,0
SME-2025-2043,1060000000.0,12,VAY_VON_LUU_DONG,San_Xuat,24,6740000000.0,1.5,1,2,3.0,0.021,0
SME-2025-2044,6790000000.0,9,VAY_VON_LUU_DONG,Nong_Nghiep,24,20350000000.0,4.0,0,14,4.6,0.096,0
SME-2025-2045,5730000000.0,6,THAU_CHI,Thuong_Mai_Dich_Vu,2,23400000000.0,1.07,0,2,2.0,0.025,0
SME-2025-2046,5280000000.0,60,VAY_DAU_TU_TSCD,San_Xuat,22,21940000000.0,0.66,0,15,2.3,0.073,0
SME-2025-2047,3400000000.0,9,VAY_VON_LUU_DONG,Thuong_Mai_Dich_Vu,4,9940000000.0,1.5,0,4,1.0,0.016,0
SME-2025-2048,3950000000.0,24,VAY_DAU_TU_TSCD,San_Xuat,10,18070000000.0,2.89,0,3,2.7,0.012,0
SME-2025-2049,1850000000.0,12,VAY_VON_LUU_DONG,Thuong_Mai_Dich_Vu,2,7180000000.0,0.9,1,2,3.1,0.038,0
SME-2025-2050,3810000000.0,6,VAY_VON_LUU_DONG,Thuong_Mai_Dich_Vu,8,14860000000.0,2.33,0,2,3.9,0.013,0
SME-2025-2051,1080000000.0,9,VAY_VON_LUU_DONG,Nong_Nghiep,1,3790000000.0,2.97,0,13,1.3,0.05,0
SME-2025-2052,11670000000.0,9,VAY_VON_LUU_DONG,Xay_Dung,6,21930000000.0,3.88,0,13,3.3,0.236,0
SME-2025-2053,1030000000.0,6,VAY_VON_LUU_DONG,Van_Tai_Kho_Bai,11,4380000000.0,1.34,0,13,4.6,0.066,0
SME-2025-2054,700000000.0,12,THAU_CHI,Van_Tai_Kho_Bai,10,2360000000.0,3.75,2,7,1.0,0.255,0
SME-2025-2055,2760000000.0,48,VAY_DAU_TU_TSCD,Nong_Nghiep,13,4990000000.0,1.36,0,8,1.7,0.022,0
SME-2025-2056,6570000000.0,48,VAY_DAU_TU_TSCD,Thuong_Mai_Dich_Vu,1,21330000000.0,3.17,1,16,6.3,0.728,1
SME-2025-2057,2770000000.0,6,VAY_VON_LUU_DONG,Xay_Dung,2,8610000000.0,2.17,0,9,2.3,0.082,0
SME-2025-2058,1480000000.0,6,VAY_VON_LUU_DONG,Xay_Dung,3,5400000000.0,0.87,0,4,10.0,0.08,0
SME-2025-2059,4440000000.0,24,VAY_DAU_TU_TSCD,San_Xuat,9,10740000000.0,3.33,0,2,7.1,0.044,0
SME-2025-2060,1940000000.0,12,VAY_VON_LUU_DONG,San_Xuat,5,8120000000.0,1.29,3,6,2.2,0.613,1
SME-2025-2061,19230000000.0,12,VAY_VON_LUU_DONG,Thuong_Mai_Dich_Vu,10,97200000000.0,1.12,0,9,5.5,0.088,0
SME-2025-2062,18470000000.0,12,VAY_VON_LUU_DONG,Thuong_Mai_Dich_Vu,10,87950000000.0,1.87,0,17,5.6,0.373,0
SME-2025-2063,3570000000.0,24,VAY_DAU_TU_TSCD,Van_Tai_Kho_Bai,12,19910000000.0,3.08,4,13,2.6,0.941,1
SME-2025-2064,1800000000.0,12,VAY_VON_LUU_DONG,San_Xuat,18,7060000000.0,1.36,2,12,3.8,0.425,0
SME-2025-2065,8940000000.0,9,VAY_VON_LUU_DONG,San_Xuat,21,37900000000.0,1.15,0,15,2.3,0.061,0
SME-2025-2066,580000000.0,24,VAY_DAU_TU_TSCD,Thuong_Mai_Dich_Vu,21,3250000000.0,0.44,4,17,1.6,0.973,1
SME-2025-2067,3200000000.0,12,VAY_VON_LUU_DONG,Xay_Dung,1,12190000000.0,2.33,1,12,6.5,0.512,1
SME-2025-2068,1860000000.0,6,VAY_VON_LUU_DONG,San_Xuat,3,9480000000.0,2.16,0,5,2.9,0.034,0
SME-2025-2069,18320000000.0,9,VAY_VON_LUU_DONG,Van_Tai_Kho_Bai,5,70400000000.0,1.36,0,3,3.9,0.037,0
SME-2025-2070,520000000.0,9,VAY_VON_LUU_DONG,Thuong_Mai_Dich_Vu,17,1960000000.0,0.62,0,17,6.3,0.129,0
SME-2025-2071,4350000000.0,60,VAY_DAU_TU_TSCD,Xay_Dung,8,23370000000.0,2.16,0,10,5.7,0.148,0
SME-2025-2072,9060000000.0,6,VAY_VON_LUU_DONG,Nong_Nghiep,17,23750000000.0,3.63,1,13,2.5,0.23,0
SME-2025-2073,3330000000.0,6,VAY_VON_LUU_DONG,Thuong_Mai_Dich_Vu,9,11290000000.0,3.33,0,14,1.0,0.035,0
SME-2025-2074,700000000.0,12,THAU_CHI,Thuong_Mai_Dich_Vu,6,2000000000.0,3.93,0,10,2.1,0.076,0
SME-2025-2075,22450000000.0,12,THAU_CHI,Nong_Nghiep,17,78300000000.0,0.44,2,4,1.0,0.326,0
SME-2025-2076,3790000000.0,6,THAU_CHI,San_Xuat,8,10930000000.0,4.36,0,8,5.4,0.056,0
SME-2025-2077,5530000000.0,9,VAY_VON_LUU_DONG,Thuong_Mai_Dich_Vu,21,25010000000.0,1.8,4,14,3.1,0.901,1
SME-2025-2078,1260000000.0,9,VAY_VON_LUU_DONG,San_Xuat,7,6990000000.0,4.46,3,2,1.4,0.501,1
SME-2025-2079,3310000000.0,6,THAU_CHI,San_Xuat,7,18200000000.0,1.44,2,9,3.0,0.515,1
SME-2025-2080,2680000000.0,60,VAY_DAU_TU_TSCD,Van_Tai_Kho_Bai,15,9420000000.0,2.33,1,9,7.3,0.276,0
SME-2025-2081,670000000.0,6,VAY_VON_LUU_DONG,Thuong_Mai_Dich_Vu,7,4320000000.0,1.85,0,14,7.4,0.135,0
SME-2025-2082,760000000.0,6,VAY_VON_LUU_DONG,Thuong_Mai_Dich_Vu,22,3490000000.0,1.86,0,4,1.3,0.017,0
SME-2025-2083,13240000000.0,12,VAY_VON_LUU_DONG,Nong_Nghiep,8,48690000000.0,3.85,0,17,2.0,0.257,0
SME-2025-2084,1280000000.0,12,THAU_CHI,Van_Tai_Kho_Bai,9,7330000000.0,3.46,0,17,7.5,0.121,0
SME-2025-2085,1070000000.0,9,VAY_VON_LUU_DONG,Nong_Nghiep,15,5600000000.0,4.47,0,13,2.4,0.051,0
SME-2025-2086,3600000000.0,6,VAY_VON_LUU_DONG,Xay_Dung,2,19160000000.0,2.92,0,16,2.5,0.233,0
SME-2025-2087,10120000000.0,12,VAY_VON_LUU_DONG,Xay_Dung,7,27550000000.0,2.3,3,6,1.0,0.751,1
SME-2025-2088,640000000.0,48,VAY_DAU_TU_TSCD,San_Xuat,15,2560000000.0,0.77,2,5,2.9,0.268,0
SME-2025-2089,4770000000.0,60,VAY_DAU_TU_TSCD,Xay_Dung,18,27910000000.0,4.49,0,8,5.6,0.117,0
SME-2025-2090,800000000.0,6,VAY_VON_LUU_DONG,Xay_Dung,22,3340000000.0,2.66,0,12,1.0,0.037,0
SME-2025-2091,580000000.0,48,VAY_DAU_TU_TSCD,Thuong_Mai_Dich_Vu,18,2910000000.0,3.27,0,8,1.6,0.021,0
SME-2025-2092,610000000.0,12,THAU_CHI,Thuong_Mai_Dich_Vu,10,2780000000.0,2.07,2,12,6.1,0.442,0
SME-2025-2093,13070000000.0,12,VAY_VON_LUU_DONG,Van_Tai_Kho_Bai,22,75270000000.0,2.65,1,9,4.6,0.096,0
SME-2025-2094,790000000.0,9,VAY_VON_LUU_DONG,Thuong_Mai_Dich_Vu,18,2480000000.0,4.26,0,6,2.3,0.012,0
SME-2025-2095,600000000.0,9,VAY_VON_LUU_DONG,Thuong_Mai_Dich_Vu,1,2700000000.0,1.08,0,14,11.2,0.183,0
SME-2025-2096,2770000000.0,24,VAY_DAU_TU_TSCD,Xay_Dung,7,6590000000.0,1.6,0,12,4.5,0.146,0
SME-2025-2097,13580000000.0,48,VAY_DAU_TU_TSCD,San_Xuat,3,68500000000.0,1.02,3,6,7.5,0.871,1
SME-2025-2098,1400000000.0,36,VAY_DAU_TU_TSCD,San_Xuat,14,7340000000.0,3.65,0,9,3.2,0.029,0
SME-2025-2099,2600000000.0,60,VAY_DAU_TU_TSCD,Thuong_Mai_Dich_Vu,12,5200000000.0,0.65,0,6,2.1,0.022,0
SME-2025-2100,580000000.0,9,VAY_VON_LUU_DONG,San_Xuat,14,2890000000.0,0.73,2,14,2.7,0.52,1
SME-2025-2101,2900000000.0,12,THAU_CHI,Thuong_Mai_Dich_Vu,4,10870000000.0,1.62,2,15,1.2,0.557,1
SME-2025-2102,4790000000.0,12,VAY_VON_LUU_DONG,Thuong_Mai_Dich_Vu,13,11420000000.0,2.51,2,14,5.2,0.605,1
SME-2025-2103,4670000000.0,9,VAY_VON_LUU_DONG,San_Xuat,16,17620000000.0,2.07,0,2,2.6,0.021,0
SME-2025-2104,1840000000.0,60,VAY_DAU_TU_TSCD,San_Xuat,16,4990000000.0,0.58,1,12,3.7,0.283,0
SME-2025-2105,1720000000.0,48,VAY_DAU_TU_TSCD,Xay_Dung,22,6460000000.0,4.33,0,4,2.4,0.022,0
SME-2025-2106,760000000.0,6,VAY_VON_LUU_DONG,Xay_Dung,5,2740000000.0,4.31,0,3,3.6,0.028,0
SME-2025-2107,2100000000.0,12,THAU_CHI,Thuong_Mai_Dich_Vu,20,11070000000.0,1.55,0,13,1.0,0.028,0
SME-2025-2108,740000000.0,12,THAU_CHI,Thuong_Mai_Dich_Vu,6,4020000000.0,3.4,0,11,3.9,0.05,0
SME-2025-2109,10030000000.0,12,VAY_VON_LUU_DONG,Thuong_Mai_Dich_Vu,6,46670000000.0,2.77,0,6,1.6,0.032,0
SME-2025-2110,21910000000.0,6,THAU_CHI,Nong_Nghiep,18,41770000000.0,1.37,2,14,2.6,0.739,1
SME-2025-2111,22240000000.0,12,VAY_VON_LUU_DONG,Thuong_Mai_Dich_Vu,6,137350000000.0,1.47,0,9,2.3,0.115,0
SME-2025-2112,14750000000.0,12,VAY_VON_LUU_DONG,Van_Tai_Kho_Bai,7,74120000000.0,2.41,2,17,3.8,0.777,1
SME-2025-2113,5240000000.0,9,VAY_VON_LUU_DONG,San_Xuat,24,10270000000.0,2.12,0,16,1.1,0.07,0
SME-2025-2114,7760000000.0,6,THAU_CHI,Thuong_Mai_Dich_Vu,24,43830000000.0,1.59,0,10,2.3,0.025,0
SME-2025-2115,1530000000.0,60,VAY_DAU_TU_TSCD,Xay_Dung,16,4190000000.0,3.71,0,10,6.2,0.172,0
SME-2025-2116,5900000000.0,6,VAY_VON_LUU_DONG,San_Xuat,9,26680000000.0,2.37,1,2,1.4,0.071,0
SME-2025-2117,2970000000.0,6,VAY_VON_LUU_DONG,San_Xuat,13,11860000000.0,3.08,0,2,1.1,0.005,0
SME-2025-2118,3300000000.0,24,VAY_DAU_TU_TSCD,Thuong_Mai_Dich_Vu,12,12450000000.0,1.18,2,2,2.1,0.17,0
SME-2025-2119,9690000000.0,12,VAY_VON_LUU_DONG,San_Xuat,19,57960000000.0,2.59,0,2,1.8,0.019,0
SME-2025-2120,1510000000.0,12,THAU_CHI,San_Xuat,23,5820000000.0,1.7,2,10,8.3,0.465,0
SME-2025-2121,1740000000.0,36,VAY_DAU_TU_TSCD,Van_Tai_Kho_Bai,23,3750000000.0,2.56,0,2,4.8,0.012,0
SME-2025-2122,18620000000.0,9,VAY_VON_LUU_DONG,Nong_Nghiep,1,116360000000.0,3.6,2,8,1.0,0.383,0
SME-2025-2123,620000000.0,6,THAU_CHI,Thuong_Mai_Dich_Vu,8,3800000000.0,3.55,0,7,2.7,0.023,0
SME-2025-2124,3340000000.0,9,VAY_VON_LUU_DONG,Thuong_Mai_Dich_Vu,4,16760000000.0,1.85,1,10,3.6,0.207,0
SME-2025-2125,17770000000.0,6,THAU_CHI,Van_Tai_Kho_Bai,21,71060000000.0,3.25,1,12,2.6,0.148,0
SME-2025-2126,5440000000.0,36,VAY_DAU_TU_TSCD,Thuong_Mai_Dich_Vu,22,12170000000.0,4.26,0,10,1.0,0.043,0
SME-2025-2127,4240000000.0,24,VAY_DAU_TU_TSCD,San_Xuat,19,23390000000.0,2.97,2,5,4.1,0.223,0
SME-2025-2128,1330000000.0,12,VAY_VON_LUU_DONG,Nong_Nghiep,21,2870000000.0,1.01,0,10,1.4,0.024,0
SME-2025-2129,1920000000.0,12,THAU_CHI,Thuong_Mai_Dich_Vu,5,4080000000.0,3.19,0,15,1.0,0.086,0
SME-2025-2130,14010000000.0,6,VAY_VON_LUU_DONG,Xay_Dung,17,60600000000.0,0.83,1,16,1.0,0.428,0
SME-2025-2131,4460000000.0,6,VAY_VON_LUU_DONG,Xay_Dung,3,11380000000.0,3.98,0,17,2.5,0.28,0
SME-2025-2132,3750000000.0,6,VAY_VON_LUU_DONG,Xay_Dung,19,6890000000.0,2.52,0,17,3.3,0.153,0
SME-2025-2133,740000000.0,48,VAY_DAU_TU_TSCD,Van_Tai_Kho_Bai,1,2800000000.0,1.98,0,14,1.0,0.236,0
SME-2025-2134,530000000.0,12,VAY_VON_LUU_DONG,Xay_Dung,23,1300000000.0,0.63,1,15,2.5,0.353,0
SME-2025-2135,21690000000.0,36,VAY_DAU_TU_TSCD,Van_Tai_Kho_Bai,1,55410000000.0,1.96,0,7,1.7,0.095,0
SME-2025-2136,2190000000.0,6,THAU_CHI,Van_Tai_Kho_Bai,23,4730000000.0,4.1,0,6,5.0,0.025,0
SME-2025-2137,5290000000.0,9,VAY_VON_LUU_DONG,Thuong_Mai_Dich_Vu,20,14620000000.0,0.49,1,10,2.1,0.085,0
SME-2025-2138,680000000.0,36,VAY_DAU_TU_TSCD,Thuong_Mai_Dich_Vu,9,3510000000.0,2.35,1,16,5.2,0.335,0
SME-2025-2139,7240000000.0,6,VAY_VON_LUU_DONG,Xay_Dung,23,40560000000.0,4.22,2,8,3.9,0.28,0
SME-2025-2140,19200000000.0,12,THAU_CHI,San_Xuat,5,75400000000.0,2.02,1,10,1.6,0.295,0
SME-2025-2141,4750000000.0,60,VAY_DAU_TU_TSCD,San_Xuat,7,19860000000.0,2.16,1,6,2.9,0.186,0
SME-2025-2142,820000000.0,12,VAY_VON_LUU_DONG,Thuong_Mai_Dich_Vu,6,1600000000.0,2.77,0,5,2.4,0.02,0
SME-2025-2143,4870000000.0,36,VAY_DAU_TU_TSCD,Xay_Dung,17,10350000000.0,2.3,0,11,5.4,0.137,0
SME-2025-2144,10020000000.0,6,VAY_VON_LUU_DONG,San_Xuat,22,30170000000.0,1.09,1,4,4.2,0.023,0
SME-2025-2145,2450000000.0,12,VAY_VON_LUU_DONG,San_Xuat,17,10670000000.0,0.48,4,6,3.1,0.782,1
SME-2025-2146,15620000000.0,48,VAY_DAU_TU_TSCD,Van_Tai_Kho_Bai,13,82410000000.0,2.9,1,10,2.9,0.242,0
SME-2025-2147,6330000000.0,9,VAY_VON_LUU_DONG,Xay_Dung,12,29390000000.0,4.18,0,4,2.7,0.017,0
SME-2025-2148,16860000000.0,9,VAY_VON_LUU_DONG,Van_Tai_Kho_Bai,4,61420000000.0,0.84,0,17,2.6,0.201,0
SME-2025-2149,5730000000.0,12,VAY_VON_LUU_DONG,Xay_Dung,8,13500000000.0,1.26,0,17,3.8,0.238,0
SME-2025-2150,840000000.0,36,VAY_DAU_TU_TSCD,Thuong_Mai_Dich_Vu,5,4590000000.0,1.92,1,2,10.7,0.189,0
SME-2025-2151,1680000000.0,6,VAY_VON_LUU_DONG,San_Xuat,5,5900000000.0,3.72,1,3,3.7,0.048,0
SME-2025-2152,1100000000.0,9,VAY_VON_LUU_DONG,Thuong_Mai_Dich_Vu,13,5790000000.0,1.5,0,11,3.2,0.05,0
SME-2025-2153,17500000000.0,60,VAY_DAU_TU_TSCD,Thuong_Mai_Dich_Vu,11,73690000000.0,4.02,0,6,4.0,0.104,0
SME-2025-2154,9790000000.0,60,VAY_DAU_TU_TSCD,San_Xuat,8,51610000000.0,0.63,2,4,1.0,0.344,0
SME-2025-2155,7050000000.0,9,VAY_VON_LUU_DONG,Thuong_Mai_Dich_Vu,8,42750000000.0,4.26,1,7,2.6,0.095,0
SME-2025-2156,1620000000.0,12,VAY_VON_LUU_DONG,Thuong_Mai_Dich_Vu,1,9930000000.0,2.7,0,16,5.7,0.153,0
SME-2025-2157,1030000000.0,9,VAY_VON_LUU_DONG,Thuong_Mai_Dich_Vu,13,4440000000.0,3.1,0,16,2.0,0.084,0
SME-2025-2158,9640000000.0,9,VAY_VON_LUU_DONG,Thuong_Mai_Dich_Vu,5,40530000000.0,1.91,2,12,5.1,0.627,1
SME-2025-2159,3200000000.0,9,VAY_VON_LUU_DONG,Xay_Dung,21,9760000000.0,3.61,2,9,3.1,0.426,0
SME-2025-2160,1210000000.0,24,VAY_DAU_TU_TSCD,Thuong_Mai_Dich_Vu,8,7500000000.0,1.08,0,7,3.2,0.026,0
SME-2025-2161,5580000000.0,36,VAY_DAU_TU_TSCD,Van_Tai_Kho_Bai,17,22050000000.0,0.6,0,17,1.4,0.14,0
SME-2025-2162,590000000.0,24,VAY_DAU_TU_TSCD,Nong_Nghiep,23,1420000000.0,2.02,0,11,3.3,0.052,0
SME-2025-2163,1790000000.0,6,VAY_VON_LUU_DONG,Van_Tai_Kho_Bai,23,6860000000.0,3.9,0,10,2.9,0.026,0
SME-2025-2164,3130000000.0,24,VAY_DAU_TU_TSCD,Xay_Dung,13,7500000000.0,3.5,0,16,2.1,0.129,0
SME-2025-2165,890000000.0,6,VAY_VON_LUU_DONG,Thuong_Mai_Dich_Vu,9,3700000000.0,2.52,0,7,7.0,0.023,0
SME-2025-2166,23540000000.0,6,THAU_CHI,Thuong_Mai_Dich_Vu,2,104470000000.0,2.75,0,15,8.0,0.369,0
SME-2025-2167,1130000000.0,24,VAY_DAU_TU_TSCD,San_Xuat,19,3830000000.0,0.93,1,6,1.7,0.076,0
SME-2025-2168,830000000.0,9,VAY_VON_LUU_DONG,Nong_Nghiep,20,1770000000.0,3.85,0,5,2.0,0.01,0
SME-2025-2169,1110000000.0,24,VAY_DAU_TU_TSCD,Thuong_Mai_Dich_Vu,17,6920000000.0,3.63,0,3,5.9,0.016,0
SME-2025-2170,10130000000.0,9,VAY_VON_LUU_DONG,San_Xuat,7,55050000000.0,3.09,0,7,2.1,0.047,0
SME-2025-2171,2640000000.0,24,VAY_DAU_TU_TSCD,San_Xuat,3,15160000000.0,2.31,0,17,3.8,0.122,0
SME-2025-2172,4570000000.0,12,VAY_VON_LUU_DONG,Nong_Nghiep,19,16110000000.0,4.35,0,17,2.5,0.083,0
SME-2025-2173,540000000.0,6,VAY_VON_LUU_DONG,San_Xuat,19,2900000000.0,4.0,0,3,2.8,0.006,0
SME-2025-2174,570000000.0,6,THAU_CHI,San_Xuat,24,2330000000.0,3.04,1,17,2.1,0.128,0
SME-2025-2175,2860000000.0,12,VAY_VON_LUU_DONG,Xay_Dung,9,7850000000.0,1.92,1,6,4.5,0.129,0
SME-2025-2176,12200000000.0,24,VAY_DAU_TU_TSCD,San_Xuat,10,29090000000.0,2.93,1,2,9.8,0.39,0
SME-2025-2177,15960000000.0,9,VAY_VON_LUU_DONG,Van_Tai_Kho_Bai,14,54610000000.0,2.76,1,4,3.2,0.136,0
SME-2025-2178,700000000.0,24,VAY_DAU_TU_TSCD,Xay_Dung,18,1710000000.0,2.02,1,11,3.7,0.174,0
SME-2025-2179,4110000000.0,24,VAY_DAU_TU_TSCD,Thuong_Mai_Dich_Vu,15,26680000000.0,1.66,0,6,3.4,0.045,0
SME-2025-2180,17800000000.0,6,VAY_VON_LUU_DONG,Van_Tai_Kho_Bai,1,36160000000.0,2.07,4,14,1.0,0.97,1
SME-2025-2181,2280000000.0,12,VAY_VON_LUU_DONG,Thuong_Mai_Dich_Vu,6,8830000000.0,2.75,0,14,2.3,0.131,0
SME-2025-2182,12830000000.0,6,VAY_VON_LUU_DONG,Xay_Dung,15,50360000000.0,2.16,0,8,1.7,0.045,0
SME-2025-2183,840000000.0,6,VAY_VON_LUU_DONG,Thuong_Mai_Dich_Vu,6,2700000000.0,1.48,0,9,4.6,0.047,0
SME-2025-2184,19420000000.0,9,VAY_VON_LUU_DONG,Xay_Dung,18,87110000000.0,3.52,3,8,2.0,0.913,1
SME-2025-2185,9450000000.0,24,VAY_DAU_TU_TSCD,Xay_Dung,1,23670000000.0,2.58,3,8,5.7,0.915,1
SME-2025-2186,19870000000.0,6,THAU_CHI,Thuong_Mai_Dich_Vu,24,108970000000.0,0.68,1,12,1.5,0.374,0
SME-2025-2187,7060000000.0,6,THAU_CHI,Nong_Nghiep,3,23740000000.0,1.91,0,16,5.0,0.198,0
SME-2025-2188,2070000000.0,24,VAY_DAU_TU_TSCD,Thuong_Mai_Dich_Vu,17,9480000000.0,4.03,0,3,1.5,0.012,0
SME-2025-2189,19630000000.0,60,VAY_DAU_TU_TSCD,Van_Tai_Kho_Bai,16,101360000000.0,3.5,3,7,3.7,0.794,1
SME-2025-2190,1470000000.0,36,VAY_DAU_TU_TSCD,Thuong_Mai_Dich_Vu,8,8790000000.0,1.73,1,6,1.9,0.156,0
SME-2025-2191,1830000000.0,9,VAY_VON_LUU_DONG,Thuong_Mai_Dich_Vu,17,10480000000.0,4.25,2,12,2.0,0.327,0
SME-2025-2192,7760000000.0,6,THAU_CHI,Nong_Nghiep,8,36150000000.0,0.71,0,16,9.0,0.404,0
SME-2025-2193,9980000000.0,24,VAY_DAU_TU_TSCD,San_Xuat,17,36180000000.0,4.34,0,10,1.7,0.048,0
SME-2025-2194,18970000000.0,48,VAY_DAU_TU_TSCD,Xay_Dung,9,79010000000.0,1.41,1,13,3.2,0.597,1
SME-2025-2195,1110000000.0,12,VAY_VON_LUU_DONG,Thuong_Mai_Dich_Vu,12,6010000000.0,0.44,0,11,5.3,0.075,0
SME-2025-2196,11340000000.0,6,VAY_VON_LUU_DONG,Thuong_Mai_Dich_Vu,19,67180000000.0,2.18,2,12,1.0,0.446,0
SME-2025-2197,8990000000.0,9,VAY_VON_LUU_DONG,San_Xuat,4,20570000000.0,1.87,0,5,4.1,0.044,0
SME-2025-2198,640000000.0,12,THAU_CHI,Xay_Dung,21,2310000000.0,2.61,2,13,7.9,0.52,1
SME-2025-2199,2270000000.0,6,VAY_VON_LUU_DONG,Xay_Dung,22,12370000000.0,3.67,0,8,1.6,0.026,0
SME-2025-2200,1510000000.0,6,VAY_VON_LUU_DONG,Thuong_Mai_Dich_Vu,11,5780000000.0,3.85,1,12,2.6,0.186,0
SME-2025-2201,1650000000.0,12,THAU_CHI,Nong_Nghiep,4,5550000000.0,2.05,0,9,2.3,0.07,0
SME-2025-2202,23390000000.0,9,VAY_VON_LUU_DONG,Van_Tai_Kho_Bai,14,87320000000.0,2.16,0,15,5.5,0.249,0
SME-2025-2203,6180000000.0,6,VAY_VON_LUU_DONG,Thuong_Mai_Dich_Vu,14,28630000000.0,1.01,0,7,2.8,0.031,0
SME-2025-2204,8280000000.0,6,VAY_VON_LUU_DONG,Nong_Nghiep,6,53810000000.0,0.59,3,4,5.4,0.765,1
SME-2025-2205,22810000000.0,24,VAY_DAU_TU_TSCD,Xay_Dung,17,93910000000.0,3.03,1,12,7.4,0.695,1
SME-2025-2206,2190000000.0,12,THAU_CHI,Xay_Dung,2,6090000000.0,0.66,0,6,7.8,0.113,0
SME-2025-2207,11520000000.0,9,VAY_VON_LUU_DONG,Xay_Dung,8,29550000000.0,3.41,2,2,8.3,0.705,1
SME-2025-2208,2740000000.0,6,THAU_CHI,Thuong_Mai_Dich_Vu,4,5480000000.0,2.61,0,15,2.0,0.101,0
SME-2025-2209,15010000000.0,12,VAY_VON_LUU_DONG,San_Xuat,10,66440000000.0,1.21,0,14,7.1,0.313,0
SME-2025-2210,1010000000.0,6,THAU_CHI,Thuong_Mai_Dich_Vu,7,4400000000.0,2.61,0,9,4.7,0.053,0
SME-2025-2211,20370000000.0,36,VAY_DAU_TU_TSCD,Thuong_Mai_Dich_Vu,4,56310000000.0,1.15,2,13,4.4,0.898,1
SME-2025-2212,1180000000.0,60,VAY_DAU_TU_TSCD,Xay_Dung,16,5980000000.0,2.2,0,13,3.5,0.134,0
SME-2025-2213,1790000000.0,6,VAY_VON_LUU_DONG,Van_Tai_Kho_Bai,14,9460000000.0,3.68,0,13,3.4,0.081,0
SME-2025-2214,9630000000.0,12,THAU_CHI,Thuong_Mai_Dich_Vu,16,29060000000.0,2.29,2,12,3.0,0.605,1
SME-2025-2215,2330000000.0,24,VAY_DAU_TU_TSCD,San_Xuat,9,7960000000.0,1.01,1,17,2.7,0.416,0
SME-2025-2216,5400000000.0,9,VAY_VON_LUU_DONG,Xay_Dung,4,34860000000.0,3.37,0,3,2.8,0.026,0
SME-2025-2217,2850000000.0,36,VAY_DAU_TU_TSCD,Thuong_Mai_Dich_Vu,24,10140000000.0,1.17,1,14,1.5,0.204,0
SME-2025-2218,9130000000.0,12,VAY_VON_LUU_DONG,Xay_Dung,6,49080000000.0,3.43,2,11,5.9,0.64,1
SME-2025-2219,1220000000.0,6,THAU_CHI,San_Xuat,1,4790000000.0,2.37,0,8,1.3,0.041,0
SME-2025-2220,630000000.0,12,VAY_VON_LUU_DONG,Thuong_Mai_Dich_Vu,7,3480000000.0,2.26,1,10,8.5,0.299,0
SME-2025-2221,1620000000.0,48,VAY_DAU_TU_TSCD,Van_Tai_Kho_Bai,1,8770000000.0,3.89,0,2,1.1,0.017,0
SME-2025-2222,3200000000.0,9,VAY_VON_LUU_DONG,Xay_Dung,19,15800000000.0,3.31,1,14,2.1,0.25,0
SME-2025-2223,960000000.0,6,VAY_VON_LUU_DONG,Van_Tai_Kho_Bai,8,5580000000.0,0.53,0,5,4.1,0.03,0
SME-2025-2224,2000000000.0,9,VAY_VON_LUU_DONG,Nong_Nghiep,3,12430000000.0,1.61,1,8,2.9,0.168,0
SME-2025-2225,2390000000.0,9,VAY_VON_LUU_DONG,San_Xuat,1,10820000000.0,3.97,0,15,4.3,0.183,0
SME-2025-2226,630000000.0,9,VAY_VON_LUU_DONG,Thuong_Mai_Dich_Vu,1,1840000000.0,0.48,1,17,2.4,0.447,0
SME-2025-2227,4900000000.0,6,VAY_VON_LUU_DONG,Xay_Dung,7,18000000000.0,2.64,0,10,2.4,0.079,0
SME-2025-2228,15900000000.0,60,VAY_DAU_TU_TSCD,San_Xuat,21,85290000000.0,3.38,0,3,2.5,0.027,0
SME-2025-2229,910000000.0,6,VAY_VON_LUU_DONG,Thuong_Mai_Dich_Vu,13,4420000000.0,2.95,0,3,4.1,0.015,0
SME-2025-2230,5180000000.0,9,VAY_VON_LUU_DONG,Thuong_Mai_Dich_Vu,1,13650000000.0,3.52,1,7,3.5,0.237,0
SME-2025-2231,6740000000.0,60,VAY_DAU_TU_TSCD,San_Xuat,16,13760000000.0,3.38,0,4,3.6,0.028,0
SME-2025-2232,2580000000.0,6,VAY_VON_LUU_DONG,Van_Tai_Kho_Bai,22,12930000000.0,3.24,0,5,11.2,0.049,0
SME-2025-2233,7760000000.0,12,THAU_CHI,Thuong_Mai_Dich_Vu,22,23130000000.0,3.77,0,4,1.0,0.005,0
SME-2025-2234,2490000000.0,6,THAU_CHI,Van_Tai_Kho_Bai,14,10330000000.0,3.05,1,14,2.5,0.223,0
SME-2025-2235,3600000000.0,60,VAY_DAU_TU_TSCD,Xay_Dung,4,19110000000.0,2.05,0,2,1.4,0.03,0
SME-2025-2236,510000000.0,24,VAY_DAU_TU_TSCD,Van_Tai_Kho_Bai,23,2270000000.0,2.33,1,15,1.2,0.112,0
SME-2025-2237,7480000000.0,6,THAU_CHI,Xay_Dung,23,16390000000.0,3.34,0,15,3.4,0.07,0
SME-2025-2238,6650000000.0,9,VAY_VON_LUU_DONG,San_Xuat,12,17770000000.0,3.99,0,7,4.8,0.045,0
SME-2025-2239,580000000.0,12,VAY_VON_LUU_DONG,Thuong_Mai_Dich_Vu,12,1640000000.0,1.52,0,12,1.9,0.043,0
SME-2025-2240,2110000000.0,12,VAY_VON_LUU_DONG,Thuong_Mai_Dich_Vu,17,6360000000.0,1.8,2,17,1.0,0.604,1
SME-2025-2241,23030000000.0,36,VAY_DAU_TU_TSCD,Thuong_Mai_Dich_Vu,21,102650000000.0,4.22,0,12,4.7,0.085,0
SME-2025-2242,2590000000.0,9,VAY_VON_LUU_DONG,Xay_Dung,15,10800000000.0,2.77,0,14,1.6,0.116,0
SME-2025-2243,3560000000.0,24,VAY_DAU_TU_TSCD,San_Xuat,10,9810000000.0,1.13,0,3,2.0,0.027,0
SME-2025-2244,17580000000.0,12,THAU_CHI,Thuong_Mai_Dich_Vu,3,37230000000.0,3.12,0,3,1.9,0.025,0
SME-2025-2245,8270000000.0,6,THAU_CHI,Xay_Dung,23,21550000000.0,4.46,0,8,2.3,0.059,0
SME-2025-2246,4870000000.0,12,VAY_VON_LUU_DONG,Thuong_Mai_Dich_Vu,20,31300000000.0,3.78,1,6,2.7,0.11,0
SME-2025-2247,11330000000.0,9,VAY_VON_LUU_DONG,Xay_Dung,20,45340000000.0,3.46,0,9,2.9,0.04,0
SME-2025-2248,14710000000.0,48,VAY_DAU_TU_TSCD,Van_Tai_Kho_Bai,12,86440000000.0,1.25,0,15,1.7,0.191,0
SME-2025-2249,2990000000.0,60,VAY_DAU_TU_TSCD,Thuong_Mai_Dich_Vu,1,17310000000.0,3.99,0,3,2.1,0.028,0
SME-2025-2250,3210000000.0,6,VAY_VON_LUU_DONG,Thuong_Mai_Dich_Vu,1,13500000000.0,2.56,0,14,1.0,0.049,0
SME-2025-2251,2260000000.0,12,VAY_VON_LUU_DONG,Van_Tai_Kho_Bai,10,11570000000.0,4.05,1,11,4.2,0.167,0
SME-2025-2252,21950000000.0,6,THAU_CHI,Thuong_Mai_Dich_Vu,18,59400000000.0,1.75,0,9,4.1,0.139,0
SME-2025-2253,7650000000.0,48,VAY_DAU_TU_TSCD,San_Xuat,15,38520000000.0,0.65,2,8,1.5,0.316,0
SME-2025-2254,690000000.0,24,VAY_DAU_TU_TSCD,San_Xuat,2,2130000000.0,2.35,0,14,5.4,0.269,0
SME-2025-2255,14630000000.0,6,THAU_CHI,Thuong_Mai_Dich_Vu,17,83550000000.0,1.51,1,11,2.4,0.247,0
SME-2025-2256,3280000000.0,36,VAY_DAU_TU_TSCD,San_Xuat,8,7190000000.0,3.33,0,15,1.9,0.094,0
SME-2025-2257,650000000.0,6,VAY_VON_LUU_DONG,Thuong_Mai_Dich_Vu,22,3530000000.0,4.32,0,9,1.2,0.017,0
SME-2025-2258,4290000000.0,9,VAY_VON_LUU_DONG,San_Xuat,22,9740000000.0,3.23,1,12,1.3,0.073,0
SME-2025-2259,2560000000.0,12,VAY_VON_LUU_DONG,San_Xuat,9,15210000000.0,4.04,1,17,1.9,0.355,0
SME-2025-2260,15500000000.0,12,VAY_VON_LUU_DONG,Thuong_Mai_Dich_Vu,21,50060000000.0,2.26,0,4,6.0,0.031,0
SME-2025-2261,1110000000.0,60,VAY_DAU_TU_TSCD,Van_Tai_Kho_Bai,20,5410000000.0,3.56,0,9,1.9,0.024,0
SME-2025-2262,12680000000.0,48,VAY_DAU_TU_TSCD,Thuong_Mai_Dich_Vu,11,51880000000.0,3.86,0,16,4.3,0.168,0
SME-2025-2263,4430000000.0,6,THAU_CHI,Van_Tai_Kho_Bai,6,15600000000.0,3.31,1,7,3.6,0.126,0
SME-2025-2264,620000000.0,12,VAY_VON_LUU_DONG,Van_Tai_Kho_Bai,24,3000000000.0,2.48,0,3,5.4,0.01,0
SME-2025-2265,22390000000.0,48,VAY_DAU_TU_TSCD,San_Xuat,14,140010000000.0,2.97,1,7,1.0,0.169,0
SME-2025-2266,3710000000.0,60,VAY_DAU_TU_TSCD,Xay_Dung,1,7400000000.0,3.27,0,6,1.4,0.087,0
SME-2025-2267,1560000000.0,60,VAY_DAU_TU_TSCD,Thuong_Mai_Dich_Vu,7,9550000000.0,1.44,0,4,4.2,0.031,0
SME-2025-2268,3140000000.0,60,VAY_DAU_TU_TSCD,Nong_Nghiep,24,14640000000.0,3.72,0,2,5.4,0.01,0
SME-2025-2269,14340000000.0,9,VAY_VON_LUU_DONG,Thuong_Mai_Dich_Vu,9,80220000000.0,4.3,0,8,5.9,0.084,0
SME-2025-2270,1650000000.0,9,VAY_VON_LUU_DONG,Van_Tai_Kho_Bai,11,5950000000.0,2.31,0,3,2.5,0.016,0
SME-2025-2271,1060000000.0,12,VAY_VON_LUU_DONG,San_Xuat,24,4260000000.0,3.27,0,2,1.9,0.009,0
SME-2025-2272,830000000.0,12,VAY_VON_LUU_DONG,San_Xuat,23,4880000000.0,3.42,1,2,6.9,0.066,0
SME-2025-2273,1600000000.0,6,VAY_VON_LUU_DONG,Thuong_Mai_Dich_Vu,16,6000000000.0,3.12,0,17,2.8,0.155,0
SME-2025-2274,10570000000.0,24,VAY_DAU_TU_TSCD,Xay_Dung,19,45590000000.0,2.64,1,8,1.2,0.135,0
SME-2025-2275,3160000000.0,6,THAU_CHI,San_Xuat,2,5990000000.0,4.01,0,13,3.4,0.076,0
SME-2025-2276,1220000000.0,36,VAY_DAU_TU_TSCD,Xay_Dung,15,3110000000.0,2.24,3,2,2.5,0.404,0
SME-2025-2277,960000000.0,48,VAY_DAU_TU_TSCD,San_Xuat,3,4620000000.0,0.65,4,10,1.9,0.955,1
SME-2025-2278,1840000000.0,6,VAY_VON_LUU_DONG,Thuong_Mai_Dich_Vu,4,9510000000.0,3.86,1,7,2.9,0.106,0
SME-2025-2279,19760000000.0,36,VAY_DAU_TU_TSCD,Nong_Nghiep,20,89680000000.0,3.16,1,5,2.5,0.229,0
SME-2025-2280,1910000000.0,9,VAY_VON_LUU_DONG,Nong_Nghiep,22,4720000000.0,3.88,0,13,1.1,0.02,0
SME-2025-2281,23870000000.0,6,VAY_VON_LUU_DONG,Thuong_Mai_Dich_Vu,7,92940000000.0,0.97,1,5,3.2,0.199,0
SME-2025-2282,3340000000.0,12,VAY_VON_LUU_DONG,Xay_Dung,12,11590000000.0,0.53,3,16,1.6,0.864,1
SME-2025-2283,1010000000.0,12,VAY_VON_LUU_DONG,Thuong_Mai_Dich_Vu,4,4170000000.0,4.23,0,14,2.7,0.125,0
SME-2025-2284,16330000000.0,12,VAY_VON_LUU_DONG,San_Xuat,10,96190000000.0,1.01,0,13,7.4,0.26,0
SME-2025-2285,3030000000.0,6,VAY_VON_LUU_DONG,Xay_Dung,6,16500000000.0,3.72,0,15,6.1,0.116,0
SME-2025-2286,8030000000.0,9,VAY_VON_LUU_DONG,San_Xuat,22,17620000000.0,3.78,0,6,7.5,0.028,0
SME-2025-2287,23460000000.0,6,THAU_CHI,Nong_Nghiep,14,140400000000.0,3.31,0,3,5.6,0.076,0
SME-2025-2288,610000000.0,12,VAY_VON_LUU_DONG,Van_Tai_Kho_Bai,3,2450000000.0,0.94,0,6,1.9,0.034,0
SME-2025-2289,730000000.0,6,VAY_VON_LUU_DONG,Thuong_Mai_Dich_Vu,17,3870000000.0,3.14,0,3,10.9,0.028,0
SME-2025-2290,8380000000.0,9,VAY_VON_LUU_DONG,Thuong_Mai_Dich_Vu,11,20600000000.0,4.05,3,13,1.4,0.83,1
SME-2025-2291,1510000000.0,24,VAY_DAU_TU_TSCD,San_Xuat,10,7480000000.0,2.14,0,5,5.4,0.025,0
SME-2025-2292,1030000000.0,12,VAY_VON_LUU_DONG,Thuong_Mai_Dich_Vu,21,3000000000.0,2.1,1,11,1.3,0.122,0
SME-2025-2293,580000000.0,9,VAY_VON_LUU_DONG,Thuong_Mai_Dich_Vu,10,2240000000.0,2.22,0,12,1.8,0.03,0
SME-2025-2294,540000000.0,6,VAY_VON_LUU_DONG,Xay_Dung,10,1010000000.0,0.74,0,15,4.9,0.088,0
SME-2025-2295,10350000000.0,6,VAY_VON_LUU_DONG,San_Xuat,3,26010000000.0,4.06,0,6,3.3,0.052,0
SME-2025-2296,850000000.0,9,VAY_VON_LUU_DONG,Nong_Nghiep,24,1900000000.0,3.96,0,7,1.7,0.01,0
SME-2025-2297,3120000000.0,9,VAY_VON_LUU_DONG,Thuong_Mai_Dich_Vu,15,9130000000.0,4.49,0,7,3.2,0.029,0
SME-2025-2298,5350000000.0,12,VAY_VON_LUU_DONG,Nong_Nghiep,17,12140000000.0,2.8,0,10,3.3,0.046,0
SME-2025-2299,2670000000.0,9,VAY_VON_LUU_DONG,Nong_Nghiep,18,13490000000.0,3.48,0,5,3.2,0.026,0
SME-2025-2300,560000000.0,12,VAY_VON_LUU_DONG,Van_Tai_Kho_Bai,19,1080000000.0,1.23,0,14,6.9,0.087,0
SME-2025-2301,10720000000.0,60,VAY_DAU_TU_TSCD,San_Xuat,19,50420000000.0,3.14,0,15,1.5,0.16,0
SME-2025-2302,520000000.0,60,VAY_DAU_TU_TSCD,San_Xuat,12,1280000000.0,3.06,0,6,2.4,0.018,0
SME-2025-2303,9850000000.0,6,VAY_VON_LUU_DONG,Xay_Dung,24,61490000000.0,4.09,0,7,1.0,0.037,0
SME-2025-2304,16470000000.0,12,VAY_VON_LUU_DONG,San_Xuat,5,101880000000.0,3.81,0,5,3.2,0.049,0
SME-2025-2305,2720000000.0,6,THAU_CHI,Thuong_Mai_Dich_Vu,24,7780000000.0,4.25,0,7,4.8,0.016,0
SME-2025-2306,4060000000.0,9,VAY_VON_LUU_DONG,Thuong_Mai_Dich_Vu,16,19030000000.0,3.96,0,3,5.5,0.012,0
SME-2025-2307,3230000000.0,6,VAY_VON_LUU_DONG,Thuong_Mai_Dich_Vu,15,6240000000.0,3.96,0,13,1.2,0.077,0
SME-2025-2308,2290000000.0,60,VAY_DAU_TU_TSCD,San_Xuat,15,14150000000.0,0.66,0,14,3.6,0.093,0
SME-2025-2309,16090000000.0,9,VAY_VON_LUU_DONG,Van_Tai_Kho_Bai,6,68510000000.0,3.87,0,8,6.0,0.084,0
SME-2025-2310,16510000000.0,6,VAY_VON_LUU_DONG,San_Xuat,12,33070000000.0,2.89,0,4,1.9,0.038,0
SME-2025-2311,1860000000.0,6,VAY_VON_LUU_DONG,Xay_Dung,2,6340000000.0,1.96,1,15,12.0,0.663,1
SME-2025-2312,5550000000.0,6,THAU_CHI,Thuong_Mai_Dich_Vu,20,11990000000.0,0.63,0,11,4.1,0.034,0
SME-2025-2313,18780000000.0,6,VAY_VON_LUU_DONG,Thuong_Mai_Dich_Vu,9,68490000000.0,3.18,0,5,1.0,0.106,0
SME-2025-2314,21550000000.0,48,VAY_DAU_TU_TSCD,Xay_Dung,4,106640000000.0,1.75,2,10,2.7,0.785,1
SME-2025-2315,3660000000.0,6,THAU_CHI,San_Xuat,5,14670000000.0,2.32,1,16,2.4,0.508,1
SME-2025-2316,2940000000.0,12,VAY_VON_LUU_DONG,Thuong_Mai_Dich_Vu,21,10590000000.0,3.2,0,16,2.9,0.053,0
SME-2025-2317,1490000000.0,9,VAY_VON_LUU_DONG,San_Xuat,8,3520000000.0,4.14,2,13,6.8,0.678,1
SME-2025-2318,21280000000.0,9,VAY_VON_LUU_DONG,San_Xuat,22,62800000000.0,3.78,0,17,4.1,0.22,0
SME-2025-2319,870000000.0,12,VAY_VON_LUU_DONG,Thuong_Mai_Dich_Vu,10,1980000000.0,2.25,0,16,1.3,0.098,0
SME-2025-2320,4830000000.0,9,VAY_VON_LUU_DONG,Xay_Dung,7,27030000000.0,1.99,4,14,3.6,0.961,1
SME-2025-2321,1510000000.0,12,THAU_CHI,Xay_Dung,22,3680000000.0,1.38,2,6,5.3,0.196,0
SME-2025-2322,1490000000.0,24,VAY_DAU_TU_TSCD,Xay_Dung,14,6850000000.0,1.93,0,10,1.0,0.074,0
SME-2025-2323,2440000000.0,24,VAY_DAU_TU_TSCD,Van_Tai_Kho_Bai,5,8320000000.0,0.86,1,11,1.8,0.137,0
SME-2025-2324,24880000000.0,6,VAY_VON_LUU_DONG,Van_Tai_Kho_Bai,16,71210000000.0,4.38,1,14,4.6,0.437,0
SME-2025-2325,620000000.0,48,VAY_DAU_TU_TSCD,Xay_Dung,15,2980000000.0,2.75,0,11,8.1,0.13,0
SME-2025-2326,4810000000.0,12,THAU_CHI,San_Xuat,5,18990000000.0,0.92,0,11,1.2,0.036,0
SME-2025-2327,690000000.0,48,VAY_DAU_TU_TSCD,Xay_Dung,3,2540000000.0,1.85,0,13,4.9,0.135,0
SME-2025-2328,920000000.0,9,VAY_VON_LUU_DONG,San_Xuat,23,4220000000.0,2.64,2,11,6.9,0.363,0
SME-2025-2329,2790000000.0,60,VAY_DAU_TU_TSCD,Thuong_Mai_Dich_Vu,10,11460000000.0,2.58,0,7,2.1,0.016,0
SME-2025-2330,3680000000.0,6,VAY_VON_LUU_DONG,Thuong_Mai_Dich_Vu,5,11870000000.0,0.55,1,9,5.2,0.131,0
SME-2025-2331,1380000000.0,12,VAY_VON_LUU_DONG,Xay_Dung,23,6110000000.0,4.3,0,6,2.4,0.029,0
SME-2025-2332,1720000000.0,12,VAY_VON_LUU_DONG,Xay_Dung,15,8510000000.0,1.53,0,6,3.0,0.038,0
SME-2025-2333,700000000.0,24,VAY_DAU_TU_TSCD,San_Xuat,18,1350000000.0,0.47,0,4,3.8,0.036,0
SME-2025-2334,1640000000.0,48,VAY_DAU_TU_TSCD,Xay_Dung,8,6540000000.0,0.71,1,8,6.4,0.342,0
SME-2025-2335,21930000000.0,6,VAY_VON_LUU_DONG,Xay_Dung,21,45420000000.0,2.78,0,3,9.5,0.137,0
SME-2025-2336,20140000000.0,9,VAY_VON_LUU_DONG,Thuong_Mai_Dich_Vu,2,53900000000.0,0.96,0,12,2.3,0.159,0
SME-2025-2337,1850000000.0,9,VAY_VON_LUU_DONG,Thuong_Mai_Dich_Vu,22,8200000000.0,0.57,0,13,1.6,0.032,0
SME-2025-2338,4660000000.0,9,VAY_VON_LUU_DONG,Thuong_Mai_Dich_Vu,8,27360000000.0,1.96,0,4,6.2,0.034,0
SME-2025-2339,17550000000.0,6,VAY_VON_LUU_DONG,Xay_Dung,23,104410000000.0,2.95,0,16,4.9,0.145,0
SME-2025-2340,510000000.0,12,VAY_VON_LUU_DONG,Thuong_Mai_Dich_Vu,8,1090000000.0,0.86,1,3,4.1,0.068,0
SME-2025-2341,11920000000.0,36,VAY_DAU_TU_TSCD,San_Xuat,4,44940000000.0,1.68,0,17,5.4,0.313,0
SME-2025-2342,20430000000.0,9,VAY_VON_LUU_DONG,San_Xuat,19,92750000000.0,2.11,0,16,2.5,0.158,0
SME-2025-2343,710000000.0,9,VAY_VON_LUU_DONG,Thuong_Mai_Dich_Vu,23,1770000000.0,1.05,0,14,4.1,0.067,0
SME-2025-2344,940000000.0,12,VAY_VON_LUU_DONG,San_Xuat,18,5070000000.0,2.47,2,9,7.1,0.258,0
SME-2025-2345,21440000000.0,6,THAU_CHI,Thuong_Mai_Dich_Vu,21,113590000000.0,0.75,0,5,2.1,0.035,0
SME-2025-2346,4090000000.0,24,VAY_DAU_TU_TSCD,Thuong_Mai_Dich_Vu,23,24730000000.0,0.59,0,11,5.2,0.068,0
SME-2025-2347,530000000.0,36,VAY_DAU_TU_TSCD,Van_Tai_Kho_Bai,1,980000000.0,2.53,0,9,2.7,0.051,0
SME-2025-2348,1370000000.0,12,VAY_VON_LUU_DONG,Van_Tai_Kho_Bai,20,3860000000.0,1.42,0,9,6.1,0.033,0
SME-2025-2349,2910000000.0,24,VAY_DAU_TU_TSCD,San_Xuat,15,16550000000.0,0.79,0,9,6.8,0.067,0
SME-2025-2350,7520000000.0,9,VAY_VON_LUU_DONG,Van_Tai_Kho_Bai,18,37240000000.0,2.14,0,9,3.0,0.048,0
SME-2025-2351,8800000000.0,60,VAY_DAU_TU_TSCD,Thuong_Mai_Dich_Vu,22,52830000000.0,4.15,1,9,3.8,0.16,0
SME-2025-2352,24560000000.0,6,THAU_CHI,Thuong_Mai_Dich_Vu,12,50810000000.0,3.37,0,17,1.9,0.208,0
SME-2025-2353,1540000000.0,60,VAY_DAU_TU_TSCD,San_Xuat,1,7090000000.0,3.74,0,13,4.3,0.115,0
SME-2025-2354,4110000000.0,6,THAU_CHI,Nong_Nghiep,7,18390000000.0,3.97,0,10,1.2,0.037,0
SME-2025-2355,4030000000.0,24,VAY_DAU_TU_TSCD,San_Xuat,19,7930000000.0,4.39,0,17,4.3,0.114,0
SME-2025-2356,2440000000.0,9,VAY_VON_LUU_DONG,Nong_Nghiep,1,10280000000.0,3.53,0,3,4.7,0.026,0
SME-2025-2357,970000000.0,12,THAU_CHI,San_Xuat,24,4520000000.0,2.89,1,10,3.6,0.09,0
SME-2025-2358,22890000000.0,12,VAY_VON_LUU_DONG,Thuong_Mai_Dich_Vu,7,61780000000.0,1.9,1,9,2.0,0.335,0
SME-2025-2359,14080000000.0,9,VAY_VON_LUU_DONG,Xay_Dung,2,43430000000.0,1.14,1,12,6.7,0.534,1
SME-2025-2360,3510000000.0,6,VAY_VON_LUU_DONG,San_Xuat,7,16880000000.0,3.22,0,11,2.0,0.054,0
SME-2025-2361,5290000000.0,12,VAY_VON_LUU_DONG,San_Xuat,19,21170000000.0,4.48,1,2,7.4,0.093,0
SME-2025-2362,1220000000.0,12,VAY_VON_LUU_DONG,Xay_Dung,13,7120000000.0,2.32,0,15,3.6,0.13,0
SME-2025-2363,4200000000.0,6,VAY_VON_LUU_DONG,San_Xuat,24,14320000000.0,3.37,1,6,9.6,0.153,0
SME-2025-2364,7580000000.0,12,VAY_VON_LUU_DONG,Xay_Dung,5,23140000000.0,2.43,2,12,5.6,0.768,1
SME-2025-2365,3750000000.0,36,VAY_DAU_TU_TSCD,Thuong_Mai_Dich_Vu,23,24110000000.0,2.17,0,3,2.1,0.009,0
SME-2025-2366,24070000000.0,9,VAY_VON_LUU_DONG,Nong_Nghiep,19,146400000000.0,2.08,0,11,4.7,0.178,0
SME-2025-2367,5470000000.0,12,VAY_VON_LUU_DONG,Thuong_Mai_Dich_Vu,1,10590000000.0,2.47,0,6,5.3,0.031,0
SME-2025-2368,2130000000.0,24,VAY_DAU_TU_TSCD,San_Xuat,1,11550000000.0,1.9,1,14,3.8,0.365,0
SME-2025-2369,10250000000.0,6,VAY_VON_LUU_DONG,Xay_Dung,18,23770000000.0,3.47,0,16,3.2,0.168,0
SME-2025-2370,970000000.0,36,VAY_DAU_TU_TSCD,San_Xuat,24,1870000000.0,3.98,3,9,6.9,0.76,1
SME-2025-2371,2250000000.0,24,VAY_DAU_TU_TSCD,Van_Tai_Kho_Bai,1,6940000000.0,4.02,0,10,1.9,0.107,0
SME-2025-2372,1940000000.0,48,VAY_DAU_TU_TSCD,Nong_Nghiep,5,5950000000.0,1.33,0,10,3.5,0.095,0
SME-2025-2373,2710000000.0,60,VAY_DAU_TU_TSCD,Xay_Dung,9,15310000000.0,4.07,0,2,12.0,0.098,0
SME-2025-2374,10650000000.0,12,VAY_VON_LUU_DONG,San_Xuat,12,54740000000.0,1.8,1,8,3.6,0.211,0
SME-2025-2375,3320000000.0,36,VAY_DAU_TU_TSCD,Nong_Nghiep,9,21290000000.0,1.67,0,17,3.5,0.239,0
SME-2025-2376,11170000000.0,9,VAY_VON_LUU_DONG,Nong_Nghiep,18,57460000000.0,3.38,0,13,1.3,0.045,0
SME-2025-2377,4770000000.0,9,VAY_VON_LUU_DONG,Nong_Nghiep,23,17960000000.0,1.65,0,12,6.7,0.122,0
SME-2025-2378,1910000000.0,24,VAY_DAU_TU_TSCD,Nong_Nghiep,11,9710000000.0,0.62,0,9,6.2,0.096,0
SME-2025-2379,11890000000.0,12,VAY_VON_LUU_DONG,Xay_Dung,1,77250000000.0,1.93,1,11,2.7,0.414,0
SME-2025-2380,1270000000.0,60,VAY_DAU_TU_TSCD,San_Xuat,19,6520000000.0,3.36,0,4,6.9,0.027,0
SME-2025-2381,1200000000.0,48,VAY_DAU_TU_TSCD,Xay_Dung,22,6460000000.0,1.74,1,14,2.5,0.195,0
SME-2025-2382,3600000000.0,12,THAU_CHI,Xay_Dung,10,22360000000.0,2.98,3,17,2.7,0.919,1
SME-2025-2383,1390000000.0,6,THAU_CHI,Xay_Dung,2,3240000000.0,3.11,0,7,3.5,0.049,0
SME-2025-2384,520000000.0,9,VAY_VON_LUU_DONG,Thuong_Mai_Dich_Vu,7,2660000000.0,3.41,1,12,2.0,0.151,0
SME-2025-2385,6320000000.0,12,VAY_VON_LUU_DONG,San_Xuat,20,36650000000.0,4.08,2,4,2.3,0.204,0
SME-2025-2386,3690000000.0,24,VAY_DAU_TU_TSCD,Xay_Dung,2,23190000000.0,2.17,1,10,4.9,0.42,0
SME-2025-2387,2860000000.0,6,VAY_VON_LUU_DONG,Xay_Dung,19,7980000000.0,1.08,1,14,1.3,0.161,0
SME-2025-2388,21970000000.0,48,VAY_DAU_TU_TSCD,San_Xuat,6,91580000000.0,1.71,0,4,3.6,0.06,0
SME-2025-2389,4670000000.0,36,VAY_DAU_TU_TSCD,Xay_Dung,10,23340000000.0,2.17,0,3,4.8,0.022,0
SME-2025-2390,14650000000.0,60,VAY_DAU_TU_TSCD,Nong_Nghiep,9,43410000000.0,3.33,0,10,4.5,0.179,0
SME-2025-2391,860000000.0,12,VAY_VON_LUU_DONG,Nong_Nghiep,8,3980000000.0,0.45,1,16,6.7,0.384,0
SME-2025-2392,4630000000.0,6,VAY_VON_LUU_DONG,Xay_Dung,11,13940000000.0,1.69,4,12,1.4,0.961,1
SME-2025-2393,14920000000.0,6,VAY_VON_LUU_DONG,Thuong_Mai_Dich_Vu,9,50240000000.0,3.6,0,14,1.0,0.3,0
SME-2025-2394,4890000000.0,6,VAY_VON_LUU_DONG,San_Xuat,20,18950000000.0,3.15,0,17,2.2,0.064,0
SME-2025-2395,8300000000.0,6,THAU_CHI,Thuong_Mai_Dich_Vu,20,35580000000.0,3.4,0,15,8.3,0.164,0
SME-2025-2396,2140000000.0,6,VAY_VON_LUU_DONG,Xay_Dung,9,8370000000.0,3.73,1,9,3.0,0.276,0
SME-2025-2397,720000000.0,9,VAY_VON_LUU_DONG,Xay_Dung,8,2960000000.0,3.61,0,9,5.0,0.057,0
SME-2025-2398,3000000000.0,12,VAY_VON_LUU_DONG,Nong_Nghiep,15,9610000000.0,3.2,0,3,4.8,0.013,0
SME-2025-2399,2340000000.0,60,VAY_DAU_TU_TSCD,Xay_Dung,2,5960000000.0,2.2,0,7,2.2,0.082,0
SME-2025-2400,14860000000.0,48,VAY_DAU_TU_TSCD,San_Xuat,24,30060000000.0,4.43,0,14,1.4,0.221,0
SME-2025-2401,1300000000.0,6,VAY_VON_LUU_DONG,San_Xuat,1,3540000000.0,2.73,0,14,2.4,0.114,0
SME-2025-2402,21950000000.0,6,VAY_VON_LUU_DONG,Xay_Dung,9,99550000000.0,1.23,1,6,4.2,0.286,0
SME-2025-2403,21220000000.0,9,VAY_VON_LUU_DONG,Xay_Dung,9,116600000000.0,1.6,0,15,10.5,0.483,0
SME-2025-2404,1320000000.0,12,VAY_VON_LUU_DONG,Nong_Nghiep,13,3430000000.0,3.24,2,13,3.4,0.434,0
SME-2025-2405,1950000000.0,24,VAY_DAU_TU_TSCD,Thuong_Mai_Dich_Vu,8,4500000000.0,4.19,0,3,3.7,0.012,0
SME-2025-2406,16610000000.0,60,VAY_DAU_TU_TSCD,Thuong_Mai_Dich_Vu,21,88390000000.0,1.13,0,6,2.0,0.04,0
SME-2025-2407,21940000000.0,9,VAY_VON_LUU_DONG,Xay_Dung,5,70960000000.0,0.74,0,5,3.5,0.114,0
SME-2025-2408,2830000000.0,6,VAY_VON_LUU_DONG,Xay_Dung,3,17750000000.0,4.01,3,10,1.2,0.813,1
SME-2025-2409,1760000000.0,12,THAU_CHI,Xay_Dung,21,9080000000.0,4.15,1,13,2.4,0.129,0
SME-2025-2410,3920000000.0,12,VAY_VON_LUU_DONG,Xay_Dung,4,13080000000.0,1.53,0,2,1.4,0.024,0
SME-2025-2411,7370000000.0,24,VAY_DAU_TU_TSCD,Thuong_Mai_Dich_Vu,17,23300000000.0,1.95,1,7,3.6,0.102,0
SME-2025-2412,1460000000.0,12,VAY_VON_LUU_DONG,San_Xuat,16,6220000000.0,3.11,0,8,3.0,0.021,0
SME-2025-2413,8920000000.0,6,VAY_VON_LUU_DONG,Nong_Nghiep,16,19370000000.0,1.75,0,16,2.2,0.085,0
SME-2025-2414,610000000.0,12,VAY_VON_LUU_DONG,Xay_Dung,20,1440000000.0,4.0,0,13,1.8,0.079,0
SME-2025-2415,610000000.0,9,VAY_VON_LUU_DONG,San_Xuat,3,1600000000.0,0.84,1,7,2.7,0.086,0
SME-2025-2416,2270000000.0,6,THAU_CHI,San_Xuat,6,12350000000.0,0.56,0,6,2.3,0.038,0
SME-2025-2417,1990000000.0,9,VAY_VON_LUU_DONG,San_Xuat,1,8390000000.0,1.25,0,13,4.0,0.104,0
SME-2025-2418,1720000000.0,12,VAY_VON_LUU_DONG,Xay_Dung,21,3180000000.0,1.57,0,5,5.9,0.03,0
SME-2025-2419,3410000000.0,9,VAY_VON_LUU_DONG,San_Xuat,16,16930000000.0,0.86,0,6,4.6,0.023,0
SME-2025-2420,1750000000.0,6,VAY_VON_LUU_DONG,San_Xuat,15,6630000000.0,0.67,0,10,4.9,0.031,0
SME-2025-2421,1060000000.0,12,VAY_VON_LUU_DONG,Thuong_Mai_Dich_Vu,7,4450000000.0,3.5,0,6,1.0,0.021,0
SME-2025-2422,1680000000.0,6,VAY_VON_LUU_DONG,Thuong_Mai_Dich_Vu,2,4710000000.0,1.07,0,11,3.3,0.057,0
SME-2025-2423,22660000000.0,36,VAY_DAU_TU_TSCD,San_Xuat,10,99550000000.0,4.15,2,16,3.7,0.908,1
SME-2025-2424,2500000000.0,12,VAY_VON_LUU_DONG,Xay_Dung,15,16010000000.0,1.91,0,9,5.3,0.072,0
SME-2025-2425,2850000000.0,12,VAY_VON_LUU_DONG,Thuong_Mai_Dich_Vu,6,6110000000.0,3.15,0,17,5.7,0.302,0
SME-2025-2426,4770000000.0,12,THAU_CHI,Van_Tai_Kho_Bai,2,14950000000.0,1.32,0,8,6.6,0.083,0
SME-2025-2427,23420000000.0,6,VAY_VON_LUU_DONG,Thuong_Mai_Dich_Vu,24,68900000000.0,1.39,0,5,2.3,0.048,0
SME-2025-2428,1290000000.0,6,THAU_CHI,San_Xuat,24,3830000000.0,2.76,1,11,2.5,0.111,0
SME-2025-2429,7190000000.0,12,VAY_VON_LUU_DONG,Thuong_Mai_Dich_Vu,17,25740000000.0,2.7,0,6,1.0,0.017,0
SME-2025-2430,8230000000.0,6,THAU_CHI,Thuong_Mai_Dich_Vu,1,46460000000.0,3.55,2,8,1.5,0.503,1
SME-2025-2431,5380000000.0,48,VAY_DAU_TU_TSCD,San_Xuat,1,32770000000.0,3.51,1,7,4.0,0.214,0
SME-2025-2432,710000000.0,24,VAY_DAU_TU_TSCD,Nong_Nghiep,4,1950000000.0,3.15,1,14,3.7,0.328,0
SME-2025-2433,7060000000.0,6,THAU_CHI,Xay_Dung,20,30720000000.0,2.24,0,4,3.9,0.017,0
SME-2025-2434,640000000.0,6,VAY_VON_LUU_DONG,Van_Tai_Kho_Bai,16,3070000000.0,4.05,0,11,3.9,0.048,0
SME-2025-2435,5150000000.0,12,THAU_CHI,Thuong_Mai_Dich_Vu,8,21900000000.0,2.95,0,16,1.2,0.087,0
SME-2025-2436,9030000000.0,6,VAY_VON_LUU_DONG,Thuong_Mai_Dich_Vu,1,34680000000.0,4.46,1,4,5.8,0.193,0
SME-2025-2437,1140000000.0,6,VAY_VON_LUU_DONG,Thuong_Mai_Dich_Vu,19,3080000000.0,3.76,0,3,2.9,0.009,0
SME-2025-2438,13450000000.0,9,VAY_VON_LUU_DONG,Xay_Dung,11,55070000000.0,0.58,0,17,3.6,0.275,0
SME-2025-2439,560000000.0,9,VAY_VON_LUU_DONG,Thuong_Mai_Dich_Vu,17,2060000000.0,1.71,0,15,4.9,0.057,0
SME-2025-2440,13570000000.0,6,VAY_VON_LUU_DONG,Nong_Nghiep,10,75170000000.0,2.74,1,4,8.6,0.279,0
SME-2025-2441,3030000000.0,36,VAY_DAU_TU_TSCD,Thuong_Mai_Dich_Vu,12,16330000000.0,3.36,1,12,4.8,0.254,0
SME-2025-2442,1170000000.0,9,VAY_VON_LUU_DONG,Nong_Nghiep,9,2840000000.0,2.66,0,11,2.0,0.071,0
SME-2025-2443,840000000.0,48,VAY_DAU_TU_TSCD,Nong_Nghiep,7,1860000000.0,3.62,0,14,9.7,0.168,0
SME-2025-2444,20830000000.0,24,VAY_DAU_TU_TSCD,Van_Tai_Kho_Bai,12,126400000000.0,1.56,0,2,3.3,0.078,0
SME-2025-2445,660000000.0,9,VAY_VON_LUU_DONG,Thuong_Mai_Dich_Vu,15,2850000000.0,1.15,0,14,3.4,0.062,0
SME-2025-2446,1090000000.0,12,VAY_VON_LUU_DONG,Thuong_Mai_Dich_Vu,8,6360000000.0,0.62,1,10,6.7,0.261,0
SME-2025-2447,1950000000.0,12,VAY_VON_LUU_DONG,San_Xuat,17,4040000000.0,2.75,1,3,1.4,0.021,0
SME-2025-2448,5660000000.0,6,VAY_VON_LUU_DONG,Thuong_Mai_Dich_Vu,5,24190000000.0,3.22,0,13,4.4,0.072,0
SME-2025-2449,4210000000.0,6,VAY_VON_LUU_DONG,San_Xuat,14,18250000000.0,1.74,0,14,5.2,0.1,0
SME-2025-2450,820000000.0,12,VAY_VON_LUU_DONG,San_Xuat,2,4790000000.0,2.92,1,4,3.1,0.054,0
SME-2025-2451,1550000000.0,6,VAY_VON_LUU_DONG,San_Xuat,16,3500000000.0,0.61,3,6,5.2,0.671,1
SME-2025-2452,1270000000.0,6,THAU_CHI,Nong_Nghiep,17,3720000000.0,0.81,2,17,8.4,0.752,1
SME-2025-2453,1150000000.0,48,VAY_DAU_TU_TSCD,Nong_Nghiep,3,4270000000.0,3.28,2,11,1.0,0.454,0
SME-2025-2454,2500000000.0,12,VAY_VON_LUU_DONG,Thuong_Mai_Dich_Vu,23,14670000000.0,1.91,0,17,1.9,0.048,0
SME-2025-2455,7850000000.0,24,VAY_DAU_TU_TSCD,Xay_Dung,1,48770000000.0,3.15,1,13,1.0,0.46,0
SME-2025-2456,1170000000.0,9,VAY_VON_LUU_DONG,Thuong_Mai_Dich_Vu,18,7560000000.0,3.81,1,5,1.4,0.033,0
SME-2025-2457,2100000000.0,6,VAY_VON_LUU_DONG,Thuong_Mai_Dich_Vu,18,13250000000.0,3.9,1,14,2.8,0.208,0
SME-2025-2458,2310000000.0,36,VAY_DAU_TU_TSCD,Xay_Dung,4,4220000000.0,1.11,0,6,2.5,0.056,0
SME-2025-2459,22800000000.0,12,VAY_VON_LUU_DONG,Xay_Dung,15,46150000000.0,2.39,3,17,2.3,0.979,1
SME-2025-2460,20940000000.0,9,VAY_VON_LUU_DONG,Xay_Dung,19,52220000000.0,3.41,0,7,6.7,0.148,0
SME-2025-2461,11440000000.0,12,THAU_CHI,Thuong_Mai_Dich_Vu,19,39350000000.0,3.57,0,6,6.8,0.031,0
SME-2025-2462,1290000000.0,6,THAU_CHI,Thuong_Mai_Dich_Vu,10,7350000000.0,3.62,0,11,7.7,0.067,0
SME-2025-2463,650000000.0,24,VAY_DAU_TU_TSCD,Xay_Dung,5,3900000000.0,1.34,0,2,3.6,0.023,0
SME-2025-2464,1730000000.0,24,VAY_DAU_TU_TSCD,Van_Tai_Kho_Bai,19,4630000000.0,1.19,0,7,11.1,0.048,0
SME-2025-2465,1420000000.0,48,VAY_DAU_TU_TSCD,San_Xuat,11,6690000000.0,2.82,0,10,1.0,0.023,0
SME-2025-2466,3620000000.0,12,VAY_VON_LUU_DONG,Xay_Dung,7,22120000000.0,3.44,1,17,4.5,0.619,1
SME-2025-2467,10480000000.0,12,VAY_VON_LUU_DONG,Xay_Dung,5,41710000000.0,1.71,1,4,4.1,0.264,0
SME-2025-2468,14360000000.0,6,VAY_VON_LUU_DONG,San_Xuat,20,32840000000.0,0.83,1,16,4.3,0.332,0
SME-2025-2469,13630000000.0,6,VAY_VON_LUU_DONG,Xay_Dung,12,53860000000.0,3.34,0,3,4.5,0.032,0
SME-2025-2470,2040000000.0,9,VAY_VON_LUU_DONG,San_Xuat,19,7280000000.0,1.63,1,7,2.6,0.076,0
SME-2025-2471,7350000000.0,12,VAY_VON_LUU_DONG,Thuong_Mai_Dich_Vu,15,33190000000.0,1.08,0,17,4.9,0.122,0
SME-2025-2472,1700000000.0,12,THAU_CHI,Xay_Dung,12,6560000000.0,1.01,0,13,6.5,0.188,0
SME-2025-2473,630000000.0,6,THAU_CHI,Thuong_Mai_Dich_Vu,4,1190000000.0,1.69,0,15,1.0,0.063,0
SME-2025-2474,7780000000.0,36,VAY_DAU_TU_TSCD,Thuong_Mai_Dich_Vu,12,50350000000.0,2.83,1,4,4.0,0.058,0
SME-2025-2475,520000000.0,9,VAY_VON_LUU_DONG,San_Xuat,18,2260000000.0,1.87,0,5,1.0,0.009,0
SME-2025-2476,2480000000.0,6,THAU_CHI,Thuong_Mai_Dich_Vu,17,9980000000.0,0.48,0,7,5.8,0.023,0
SME-2025-2477,1810000000.0,6,VAY_VON_LUU_DONG,San_Xuat,19,11380000000.0,0.8,0,17,3.8,0.094,0
SME-2025-2478,7530000000.0,48,VAY_DAU_TU_TSCD,Nong_Nghiep,16,19070000000.0,1.59,0,13,3.4,0.09,0
SME-2025-2479,10020000000.0,9,VAY_VON_LUU_DONG,Van_Tai_Kho_Bai,11,26950000000.0,3.1,2,14,1.0,0.642,1
SME-2025-2480,1640000000.0,60,VAY_DAU_TU_TSCD,Xay_Dung,2,9180000000.0,0.8,2,13,2.4,0.768,1
SME-2025-2481,11960000000.0,6,VAY_VON_LUU_DONG,Van_Tai_Kho_Bai,16,36190000000.0,2.7,0,7,2.6,0.039,0
SME-2025-2482,1580000000.0,6,THAU_CHI,Thuong_Mai_Dich_Vu,1,8780000000.0,0.89,0,13,5.7,0.124,0
SME-2025-2483,2870000000.0,12,THAU_CHI,Van_Tai_Kho_Bai,17,8830000000.0,1.27,0,3,2.8,0.011,0
SME-2025-2484,8590000000.0,6,VAY_VON_LUU_DONG,Thuong_Mai_Dich_Vu,18,16800000000.0,1.11,1,14,3.0,0.17,0
SME-2025-2485,7520000000.0,12,VAY_VON_LUU_DONG,San_Xuat,13,31810000000.0,0.68,0,14,5.5,0.133,0
SME-2025-2486,23790000000.0,6,THAU_CHI,Nong_Nghiep,5,64810000000.0,3.15,0,4,9.8,0.176,0
SME-2025-2487,1210000000.0,9,VAY_VON_LUU_DONG,San_Xuat,24,6490000000.0,2.3,0,14,3.2,0.048,0
SME-2025-2488,6670000000.0,6,THAU_CHI,San_Xuat,6,32110000000.0,3.81,0,10,7.3,0.093,0
SME-2025-2489,5430000000.0,24,VAY_DAU_TU_TSCD,San_Xuat,1,33350000000.0,0.81,0,3,8.4,0.075,0
SME-2025-2490,17930000000.0,6,VAY_VON_LUU_DONG,Xay_Dung,10,98260000000.0,0.99,0,4,1.3,0.055,0
SME-2025-2491,920000000.0,6,VAY_VON_LUU_DONG,Thuong_Mai_Dich_Vu,5,2440000000.0,1.66,0,10,2.0,0.052,0
SME-2025-2492,9470000000.0,6,VAY_VON_LUU_DONG,Thuong_Mai_Dich_Vu,1,52660000000.0,3.54,0,5,12.0,0.109,0
SME-2025-2493,4620000000.0,36,VAY_DAU_TU_TSCD,Van_Tai_Kho_Bai,23,22250000000.0,1.65,3,16,5.6,0.839,1
SME-2025-2494,1460000000.0,12,VAY_VON_LUU_DONG,San_Xuat,11,7220000000.0,2.07,0,2,1.6,0.009,0
SME-2025-2495,3200000000.0,12,VAY_VON_LUU_DONG,Van_Tai_Kho_Bai,24,18280000000.0,1.64,0,12,7.7,0.043,0
SME-2025-2496,1850000000.0,6,VAY_VON_LUU_DONG,Van_Tai_Kho_Bai,24,8320000000.0,0.73,2,14,8.9,0.539,1
SME-2025-2497,4820000000.0,60,VAY_DAU_TU_TSCD,San_Xuat,7,19230000000.0,4.25,2,3,3.6,0.302,0
SME-2025-2498,16190000000.0,12,THAU_CHI,Xay_Dung,18,77590000000.0,2.65,0,16,5.2,0.352,0
SME-2025-2499,4640000000.0,6,THAU_CHI,Nong_Nghiep,21,14850000000.0,3.63,1,4,4.3,0.065,0
SME-2025-2500,5920000000.0,6,VAY_VON_LUU_DONG,Thuong_Mai_Dich_Vu,20,15740000000.0,3.1,0,10,7.1,0.06,0
SME-2025-2501,3800000000.0,60,VAY_DAU_TU_TSCD,Thuong_Mai_Dich_Vu,21,17850000000.0,2.51,1,16,1.9,0.371,0
SME-2025-2502,610000000.0,36,VAY_DAU_TU_TSCD,Thuong_Mai_Dich_Vu,10,1770000000.0,0.77,3,10,2.4,0.75,1
SME-2025-2503,1240000000.0,60,VAY_DAU_TU_TSCD,Xay_Dung,15,2700000000.0,3.04,0,17,5.7,0.251,0
SME-2025-2504,3430000000.0,12,THAU_CHI,San_Xuat,4,6180000000.0,1.04,0,12,5.8,0.09,0
SME-2025-2505,1680000000.0,6,VAY_VON_LUU_DONG,Thuong_Mai_Dich_Vu,16,7830000000.0,2.1,0,16,5.7,0.075,0
SME-2025-2506,1020000000.0,12,VAY_VON_LUU_DONG,San_Xuat,15,3570000000.0,2.98,0,7,4.7,0.029,0
SME-2025-2507,3590000000.0,6,THAU_CHI,Thuong_Mai_Dich_Vu,15,19160000000.0,3.61,0,15,6.5,0.07,0
SME-2025-2508,1770000000.0,12,VAY_VON_LUU_DONG,Nong_Nghiep,12,6310000000.0,3.21,1,12,7.8,0.209,0
SME-2025-2509,1370000000.0,48,VAY_DAU_TU_TSCD,Thuong_Mai_Dich_Vu,8,5600000000.0,3.15,0,7,7.2,0.064,0
SME-2025-2510,3070000000.0,12,THAU_CHI,Van_Tai_Kho_Bai,8,11400000000.0,1.01,0,4,2.7,0.013,0
SME-2025-2511,840000000.0,9,VAY_VON_LUU_DONG,Xay_Dung,18,4080000000.0,1.82,0,6,3.1,0.024,0
SME-2025-2512,18840000000.0,6,THAU_CHI,Thuong_Mai_Dich_Vu,6,65450000000.0,0.58,0,16,4.0,0.298,0
SME-2025-2513,14900000000.0,12,VAY_VON_LUU_DONG,Thuong_Mai_Dich_Vu,5,94310000000.0,3.35,0,12,2.0,0.101,0
SME-2025-2514,7970000000.0,12,VAY_VON_LUU_DONG,Van_Tai_Kho_Bai,2,49410000000.0,4.31,0,5,2.7,0.036,0
SME-2025-2515,760000000.0,24,VAY_DAU_TU_TSCD,Thuong_Mai_Dich_Vu,12,4400000000.0,1.48,1,11,3.7,0.205,0
SME-2025-2516,10400000000.0,12,THAU_CHI,San_Xuat,4,63700000000.0,0.76,0,11,2.8,0.064,0
SME-2025-2517,11790000000.0,6,VAY_VON_LUU_DONG,Van_Tai_Kho_Bai,23,46110000000.0,2.35,1,13,2.1,0.235,0
SME-2025-2518,10080000000.0,6,VAY_VON_LUU_DONG,Thuong_Mai_Dich_Vu,13,43560000000.0,3.91,0,10,3.0,0.029,0
SME-2025-2519,780000000.0,36,VAY_DAU_TU_TSCD,San_Xuat,17,4120000000.0,2.66,2,10,8.9,0.711,1
SME-2025-2520,6210000000.0,24,VAY_DAU_TU_TSCD,Thuong_Mai_Dich_Vu,16,31500000000.0,0.59,1,2,9.3,0.144,0
SME-2025-2521,13080000000.0,60,VAY_DAU_TU_TSCD,Nong_Nghiep,9,78300000000.0,4.39,0,9,1.9,0.115,0
SME-2025-2522,4780000000.0,6,VAY_VON_LUU_DONG,Thuong_Mai_Dich_Vu,1,24700000000.0,3.8,0,16,1.1,0.158,0
SME-2025-2523,6270000000.0,12,VAY_VON_LUU_DONG,Xay_Dung,15,40690000000.0,0.94,0,10,3.5,0.069,0
SME-2025-2524,3000000000.0,6,VAY_VON_LUU_DONG,Nong_Nghiep,12,10310000000.0,4.18,3,6,1.5,0.445,0
SME-2025-2525,3960000000.0,60,VAY_DAU_TU_TSCD,Thuong_Mai_Dich_Vu,5,22630000000.0,2.25,0,5,1.9,0.031,0
SME-2025-2526,570000000.0,12,VAY_VON_LUU_DONG,Thuong_Mai_Dich_Vu,23,2890000000.0,1.92,0,11,4.6,0.042,0
SME-2025-2527,6090000000.0,12,VAY_VON_LUU_DONG,San_Xuat,24,30750000000.0,2.29,0,5,2.5,0.01,0
SME-2025-2528,690000000.0,12,THAU_CHI,San_Xuat,18,2300000000.0,3.82,1,3,7.6,0.062,0
SME-2025-2529,2740000000.0,6,VAY_VON_LUU_DONG,Thuong_Mai_Dich_Vu,20,15050000000.0,3.1,0,10,2.3,0.014,0
SME-2025-2530,1570000000.0,6,THAU_CHI,Nong_Nghiep,2,9470000000.0,0.64,0,6,4.4,0.026,0
SME-2025-2531,4220000000.0,48,VAY_DAU_TU_TSCD,San_Xuat,4,11930000000.0,4.33,0,12,9.2,0.158,0
SME-2025-2532,840000000.0,36,VAY_DAU_TU_TSCD,Xay_Dung,15,3980000000.0,1.01,0,4,2.5,0.045,0
SME-2025-2533,7480000000.0,9,VAY_VON_LUU_DONG,San_Xuat,6,27250000000.0,3.46,0,7,1.3,0.021,0
SME-2025-2534,11210000000.0,6,VAY_VON_LUU_DONG,Thuong_Mai_Dich_Vu,22,72310000000.0,3.01,0,10,1.7,0.043,0
SME-2025-2535,950000000.0,48,VAY_DAU_TU_TSCD,San_Xuat,12,3850000000.0,1.17,1,10,8.4,0.402,0
SME-2025-2536,750000000.0,24,VAY_DAU_TU_TSCD,San_Xuat,18,2150000000.0,1.1,1,13,2.2,0.246,0
SME-2025-2537,880000000.0,24,VAY_DAU_TU_TSCD,San_Xuat,20,3160000000.0,3.97,1,14,1.5,0.282,0
SME-2025-2538,15460000000.0,6,VAY_VON_LUU_DONG,Thuong_Mai_Dich_Vu,4,75340000000.0,2.12,0,6,5.7,0.137,0
SME-2025-2539,3950000000.0,60,VAY_DAU_TU_TSCD,Xay_Dung,1,8520000000.0,3.08,1,9,1.4,0.296,0
SME-2025-2540,3110000000.0,24,VAY_DAU_TU_TSCD,San_Xuat,15,14420000000.0,2.47,0,5,3.7,0.03,0
SME-2025-2541,760000000.0,60,VAY_DAU_TU_TSCD,Van_Tai_Kho_Bai,18,4690000000.0,3.38,0,6,1.3,0.018,0
SME-2025-2542,6350000000.0,48,VAY_DAU_TU_TSCD,San_Xuat,14,36810000000.0,2.36,2,8,2.8,0.454,0
SME-2025-2543,14920000000.0,60,VAY_DAU_TU_TSCD,Xay_Dung,3,31600000000.0,1.58,1,8,6.7,0.579,1
SME-2025-2544,12770000000.0,60,VAY_DAU_TU_TSCD,Van_Tai_Kho_Bai,15,82610000000.0,1.89,0,14,2.4,0.232,0
SME-2025-2545,5790000000.0,9,VAY_VON_LUU_DONG,Xay_Dung,5,29440000000.0,3.92,2,8,1.3,0.499,0
SME-2025-2546,670000000.0,6,VAY_VON_LUU_DONG,Thuong_Mai_Dich_Vu,24,1720000000.0,2.32,3,9,3.4,0.451,0
SME-2025-2547,780000000.0,6,VAY_VON_LUU_DONG,San_Xuat,22,1450000000.0,1.28,0,12,4.8,0.049,0
SME-2025-2548,610000000.0,6,VAY_VON_LUU_DONG,Thuong_Mai_Dich_Vu,3,1590000000.0,4.23,0,6,3.1,0.034,0
SME-2025-2549,1370000000.0,6,VAY_VON_LUU_DONG,Xay_Dung,22,7860000000.0,3.67,1,16,9.4,0.392,0
SME-2025-2550,850000000.0,9,VAY_VON_LUU_DONG,Nong_Nghiep,7,1620000000.0,0.63,0,2,1.8,0.008,0
SME-2025-2551,1380000000.0,9,VAY_VON_LUU_DONG,San_Xuat,6,4000000000.0,4.5,0,12,2.6,0.081,0
SME-2025-2552,2260000000.0,9,VAY_VON_LUU_DONG,Xay_Dung,22,12110000000.0,3.25,1,10,3.0,0.118,0
SME-2025-2553,20000000000.0,36,VAY_DAU_TU_TSCD,Thuong_Mai_Dich_Vu,1,91090000000.0,1.06,0,10,4.1,0.201,0
SME-2025-2554,5440000000.0,6,THAU_CHI,Van_Tai_Kho_Bai,19,29800000000.0,1.37,0,16,1.8,0.065,0
SME-2025-2555,13110000000.0,12,VAY_VON_LUU_DONG,San_Xuat,7,69570000000.0,3.24,0,8,2.5,0.065,0
SME-2025-2556,8050000000.0,12,THAU_CHI,Nong_Nghiep,4,16400000000.0,3.6,0,13,2.4,0.146,0
SME-2025-2557,780000000.0,9,VAY_VON_LUU_DONG,Xay_Dung,12,4680000000.0,1.38,3,7,1.7,0.687,1
SME-2025-2558,8900000000.0,6,VAY_VON_LUU_DONG,Thuong_Mai_Dich_Vu,20,25520000000.0,1.45,1,14,3.0,0.211,0
SME-2025-2559,1470000000.0,6,VAY_VON_LUU_DONG,San_Xuat,23,6470000000.0,1.66,0,14,4.7,0.083,0
SME-2025-2560,6090000000.0,6,VAY_VON_LUU_DONG,Thuong_Mai_Dich_Vu,18,29400000000.0,2.85,3,6,1.2,0.566,1
SME-2025-2561,1900000000.0,24,VAY_DAU_TU_TSCD,Xay_Dung,9,4930000000.0,1.1,2,6,3.3,0.529,1
SME-2025-2562,24770000000.0,48,VAY_DAU_TU_TSCD,Xay_Dung,19,158240000000.0,0.83,0,16,3.6,0.504,1
SME-2025-2563,1400000000.0,12,VAY_VON_LUU_DONG,San_Xuat,22,5730000000.0,3.18,2,4,3.6,0.115,0
SME-2025-2564,1490000000.0,9,VAY_VON_LUU_DONG,San_Xuat,4,3090000000.0,3.59,0,11,10.9,0.103,0
SME-2025-2565,19060000000.0,12,VAY_VON_LUU_DONG,Van_Tai_Kho_Bai,1,118270000000.0,2.45,0,2,3.7,0.043,0
SME-2025-2566,550000000.0,9,VAY_VON_LUU_DONG,Van_Tai_Kho_Bai,9,2510000000.0,1.89,0,7,2.8,0.033,0
SME-2025-2567,7630000000.0,9,VAY_VON_LUU_DONG,Thuong_Mai_Dich_Vu,15,38810000000.0,2.17,1,9,2.2,0.088,0
SME-2025-2568,8540000000.0,12,VAY_VON_LUU_DONG,San_Xuat,22,36450000000.0,1.99,0,15,2.4,0.048,0
SME-2025-2569,13180000000.0,60,VAY_DAU_TU_TSCD,Xay_Dung,8,75430000000.0,4.34,1,3,1.9,0.105,0
SME-2025-2570,22620000000.0,12,THAU_CHI,Thuong_Mai_Dich_Vu,15,44240000000.0,3.55,1,9,2.2,0.187,0
SME-2025-2571,22720000000.0,6,VAY_VON_LUU_DONG,Van_Tai_Kho_Bai,15,69550000000.0,1.25,0,9,2.5,0.068,0
SME-2025-2572,650000000.0,12,THAU_CHI,Xay_Dung,18,2600000000.0,1.98,0,11,2.9,0.051,0
SME-2025-2573,12450000000.0,6,VAY_VON_LUU_DONG,Nong_Nghiep,7,26890000000.0,2.63,0,9,4.4,0.057,0
SME-2025-2574,6270000000.0,12,VAY_VON_LUU_DONG,Van_Tai_Kho_Bai,22,32090000000.0,2.91,0,11,2.1,0.043,0
SME-2025-2575,6290000000.0,12,VAY_VON_LUU_DONG,Nong_Nghiep,18,22960000000.0,2.32,0,16,2.1,0.087,0
SME-2025-2576,830000000.0,36,VAY_DAU_TU_TSCD,San_Xuat,16,2560000000.0,3.72,0,4,3.5,0.009,0
SME-2025-2577,6360000000.0,6,THAU_CHI,San_Xuat,2,11550000000.0,3.55,0,11,3.5,0.086,0
SME-2025-2578,23340000000.0,36,VAY_DAU_TU_TSCD,Xay_Dung,4,120980000000.0,2.47,0,9,2.3,0.262,0
SME-2025-2579,17710000000.0,12,VAY_VON_LUU_DONG,Thuong_Mai_Dich_Vu,20,101280000000.0,3.9,0,17,1.3,0.263,0
SME-2025-2580,2790000000.0,60,VAY_DAU_TU_TSCD,San_Xuat,16,10200000000.0,3.48,1,12,5.5,0.279,0
SME-2025-2581,580000000.0,9,VAY_VON_LUU_DONG,San_Xuat,3,2580000000.0,3.59,4,16,4.2,0.949,1
SME-2025-2582,2060000000.0,12,THAU_CHI,Thuong_Mai_Dich_Vu,24,5910000000.0,4.32,1,13,3.3,0.146,0
SME-2025-2583,12680000000.0,6,VAY_VON_LUU_DONG,Xay_Dung,23,59900000000.0,1.49,0,17,5.0,0.237,0
SME-2025-2584,7780000000.0,12,VAY_VON_LUU_DONG,Xay_Dung,2,14450000000.0,1.5,0,17,1.0,0.279,0
SME-2025-2585,3020000000.0,36,VAY_DAU_TU_TSCD,Thuong_Mai_Dich_Vu,3,12370000000.0,4.04,1,13,1.0,0.511,1
SME-2025-2586,620000000.0,24,VAY_DAU_TU_TSCD,Thuong_Mai_Dich_Vu,5,2990000000.0,3.57,2,15,1.0,0.594,1
SME-2025-2587,2660000000.0,9,VAY_VON_LUU_DONG,Thuong_Mai_Dich_Vu,2,16270000000.0,4.2,0,5,3.1,0.022,0
SME-2025-2588,3130000000.0,60,VAY_DAU_TU_TSCD,San_Xuat,19,11240000000.0,0.66,0,4,4.7,0.024,0
SME-2025-2589,18900000000.0,6,VAY_VON_LUU_DONG,Thuong_Mai_Dich_Vu,24,101990000000.0,2.97,0,12,3.1,0.15,0
SME-2025-2590,6140000000.0,24,VAY_DAU_TU_TSCD,Thuong_Mai_Dich_Vu,20,28300000000.0,0.99,1,10,1.0,0.166,0
SME-2025-2591,1690000000.0,36,VAY_DAU_TU_TSCD,San_Xuat,2,10410000000.0,2.47,0,9,4.7,0.07,0
SME-2025-2592,3900000000.0,48,VAY_DAU_TU_TSCD,Thuong_Mai_Dich_Vu,2,14320000000.0,1.04,0,11,2.1,0.121,0
SME-2025-2593,650000000.0,60,VAY_DAU_TU_TSCD,Xay_Dung,22,2140000000.0,0.93,2,14,5.8,0.799,1
SME-2025-2594,22460000000.0,12,VAY_VON_LUU_DONG,Xay_Dung,24,134080000000.0,0.45,0,14,10.5,0.316,0
SME-2025-2595,2050000000.0,6,VAY_VON_LUU_DONG,Xay_Dung,23,4160000000.0,2.98,0,3,1.0,0.007,0
SME-2025-2596,3240000000.0,48,VAY_DAU_TU_TSCD,Xay_Dung,20,7910000000.0,1.87,0,14,1.6,0.1,0
SME-2025-2597,2010000000.0,6,VAY_VON_LUU_DONG,Xay_Dung,18,4400000000.0,0.83,0,14,2.7,0.089,0
SME-2025-2598,7220000000.0,12,VAY_VON_LUU_DONG,Nong_Nghiep,20,41610000000.0,1.72,0,16,3.4,0.147,0
SME-2025-2599,6670000000.0,9,VAY_VON_LUU_DONG,San_Xuat,21,12340000000.0,1.09,0,14,5.4,0.072,0
SME-2025-2600,8210000000.0,12,VAY_VON_LUU_DONG,Van_Tai_Kho_Bai,14,48030000000.0,4.26,0,15,3.0,0.118,0
SME-2025-2601,1430000000.0,24,VAY_DAU_TU_TSCD,Thuong_Mai_Dich_Vu,15,5610000000.0,1.71,1,17,1.6,0.451,0
SME-2025-2602,1720000000.0,6,VAY_VON_LUU_DONG,San_Xuat,12,3130000000.0,1.77,1,17,4.0,0.357,0
SME-2025-2603,820000000.0,48,VAY_DAU_TU_TSCD,San_Xuat,11,3020000000.0,3.84,0,9,1.6,0.033,0
SME-2025-2604,6500000000.0,9,VAY_VON_LUU_DONG,Thuong_Mai_Dich_Vu,11,17410000000.0,3.06,0,12,2.2,0.075,0
SME-2025-2605,580000000.0,6,VAY_VON_LUU_DONG,Thuong_Mai_Dich_Vu,7,2750000000.0,3.31,1,12,5.8,0.225,0
SME-2025-2606,5180000000.0,6,VAY_VON_LUU_DONG,San_Xuat,12,25860000000.0,3.01,0,4,2.0,0.018,0
SME-2025-2607,15020000000.0,6,VAY_VON_LUU_DONG,San_Xuat,16,61450000000.0,4.28,0,11,1.7,0.064,0
SME-2025-2608,16310000000.0,6,VAY_VON_LUU_DONG,Thuong_Mai_Dich_Vu,5,32460000000.0,1.25,0,13,2.3,0.147,0
SME-2025-2609,2900000000.0,24,VAY_DAU_TU_TSCD,San_Xuat,2,14160000000.0,4.46,0,15,4.3,0.165,0
SME-2025-2610,3020000000.0,9,VAY_VON_LUU_DONG,Nong_Nghiep,22,17390000000.0,3.81,0,7,1.0,0.011,0
SME-2025-2611,680000000.0,48,VAY_DAU_TU_TSCD,Thuong_Mai_Dich_Vu,16,3530000000.0,2.81,1,6,4.0,0.124,0
SME-2025-2612,6900000000.0,9,VAY_VON_LUU_DONG,Xay_Dung,23,39340000000.0,3.12,0,9,3.0,0.046,0
SME-2025-2613,12420000000.0,9,VAY_VON_LUU_DONG,Xay_Dung,15,34060000000.0,3.06,2,10,2.1,0.68,1
SME-2025-2614,1300000000.0,24,VAY_DAU_TU_TSCD,San_Xuat,11,7770000000.0,0.64,0,12,3.0,0.034,0
SME-2025-2615,2600000000.0,9,VAY_VON_LUU_DONG,Nong_Nghiep,6,8620000000.0,1.29,1,8,2.8,0.105,0
SME-2025-2616,13310000000.0,6,VAY_VON_LUU_DONG,San_Xuat,13,24800000000.0,4.34,0,7,2.7,0.033,0
SME-2025-2617,15460000000.0,9,VAY_VON_LUU_DONG,Xay_Dung,19,89110000000.0,2.59,0,7,2.9,0.055,0
SME-2025-2618,1290000000.0,6,VAY_VON_LUU_DONG,Thuong_Mai_Dich_Vu,10,8030000000.0,1.95,0,2,2.9,0.008,0
SME-2025-2619,4310000000.0,60,VAY_DAU_TU_TSCD,San_Xuat,24,21040000000.0,3.52,0,6,1.8,0.01,0
SME-2025-2620,1060000000.0,6,VAY_VON_LUU_DONG,Xay_Dung,19,3060000000.0,2.55,1,15,2.3,0.305,0
SME-2025-2621,740000000.0,36,VAY_DAU_TU_TSCD,Nong_Nghiep,5,2210000000.0,0.45,0,9,3.8,0.049,0
SME-2025-2622,17660000000.0,12,THAU_CHI,Xay_Dung,21,70520000000.0,3.42,0,7,1.2,0.062,0
SME-2025-2623,12390000000.0,9,VAY_VON_LUU_DONG,Van_Tai_Kho_Bai,7,74590000000.0,3.4,0,13,3.3,0.09,0
SME-2025-2624,9780000000.0,12,THAU_CHI,Nong_Nghiep,11,24480000000.0,1.08,1,2,1.3,0.031,0
SME-2025-2625,610000000.0,12,VAY_VON_LUU_DONG,Xay_Dung,14,3470000000.0,4.32,0,16,3.2,0.132,0
SME-2025-2626,13570000000.0,6,THAU_CHI,Xay_Dung,23,43010000000.0,1.32,1,16,1.2,0.445,0
SME-2025-2627,2770000000.0,12,VAY_VON_LUU_DONG,Xay_Dung,21,15510000000.0,2.28,1,6,1.9,0.061,0
SME-2025-2628,1910000000.0,36,VAY_DAU_TU_TSCD,Thuong_Mai_Dich_Vu,16,11700000000.0,0.87,1,14,3.5,0.204,0
SME-2025-2629,4240000000.0,9,VAY_VON_LUU_DONG,San_Xuat,18,16150000000.0,2.87,0,12,2.7,0.068,0
SME-2025-2630,710000000.0,6,VAY_VON_LUU_DONG,Van_Tai_Kho_Bai,21,2500000000.0,1.94,0,13,3.0,0.039,0
SME-2025-2631,9650000000.0,48,VAY_DAU_TU_TSCD,Thuong_Mai_Dich_Vu,23,53750000000.0,1.85,0,6,1.7,0.018,0
SME-2025-2632,4880000000.0,24,VAY_DAU_TU_TSCD,Xay_Dung,23,20930000000.0,3.79,1,17,4.8,0.367,0
SME-2025-2633,1040000000.0,6,VAY_VON_LUU_DONG,Thuong_Mai_Dich_Vu,4,5220000000.0,0.44,1,13,2.8,0.196,0
SME-2025-2634,1040000000.0,6,VAY_VON_LUU_DONG,Xay_Dung,1,4920000000.0,3.67,0,4,2.5,0.028,0
SME-2025-2635,1030000000.0,24,VAY_DAU_TU_TSCD,Nong_Nghiep,22,2590000000.0,2.74,1,9,3.1,0.132,0
SME-2025-2636,620000000.0,48,VAY_DAU_TU_TSCD,Thuong_Mai_Dich_Vu,15,3580000000.0,4.44,0,16,1.0,0.085,0
SME-2025-2637,4980000000.0,6,THAU_CHI,San_Xuat,14,13550000000.0,2.82,0,10,2.8,0.039,0
SME-2025-2638,13390000000.0,60,VAY_DAU_TU_TSCD,San_Xuat,19,82770000000.0,0.63,0,7,3.1,0.036,0
SME-2025-2639,540000000.0,12,THAU_CHI,Nong_Nghiep,5,1610000000.0,0.61,3,7,1.9,0.706,1
SME-2025-2640,610000000.0,60,VAY_DAU_TU_TSCD,Thuong_Mai_Dich_Vu,4,3200000000.0,4.02,1,3,5.2,0.14,0
SME-2025-2641,4700000000.0,9,VAY_VON_LUU_DONG,Van_Tai_Kho_Bai,13,14750000000.0,3.85,1,11,1.1,0.179,0
SME-2025-2642,12340000000.0,9,VAY_VON_LUU_DONG,San_Xuat,18,40640000000.0,1.82,2,3,4.8,0.253,0
SME-2025-2643,1800000000.0,48,VAY_DAU_TU_TSCD,San_Xuat,12,5860000000.0,2.93,0,7,6.2,0.054,0
SME-2025-2644,1960000000.0,24,VAY_DAU_TU_TSCD,San_Xuat,23,10420000000.0,2.41,2,13,4.1,0.285,0
SME-2025-2645,5150000000.0,12,VAY_VON_LUU_DONG,Thuong_Mai_Dich_Vu,21,22750000000.0,4.37,0,9,2.0,0.026,0
SME-2025-2646,1460000000.0,6,VAY_VON_LUU_DONG,Xay_Dung,15,8690000000.0,4.29,1,3,3.4,0.12,0
SME-2025-2647,550000000.0,6,THAU_CHI,San_Xuat,23,1780000000.0,4.43,1,10,1.7,0.059,0
SME-2025-2648,8870000000.0,12,VAY_VON_LUU_DONG,Thuong_Mai_Dich_Vu,9,44810000000.0,3.95,0,14,8.1,0.142,0
SME-2025-2649,5780000000.0,6,VAY_VON_LUU_DONG,Thuong_Mai_Dich_Vu,4,30860000000.0,4.13,0,17,2.7,0.16,0
SME-2025-2650,4850000000.0,12,VAY_VON_LUU_DONG,San_Xuat,5,12180000000.0,1.29,0,13,1.7,0.059,0
SME-2025-2651,9100000000.0,6,VAY_VON_LUU_DONG,Xay_Dung,9,33510000000.0,3.81,4,15,1.0,0.967,1
SME-2025-2652,7020000000.0,9,VAY_VON_LUU_DONG,Thuong_Mai_Dich_Vu,13,28570000000.0,3.31,0,10,3.0,0.053,0
SME-2025-2653,1120000000.0,9,VAY_VON_LUU_DONG,San_Xuat,10,3890000000.0,4.35,0,16,5.5,0.159,0
SME-2025-2654,1990000000.0,9,VAY_VON_LUU_DONG,San_Xuat,16,6590000000.0,2.74,1,15,4.0,0.262,0
SME-2025-2655,820000000.0,48,VAY_DAU_TU_TSCD,Xay_Dung,13,4120000000.0,0.75,0,5,5.2,0.03,0
SME-2025-2656,830000000.0,9,VAY_VON_LUU_DONG,Thuong_Mai_Dich_Vu,4,2340000000.0,2.85,0,5,8.7,0.034,0
SME-2025-2657,7040000000.0,24,VAY_DAU_TU_TSCD,Nong_Nghiep,21,36140000000.0,3.21,0,5,3.0,0.026,0
SME-2025-2658,14380000000.0,12,THAU_CHI,Xay_Dung,13,89080000000.0,1.3,0,12,2.7,0.172,0
SME-2025-2659,21610000000.0,9,VAY_VON_LUU_DONG,San_Xuat,21,96300000000.0,2.02,1,6,9.6,0.27,0
SME-2025-2660,5840000000.0,60,VAY_DAU_TU_TSCD,Nong_Nghiep,8,27290000000.0,2.85,0,9,3.4,0.051,0
SME-2025-2661,1030000000.0,12,VAY_VON_LUU_DONG,Van_Tai_Kho_Bai,13,2190000000.0,1.93,0,3,1.3,0.012,0
SME-2025-2662,760000000.0,12,THAU_CHI,Thuong_Mai_Dich_Vu,15,4460000000.0,1.94,0,12,2.0,0.069,0
SME-2025-2663,12020000000.0,6,VAY_VON_LUU_DONG,Van_Tai_Kho_Bai,20,37760000000.0,0.95,0,6,9.3,0.079,0
SME-2025-2664,4810000000.0,48,VAY_DAU_TU_TSCD,Thuong_Mai_Dich_Vu,20,22560000000.0,4.26,2,15,3.8,0.777,1
SME-2025-2665,5620000000.0,60,VAY_DAU_TU_TSCD,Thuong_Mai_Dich_Vu,13,35980000000.0,3.48,2,3,5.6,0.261,0
SME-2025-2666,10630000000.0,12,VAY_VON_LUU_DONG,Xay_Dung,23,48890000000.0,0.41,0,16,1.6,0.174,0
SME-2025-2667,7830000000.0,6,VAY_VON_LUU_DONG,Xay_Dung,5,40760000000.0,3.54,0,12,5.6,0.254,0
SME-2025-2668,13080000000.0,60,VAY_DAU_TU_TSCD,San_Xuat,22,50920000000.0,3.43,0,12,2.5,0.073,0
SME-2025-2669,620000000.0,48,VAY_DAU_TU_TSCD,Nong_Nghiep,22,1290000000.0,0.44,0,9,5.7,0.029,0
SME-2025-2670,9310000000.0,6,VAY_VON_LUU_DONG,Van_Tai_Kho_Bai,6,51660000000.0,1.92,0,2,7.7,0.026,0
SME-2025-2671,13950000000.0,36,VAY_DAU_TU_TSCD,Thuong_Mai_Dich_Vu,5,27400000000.0,2.89,1,17,1.9,0.602,1
SME-2025-2672,1530000000.0,6,VAY_VON_LUU_DONG,Xay_Dung,13,7790000000.0,2.26,0,16,4.7,0.098,0
SME-2025-2673,6120000000.0,24,VAY_DAU_TU_TSCD,San_Xuat,5,11680000000.0,3.59,0,8,3.5,0.116,0
SME-2025-2674,1710000000.0,6,VAY_VON_LUU_DONG,San_Xuat,13,10010000000.0,2.14,0,4,2.3,0.008,0
SME-2025-2675,21210000000.0,6,THAU_CHI,San_Xuat,24,53890000000.0,1.03,0,5,2.1,0.035,0
SME-2025-2676,570000000.0,6,VAY_VON_LUU_DONG,Thuong_Mai_Dich_Vu,20,2400000000.0,4.4,1,15,3.4,0.096,0
SME-2025-2677,4830000000.0,6,VAY_VON_LUU_DONG,Van_Tai_Kho_Bai,23,22250000000.0,1.39,0,16,1.8,0.121,0
SME-2025-2678,960000000.0,6,VAY_VON_LUU_DONG,San_Xuat,8,3790000000.0,3.34,0,9,2.9,0.053,0
SME-2025-2679,8110000000.0,9,VAY_VON_LUU_DONG,San_Xuat,9,27590000000.0,0.99,0,4,4.9,0.017,0
SME-2025-2680,990000000.0,6,VAY_VON_LUU_DONG,Thuong_Mai_Dich_Vu,21,3960000000.0,1.75,2,13,1.2,0.357,0
SME-2025-2681,1260000000.0,12,VAY_VON_LUU_DONG,San_Xuat,19,4110000000.0,2.21,0,14,1.6,0.04,0
SME-2025-2682,3460000000.0,24,VAY_DAU_TU_TSCD,Nong_Nghiep,20,13350000000.0,1.19,1,14,1.9,0.23,0
SME-2025-2683,17920000000.0,6,VAY_VON_LUU_DONG,Xay_Dung,15,62490000000.0,2.24,0,17,4.0,0.379,0
SME-2025-2684,1140000000.0,9,VAY_VON_LUU_DONG,San_Xuat,22,5090000000.0,1.04,2,8,5.2,0.21,0
SME-2025-2685,880000000.0,6,VAY_VON_LUU_DONG,San_Xuat,10,2570000000.0,2.69,1,13,3.4,0.203,0
SME-2025-2686,9740000000.0,12,VAY_VON_LUU_DONG,San_Xuat,11,62790000000.0,3.12,0,2,4.7,0.012,0
SME-2025-2687,3540000000.0,6,VAY_VON_LUU_DONG,Thuong_Mai_Dich_Vu,5,14710000000.0,0.66,1,17,3.9,0.435,0
SME-2025-2688,17700000000.0,12,VAY_VON_LUU_DONG,San_Xuat,9,48010000000.0,3.97,1,10,8.1,0.282,0
SME-2025-2689,890000000.0,9,VAY_VON_LUU_DONG,Xay_Dung,11,3600000000.0,1.16,0,14,1.5,0.13,0
SME-2025-2690,6260000000.0,6,VAY_VON_LUU_DONG,Xay_Dung,19,36760000000.0,1.32,0,7,1.4,0.018,0
SME-2025-2691,1240000000.0,9,VAY_VON_LUU_DONG,San_Xuat,2,2360000000.0,3.11,0,4,1.0,0.018,0
SME-2025-2692,920000000.0,24,VAY_DAU_TU_TSCD,San_Xuat,6,4590000000.0,2.32,1,17,1.2,0.457,0
SME-2025-2693,7250000000.0,12,VAY_VON_LUU_DONG,Thuong_Mai_Dich_Vu,23,31720000000.0,2.45,1,8,2.0,0.142,0
SME-2025-2694,5100000000.0,9,VAY_VON_LUU_DONG,Thuong_Mai_Dich_Vu,21,13240000000.0,0.93,1,16,3.2,0.387,0
SME-2025-2695,9580000000.0,6,THAU_CHI,Van_Tai_Kho_Bai,1,54050000000.0,3.7,1,14,3.3,0.542,1
SME-2025-2696,1680000000.0,12,VAY_VON_LUU_DONG,San_Xuat,3,5940000000.0,2.93,1,6,4.1,0.113,0
SME-2025-2697,2880000000.0,36,VAY_DAU_TU_TSCD,San_Xuat,3,9160000000.0,0.96,0,9,3.1,0.097,0
SME-2025-2698,2440000000.0,6,VAY_VON_LUU_DONG,San_Xuat,14,13890000000.0,1.93,0,9,3.2,0.034,0
SME-2025-2699,23490000000.0,36,VAY_DAU_TU_TSCD,Xay_Dung,20,112780000000.0,3.72,2,13,4.1,0.877,1
SME-2025-2700,1570000000.0,24,VAY_DAU_TU_TSCD,Thuong_Mai_Dich_Vu,22,9450000000.0,2.73,0,10,7.5,0.048,0
SME-2025-2701,1580000000.0,12,VAY_VON_LUU_DONG,Nong_Nghiep,5,7520000000.0,0.85,0,7,6.2,0.078,0
SME-2025-2702,2000000000.0,12,THAU_CHI,Thuong_Mai_Dich_Vu,17,10560000000.0,1.93,1,5,1.3,0.033,0
SME-2025-2703,4550000000.0,12,VAY_VON_LUU_DONG,San_Xuat,15,26080000000.0,1.4,0,14,9.0,0.098,0
SME-2025-2704,1340000000.0,9,VAY_VON_LUU_DONG,Xay_Dung,6,2760000000.0,2.52,0,3,9.6,0.059,0
SME-2025-2705,17950000000.0,36,VAY_DAU_TU_TSCD,Van_Tai_Kho_Bai,14,97780000000.0,3.86,0,4,1.3,0.022,0
SME-2025-2706,1410000000.0,24,VAY_DAU_TU_TSCD,Xay_Dung,14,6610000000.0,2.19,0,6,2.6,0.039,0
SME-2025-2707,16630000000.0,12,VAY_VON_LUU_DONG,Xay_Dung,17,35370000000.0,2.18,3,9,3.6,0.918,1
SME-2025-2708,750000000.0,6,VAY_VON_LUU_DONG,Van_Tai_Kho_Bai,8,3140000000.0,4.11,0,13,4.4,0.086,0
SME-2025-2709,6520000000.0,12,VAY_VON_LUU_DONG,Thuong_Mai_Dich_Vu,8,14260000000.0,2.76,0,11,1.6,0.057,0
SME-2025-2710,17370000000.0,9,VAY_VON_LUU_DONG,Thuong_Mai_Dich_Vu,19,91350000000.0,2.72,0,3,1.0,0.014,0
SME-2025-2711,970000000.0,24,VAY_DAU_TU_TSCD,San_Xuat,9,4240000000.0,1.47,0,6,6.1,0.026,0
SME-2025-2712,22090000000.0,6,VAY_VON_LUU_DONG,Xay_Dung,11,138760000000.0,2.89,0,15,4.8,0.444,0
SME-2025-2713,2940000000.0,12,VAY_VON_LUU_DONG,San_Xuat,13,7820000000.0,2.76,0,10,3.1,0.039,0
SME-2025-2714,20220000000.0,12,VAY_VON_LUU_DONG,Thuong_Mai_Dich_Vu,13,93990000000.0,2.03,0,3,2.7,0.042,0
SME-2025-2715,7060000000.0,12,VAY_VON_LUU_DONG,San_Xuat,24,19730000000.0,4.46,0,16,5.2,0.049,0
SME-2025-2716,1630000000.0,9,VAY_VON_LUU_DONG,Nong_Nghiep,19,7640000000.0,4.02,0,9,1.4,0.026,0
SME-2025-2717,1040000000.0,24,VAY_DAU_TU_TSCD,Nong_Nghiep,21,5400000000.0,3.47,1,17,3.9,0.491,0
SME-2025-2718,1640000000.0,6,THAU_CHI,Thuong_Mai_Dich_Vu,19,8520000000.0,2.6,2,4,4.9,0.249,0
SME-2025-2719,720000000.0,36,VAY_DAU_TU_TSCD,San_Xuat,5,4050000000.0,2.29,2,9,3.0,0.489,0
SME-2025-2720,880000000.0,12,VAY_VON_LUU_DONG,San_Xuat,16,5110000000.0,1.16,0,5,1.6,0.008,0
SME-2025-2721,750000000.0,6,THAU_CHI,Thuong_Mai_Dich_Vu,9,1620000000.0,1.65,0,5,1.7,0.016,0
SME-2025-2722,2620000000.0,48,VAY_DAU_TU_TSCD,Thuong_Mai_Dich_Vu,20,8940000000.0,3.57,1,13,2.4,0.204,0
SME-2025-2723,11240000000.0,60,VAY_DAU_TU_TSCD,Thuong_Mai_Dich_Vu,22,56530000000.0,2.26,0,8,3.1,0.039,0
SME-2025-2724,870000000.0,6,VAY_VON_LUU_DONG,Xay_Dung,3,3600000000.0,4.02,1,6,1.0,0.102,0
SME-2025-2725,830000000.0,9,VAY_VON_LUU_DONG,Thuong_Mai_Dich_Vu,19,2240000000.0,1.01,1,5,1.7,0.079,0
SME-2025-2726,6200000000.0,9,VAY_VON_LUU_DONG,Thuong_Mai_Dich_Vu,5,27270000000.0,2.48,1,8,5.1,0.146,0
SME-2025-2727,1080000000.0,12,VAY_VON_LUU_DONG,Xay_Dung,8,4010000000.0,3.05,3,13,3.7,0.856,1
SME-2025-2728,730000000.0,6,VAY_VON_LUU_DONG,Thuong_Mai_Dich_Vu,14,2650000000.0,2.52,1,4,1.1,0.046,0
SME-2025-2729,960000000.0,6,VAY_VON_LUU_DONG,Thuong_Mai_Dich_Vu,24,5380000000.0,4.05,1,16,3.8,0.351,0
SME-2025-2730,18550000000.0,6,VAY_VON_LUU_DONG,San_Xuat,3,68930000000.0,4.46,0,10,5.7,0.159,0
SME-2025-2731,12430000000.0,60,VAY_DAU_TU_TSCD,San_Xuat,24,23920000000.0,0.87,2,15,4.4,0.573,1
SME-2025-2732,2000000000.0,12,VAY_VON_LUU_DONG,Thuong_Mai_Dich_Vu,13,4150000000.0,0.93,0,14,7.5,0.055,0
SME-2025-2733,6500000000.0,6,VAY_VON_LUU_DONG,San_Xuat,11,37860000000.0,0.93,2,6,1.0,0.443,0
SME-2025-2734,4090000000.0,6,THAU_CHI,Thuong_Mai_Dich_Vu,8,25830000000.0,3.19,0,13,2.1,0.037,0
SME-2025-2735,7070000000.0,12,THAU_CHI,Thuong_Mai_Dich_Vu,19,35600000000.0,1.93,0,4,4.1,0.018,0
SME-2025-2736,7220000000.0,60,VAY_DAU_TU_TSCD,Nong_Nghiep,10,25360000000.0,3.41,1,3,2.4,0.054,0
SME-2025-2737,5850000000.0,6,THAU_CHI,Thuong_Mai_Dich_Vu,18,36340000000.0,2.06,0,8,3.0,0.021,0
SME-2025-2738,1420000000.0,6,VAY_VON_LUU_DONG,San_Xuat,18,6980000000.0,2.97,1,13,7.7,0.206,0
SME-2025-2739,580000000.0,6,THAU_CHI,San_Xuat,7,3350000000.0,3.56,0,8,6.2,0.023,0
SME-2025-2740,2970000000.0,12,VAY_VON_LUU_DONG,Nong_Nghiep,16,16040000000.0,2.65,2,13,4.4,0.607,1
SME-2025-2741,16320000000.0,6,VAY_VON_LUU_DONG,San_Xuat,6,58460000000.0,2.61,1,14,3.4,0.512,1
SME-2025-2742,4640000000.0,6,VAY_VON_LUU_DONG,Thuong_Mai_Dich_Vu,16,18790000000.0,0.76,1,6,4.4,0.075,0
SME-2025-2743,12980000000.0,9,VAY_VON_LUU_DONG,Thuong_Mai_Dich_Vu,16,34720000000.0,2.08,0,5,4.9,0.029,0
SME-2025-2744,24190000000.0,9,VAY_VON_LUU_DONG,Xay_Dung,23,76740000000.0,2.64,0,14,2.4,0.279,0
SME-2025-2745,950000000.0,60,VAY_DAU_TU_TSCD,Xay_Dung,24,5180000000.0,2.29,1,12,5.3,0.268,0
SME-2025-2746,7490000000.0,60,VAY_DAU_TU_TSCD,Thuong_Mai_Dich_Vu,1,44950000000.0,4.09,0,3,4.1,0.085,0
SME-2025-2747,6990000000.0,24,VAY_DAU_TU_TSCD,Nong_Nghiep,24,36380000000.0,4.12,0,3,4.0,0.014,0
SME-2025-2748,23110000000.0,6,VAY_VON_LUU_DONG,San_Xuat,19,92120000000.0,3.77,0,8,3.1,0.082,0
SME-2025-2749,23630000000.0,36,VAY_DAU_TU_TSCD,Van_Tai_Kho_Bai,3,52140000000.0,1.94,0,11,4.4,0.208,0
SME-2025-2750,7340000000.0,36,VAY_DAU_TU_TSCD,Thuong_Mai_Dich_Vu,6,15180000000.0,3.34,0,8,5.7,0.077,0
SME-2025-2751,1300000000.0,6,VAY_VON_LUU_DONG,Van_Tai_Kho_Bai,4,4630000000.0,2.02,0,5,1.7,0.028,0
SME-2025-2752,11370000000.0,48,VAY_DAU_TU_TSCD,San_Xuat,4,45250000000.0,1.35,0,15,8.7,0.472,0
SME-2025-2753,760000000.0,12,VAY_VON_LUU_DONG,San_Xuat,4,3540000000.0,1.81,1,5,6.0,0.192,0
SME-2025-2754,10600000000.0,6,VAY_VON_LUU_DONG,Nong_Nghiep,10,19400000000.0,0.69,0,5,1.6,0.031,0
SME-2025-2755,17590000000.0,6,THAU_CHI,Nong_Nghiep,9,113490000000.0,1.76,3,12,5.3,0.948,1
SME-2025-2756,2240000000.0,9,VAY_VON_LUU_DONG,Xay_Dung,8,7860000000.0,2.29,0,3,2.8,0.028,0
SME-2025-2757,5890000000.0,9,VAY_VON_LUU_DONG,Thuong_Mai_Dich_Vu,19,34080000000.0,4.32,0,14,1.4,0.048,0
SME-2025-2758,2690000000.0,6,THAU_CHI,Nong_Nghiep,17,11610000000.0,1.68,0,14,2.1,0.032,0
SME-2025-2759,2770000000.0,24,VAY_DAU_TU_TSCD,San_Xuat,17,6680000000.0,4.1,0,10,2.2,0.038,0
SME-2025-2760,1680000000.0,9,VAY_VON_LUU_DONG,Thuong_Mai_Dich_Vu,1,9320000000.0,1.34,0,2,4.6,0.013,0
SME-2025-2761,9860000000.0,12,VAY_VON_LUU_DONG,Nong_Nghiep,20,50640000000.0,1.18,1,16,3.1,0.402,0
SME-2025-2762,19480000000.0,12,VAY_VON_LUU_DONG,Xay_Dung,14,83350000000.0,2.53,0,9,4.0,0.187,0
SME-2025-2763,19830000000.0,48,VAY_DAU_TU_TSCD,Xay_Dung,22,83650000000.0,3.16,1,7,5.1,0.268,0
SME-2025-2764,990000000.0,9,VAY_VON_LUU_DONG,Thuong_Mai_Dich_Vu,20,2190000000.0,0.58,0,16,4.4,0.109,0
SME-2025-2765,15320000000.0,9,VAY_VON_LUU_DONG,Xay_Dung,11,74800000000.0,1.31,0,14,5.2,0.188,0
SME-2025-2766,8950000000.0,6,THAU_CHI,San_Xuat,3,54440000000.0,2.27,0,11,2.0,0.128,0
SME-2025-2767,1340000000.0,6,VAY_VON_LUU_DONG,Van_Tai_Kho_Bai,24,3000000000.0,1.76,2,8,2.7,0.187,0
SME-2025-2768,650000000.0,12,VAY_VON_LUU_DONG,Thuong_Mai_Dich_Vu,8,1980000000.0,3.32,0,13,1.8,0.065,0
SME-2025-2769,1430000000.0,12,VAY_VON_LUU_DONG,Nong_Nghiep,22,8640000000.0,2.5,1,6,2.8,0.077,0
SME-2025-2770,17730000000.0,36,VAY_DAU_TU_TSCD,Nong_Nghiep,10,55610000000.0,1.06,0,7,1.9,0.094,0
SME-2025-2771,5950000000.0,9,VAY_VON_LUU_DONG,San_Xuat,17,29000000000.0,4.07,0,7,2.2,0.021,0
SME-2025-2772,8390000000.0,6,VAY_VON_LUU_DONG,San_Xuat,8,36190000000.0,1.6,0,14,2.0,0.133,0
SME-2025-2773,1370000000.0,24,VAY_DAU_TU_TSCD,Xay_Dung,22,6310000000.0,3.4,1,17,3.5,0.335,0
SME-2025-2774,8340000000.0,6,VAY_VON_LUU_DONG,Xay_Dung,1,31310000000.0,3.6,1,10,6.9,0.304,0
SME-2025-2775,560000000.0,9,VAY_VON_LUU_DONG,Thuong_Mai_Dich_Vu,20,1800000000.0,4.35,0,17,1.0,0.086,0
SME-2025-2776,2170000000.0,12,VAY_VON_LUU_DONG,Thuong_Mai_Dich_Vu,21,4400000000.0,2.44,1,11,2.5,0.069,0
SME-2025-2777,5810000000.0,6,VAY_VON_LUU_DONG,Xay_Dung,7,30780000000.0,2.92,0,14,4.8,0.235,0
SME-2025-2778,890000000.0,6,VAY_VON_LUU_DONG,San_Xuat,24,4720000000.0,1.77,2,5,2.3,0.128,0
SME-2025-2779,12510000000.0,9,VAY_VON_LUU_DONG,Xay_Dung,9,61950000000.0,3.18,1,13,5.7,0.527,1
SME-2025-2780,1250000000.0,6,VAY_VON_LUU_DONG,Thuong_Mai_Dich_Vu,12,6030000000.0,2.3,1,12,1.8,0.11,0
SME-2025-2781,6410000000.0,12,VAY_VON_LUU_DONG,Xay_Dung,22,18880000000.0,2.19,1,13,2.6,0.214,0
SME-2025-2782,2440000000.0,36,VAY_DAU_TU_TSCD,San_Xuat,9,4650000000.0,3.91,0,14,2.4,0.102,0
SME-2025-2783,5150000000.0,12,THAU_CHI,Thuong_Mai_Dich_Vu,20,28840000000.0,0.61,1,6,2.1,0.063,0
SME-2025-2784,760000000.0,24,VAY_DAU_TU_TSCD,San_Xuat,24,3120000000.0,4.02,0,5,2.7,0.01,0
SME-2025-2785,530000000.0,6,THAU_CHI,Xay_Dung,3,1720000000.0,3.89,0,2,5.8,0.039,0
SME-2025-2786,17550000000.0,9,VAY_VON_LUU_DONG,Thuong_Mai_Dich_Vu,4,40000000000.0,2.48,0,11,3.5,0.185,0
SME-2025-2787,1440000000.0,12,THAU_CHI,San_Xuat,10,3020000000.0,2.41,0,7,7.7,0.05,0
SME-2025-2788,12350000000.0,9,VAY_VON_LUU_DONG,Thuong_Mai_Dich_Vu,4,42480000000.0,1.88,0,6,1.6,0.037,0
SME-2025-2789,24940000000.0,6,THAU_CHI,Xay_Dung,22,139220000000.0,4.48,0,5,6.5,0.131,0
SME-2025-2790,1140000000.0,6,THAU_CHI,San_Xuat,9,6970000000.0,0.86,0,7,1.0,0.025,0
SME-2025-2791,1410000000.0,36,VAY_DAU_TU_TSCD,San_Xuat,22,8480000000.0,2.82,0,13,4.8,0.035,0
SME-2025-2792,6690000000.0,6,THAU_CHI,Van_Tai_Kho_Bai,1,40970000000.0,3.19,1,6,8.2,0.248,0
SME-2025-2793,21840000000.0,24,VAY_DAU_TU_TSCD,Thuong_Mai_Dich_Vu,5,132490000000.0,4.23,0,4,7.9,0.247,0
SME-2025-2794,17990000000.0,12,VAY_VON_LUU_DONG,Van_Tai_Kho_Bai,9,76960000000.0,3.6,1,3,2.1,0.155,0
SME-2025-2795,3580000000.0,6,VAY_VON_LUU_DONG,Thuong_Mai_Dich_Vu,5,10140000000.0,3.04,0,14,5.3,0.176,0
SME-2025-2796,11220000000.0,24,VAY_DAU_TU_TSCD,Thuong_Mai_Dich_Vu,6,62280000000.0,0.88,0,7,6.2,0.08,0
SME-2025-2797,850000000.0,6,VAY_VON_LUU_DONG,Xay_Dung,19,2380000000.0,1.93,0,5,4.7,0.024,0
SME-2025-2798,22890000000.0,24,VAY_DAU_TU_TSCD,Xay_Dung,8,69950000000.0,0.97,0,12,2.4,0.301,0
SME-2025-2799,21750000000.0,6,THAU_CHI,San_Xuat,10,62990000000.0,4.01,0,16,1.9,0.241,0
SME-2025-2800,950000000.0,6,VAY_VON_LUU_DONG,Xay_Dung,11,4010000000.0,3.47,0,14,2.9,0.086,0
SME-2025-2801,1610000000.0,24,VAY_DAU_TU_TSCD,Xay_Dung,13,5330000000.0,3.51,0,11,5.1,0.074,0
SME-2025-2802,740000000.0,6,THAU_CHI,San_Xuat,20,1870000000.0,3.07,0,4,2.5,0.01,0
SME-2025-2803,1450000000.0,12,THAU_CHI,San_Xuat,4,5700000000.0,2.48,1,15,2.9,0.252,0
SME-2025-2804,12170000000.0,6,THAU_CHI,San_Xuat,11,71890000000.0,1.01,0,9,2.9,0.072,0
SME-2025-2805,2200000000.0,12,VAY_VON_LUU_DONG,Xay_Dung,12,9860000000.0,1.75,0,13,4.4,0.105,0
SME-2025-2806,710000000.0,12,THAU_CHI,Thuong_Mai_Dich_Vu,5,4210000000.0,0.96,1,10,3.2,0.088,0
SME-2025-2807,1910000000.0,48,VAY_DAU_TU_TSCD,Nong_Nghiep,10,5200000000.0,3.37,0,16,2.1,0.185,0
SME-2025-2808,23240000000.0,6,VAY_VON_LUU_DONG,San_Xuat,24,60070000000.0,1.06,3,8,2.1,0.791,1
SME-2025-2809,5870000000.0,6,VAY_VON_LUU_DONG,San_Xuat,7,26450000000.0,3.28,0,3,6.7,0.025,0
SME-2025-2810,2550000000.0,24,VAY_DAU_TU_TSCD,Xay_Dung,21,10140000000.0,3.24,0,9,5.3,0.059,0
SME-2025-2811,960000000.0,9,VAY_VON_LUU_DONG,Nong_Nghiep,9,4710000000.0,2.28,0,12,4.4,0.042,0
SME-2025-2812,23680000000.0,24,VAY_DAU_TU_TSCD,San_Xuat,9,131060000000.0,0.95,0,14,3.5,0.312,0
SME-2025-2813,12400000000.0,36,VAY_DAU_TU_TSCD,Thuong_Mai_Dich_Vu,10,66110000000.0,1.69,0,14,1.0,0.175,0
SME-2025-2814,1500000000.0,6,VAY_VON_LUU_DONG,Xay_Dung,10,9340000000.0,1.71,2,12,6.2,0.782,1
SME-2025-2815,660000000.0,48,VAY_DAU_TU_TSCD,San_Xuat,2,2420000000.0,3.27,0,6,2.1,0.034,0
SME-2025-2816,620000000.0,60,VAY_DAU_TU_TSCD,Xay_Dung,4,1720000000.0,0.87,0,16,2.3,0.213,0
SME-2025-2817,800000000.0,6,VAY_VON_LUU_DONG,San_Xuat,8,3510000000.0,3.8,0,16,4.9,0.176,0
SME-2025-2818,4850000000.0,9,VAY_VON_LUU_DONG,Nong_Nghiep,14,11250000000.0,3.52,0,16,6.3,0.1,0
SME-2025-2819,18920000000.0,9,VAY_VON_LUU_DONG,Xay_Dung,17,59740000000.0,1.16,0,12,3.2,0.171,0
SME-2025-2820,3490000000.0,6,VAY_VON_LUU_DONG,Thuong_Mai_Dich_Vu,13,9690000000.0,3.35,0,11,4.1,0.041,0
SME-2025-2821,13520000000.0,6,THAU_CHI,Thuong_Mai_Dich_Vu,21,49540000000.0,3.14,0,8,1.0,0.032,0
SME-2025-2822,2860000000.0,6,VAY_VON_LUU_DONG,Thuong_Mai_Dich_Vu,24,6640000000.0,3.47,0,6,3.4,0.019,0
SME-2025-2823,8000000000.0,24,VAY_DAU_TU_TSCD,Xay_Dung,18,15600000000.0,1.17,0,17,2.8,0.142,0
SME-2025-2824,8760000000.0,6,VAY_VON_LUU_DONG,San_Xuat,18,42810000000.0,1.05,0,3,4.2,0.025,0
SME-2025-2825,990000000.0,12,VAY_VON_LUU_DONG,Xay_Dung,13,4620000000.0,1.37,0,17,3.7,0.174,0
SME-2025-2826,2050000000.0,36,VAY_DAU_TU_TSCD,San_Xuat,8,10520000000.0,1.9,0,13,1.7,0.087,0
SME-2025-2827,6050000000.0,60,VAY_DAU_TU_TSCD,Thuong_Mai_Dich_Vu,12,29670000000.0,3.65,0,13,5.3,0.195,0
SME-2025-2828,660000000.0,12,VAY_VON_LUU_DONG,San_Xuat,23,1540000000.0,3.43,1,13,4.5,0.116,0
SME-2025-2829,2060000000.0,9,VAY_VON_LUU_DONG,Thuong_Mai_Dich_Vu,24,6530000000.0,4.19,2,5,2.6,0.088,0
SME-2025-2830,4050000000.0,9,VAY_VON_LUU_DONG,San_Xuat,21,9760000000.0,0.64,1,14,1.2,0.113,0
SME-2025-2831,24630000000.0,9,VAY_VON_LUU_DONG,Van_Tai_Kho_Bai,1,141920000000.0,0.45,3,12,7.8,0.976,1
SME-2025-2832,3200000000.0,48,VAY_DAU_TU_TSCD,Xay_Dung,20,16990000000.0,3.27,3,6,3.2,0.639,1
SME-2025-2833,12170000000.0,6,VAY_VON_LUU_DONG,Xay_Dung,18,33430000000.0,1.55,1,7,4.2,0.153,0
SME-2025-2834,2710000000.0,6,VAY_VON_LUU_DONG,Van_Tai_Kho_Bai,3,9230000000.0,1.77,3,6,2.1,0.531,1
SME-2025-2835,11270000000.0,6,VAY_VON_LUU_DONG,Xay_Dung,12,71490000000.0,2.64,1,11,4.6,0.384,0
SME-2025-2836,5140000000.0,6,THAU_CHI,Van_Tai_Kho_Bai,19,23610000000.0,0.82,1,12,3.5,0.166,0
SME-2025-2837,16040000000.0,6,THAU_CHI,San_Xuat,13,89270000000.0,3.04,0,17,3.8,0.152,0
SME-2025-2838,2500000000.0,12,VAY_VON_LUU_DONG,Xay_Dung,10,7610000000.0,1.73,0,16,1.6,0.085,0
SME-2025-2839,5320000000.0,60,VAY_DAU_TU_TSCD,Thuong_Mai_Dich_Vu,15,14830000000.0,2.99,1,2,3.6,0.055,0
SME-2025-2840,5880000000.0,12,VAY_VON_LUU_DONG,Nong_Nghiep,20,32250000000.0,3.82,0,2,1.6,0.011,0
SME-2025-2841,2560000000.0,12,VAY_VON_LUU_DONG,San_Xuat,2,12860000000.0,1.1,1,16,4.5,0.386,0
SME-2025-2842,880000000.0,48,VAY_DAU_TU_TSCD,Van_Tai_Kho_Bai,19,4400000000.0,4.22,0,4,4.6,0.011,0
SME-2025-2843,720000000.0,12,THAU_CHI,Thuong_Mai_Dich_Vu,3,3170000000.0,2.58,0,10,3.5,0.051,0
SME-2025-2844,530000000.0,6,THAU_CHI,Nong_Nghiep,14,2360000000.0,4.18,1,12,3.2,0.154,0
SME-2025-2845,15240000000.0,48,VAY_DAU_TU_TSCD,Xay_Dung,7,80130000000.0,1.25,2,3,4.0,0.434,0
SME-2025-2846,1260000000.0,12,VAY_VON_LUU_DONG,San_Xuat,8,3870000000.0,2.88,0,11,1.8,0.028,0
SME-2025-2847,1140000000.0,24,VAY_DAU_TU_TSCD,Van_Tai_Kho_Bai,11,3940000000.0,2.06,1,6,9.1,0.232,0
SME-2025-2848,8900000000.0,9,VAY_VON_LUU_DONG,Van_Tai_Kho_Bai,22,52480000000.0,3.57,1,10,2.5,0.086,0
SME-2025-2849,1750000000.0,48,VAY_DAU_TU_TSCD,Xay_Dung,20,5690000000.0,2.88,0,8,4.4,0.066,0
SME-2025-2850,3620000000.0,9,VAY_VON_LUU_DONG,San_Xuat,6,15810000000.0,2.43,0,12,5.5,0.056,0
SME-2025-2851,940000000.0,48,VAY_DAU_TU_TSCD,San_Xuat,11,4800000000.0,4.14,0,9,2.8,0.026,0
SME-2025-2852,21360000000.0,12,VAY_VON_LUU_DONG,Thuong_Mai_Dich_Vu,17,138830000000.0,1.95,0,3,5.1,0.042,0
SME-2025-2853,13990000000.0,6,VAY_VON_LUU_DONG,San_Xuat,10,53800000000.0,1.3,0,6,6.8,0.053,0
SME-2025-2854,14670000000.0,12,THAU_CHI,Xay_Dung,24,55920000000.0,2.89,0,10,4.2,0.072,0
SME-2025-2855,2460000000.0,9,VAY_VON_LUU_DONG,Xay_Dung,17,14170000000.0,2.96,0,2,1.9,0.013,0
SME-2025-2856,9870000000.0,6,VAY_VON_LUU_DONG,Thuong_Mai_Dich_Vu,21,55130000000.0,2.2,1,2,1.8,0.032,0
SME-2025-2857,880000000.0,6,VAY_VON_LUU_DONG,San_Xuat,2,4610000000.0,2.4,0,17,8.8,0.194,0
SME-2025-2858,520000000.0,9,VAY_VON_LUU_DONG,Xay_Dung,6,2070000000.0,4.33,0,11,2.3,0.084,0
SME-2025-2859,540000000.0,6,VAY_VON_LUU_DONG,Thuong_Mai_Dich_Vu,5,1790000000.0,3.4,0,9,4.8,0.051,0
SME-2025-2860,4960000000.0,12,VAY_VON_LUU_DONG,Thuong_Mai_Dich_Vu,4,23120000000.0,0.85,1,3,8.6,0.139,0
SME-2025-2861,2970000000.0,6,THAU_CHI,Xay_Dung,2,17580000000.0,1.27,1,10,2.8,0.267,0
SME-2025-2862,3790000000.0,12,VAY_VON_LUU_DONG,Xay_Dung,12,22560000000.0,4.4,0,11,2.1,0.052,0
SME-2025-2863,510000000.0,12,THAU_CHI,Thuong_Mai_Dich_Vu,3,1180000000.0,3.38,2,10,3.0,0.349,0
SME-2025-2864,2610000000.0,48,VAY_DAU_TU_TSCD,Nong_Nghiep,6,9950000000.0,4.15,1,5,3.8,0.11,0
SME-2025-2865,8300000000.0,12,VAY_VON_LUU_DONG,Thuong_Mai_Dich_Vu,24,33070000000.0,1.65,1,3,4.4,0.038,0
SME-2025-2866,2830000000.0,24,VAY_DAU_TU_TSCD,Van_Tai_Kho_Bai,14,18100000000.0,3.44,1,4,1.3,0.061,0
SME-2025-2867,8770000000.0,6,VAY_VON_LUU_DONG,Thuong_Mai_Dich_Vu,8,43730000000.0,3.33,0,11,2.1,0.06,0
SME-2025-2868,1240000000.0,48,VAY_DAU_TU_TSCD,Thuong_Mai_Dich_Vu,21,4610000000.0,1.61,0,2,3.2,0.011,0
SME-2025-2869,12040000000.0,12,VAY_VON_LUU_DONG,San_Xuat,21,23150000000.0,2.66,0,4,4.3,0.021,0
SME-2025-2870,5000000000.0,6,VAY_VON_LUU_DONG,Xay_Dung,14,22290000000.0,2.97,0,6,4.9,0.077,0
SME-2025-2871,1140000000.0,12,THAU_CHI,Xay_Dung,3,2570000000.0,2.37,0,4,5.7,0.027,0
SME-2025-2872,1260000000.0,12,THAU_CHI,San_Xuat,16,7210000000.0,3.79,2,4,1.9,0.13,0
SME-2025-2873,5830000000.0,12,THAU_CHI,Thuong_Mai_Dich_Vu,15,31110000000.0,3.81,0,11,3.3,0.035,0
SME-2025-2874,12850000000.0,6,VAY_VON_LUU_DONG,San_Xuat,7,50940000000.0,3.89,3,7,3.3,0.74,1
SME-2025-2875,2540000000.0,60,VAY_DAU_TU_TSCD,Thuong_Mai_Dich_Vu,15,9700000000.0,3.69,0,4,5.3,0.019,0
SME-2025-2876,1370000000.0,6,VAY_VON_LUU_DONG,Xay_Dung,13,8240000000.0,2.4,0,4,5.2,0.034,0
SME-2025-2877,14860000000.0,6,VAY_VON_LUU_DONG,Xay_Dung,6,46890000000.0,1.96,0,16,1.8,0.186,0
SME-2025-2878,6860000000.0,6,VAY_VON_LUU_DONG,Van_Tai_Kho_Bai,15,20380000000.0,3.81,0,10,1.4,0.048,0
SME-2025-2879,2890000000.0,24,VAY_DAU_TU_TSCD,Xay_Dung,17,17960000000.0,2.41,3,3,2.6,0.618,1
SME-2025-2880,3370000000.0,9,VAY_VON_LUU_DONG,Xay_Dung,4,18880000000.0,1.41,1,2,1.3,0.142,0
SME-2025-2881,1110000000.0,12,VAY_VON_LUU_DONG,Xay_Dung,22,6280000000.0,2.48,0,11,1.9,0.07,0
SME-2025-2882,5810000000.0,6,THAU_CHI,Nong_Nghiep,22,15790000000.0,0.98,2,9,6.4,0.322,0
SME-2025-2883,2030000000.0,9,VAY_VON_LUU_DONG,Xay_Dung,14,5020000000.0,3.24,1,14,1.1,0.338,0
SME-2025-2884,24580000000.0,12,VAY_VON_LUU_DONG,Thuong_Mai_Dich_Vu,15,47250000000.0,1.78,0,15,1.1,0.176,0
SME-2025-2885,3270000000.0,12,VAY_VON_LUU_DONG,San_Xuat,12,9530000000.0,1.47,1,4,1.4,0.054,0
SME-2025-2886,3350000000.0,6,THAU_CHI,Thuong_Mai_Dich_Vu,19,18220000000.0,4.32,0,8,5.4,0.054,0
SME-2025-2887,4570000000.0,9,VAY_VON_LUU_DONG,San_Xuat,22,13380000000.0,3.59,0,3,4.0,0.009,0
SME-2025-2888,18050000000.0,9,VAY_VON_LUU_DONG,Thuong_Mai_Dich_Vu,10,94340000000.0,3.63,1,12,1.0,0.321,0
SME-2025-2889,11470000000.0,48,VAY_DAU_TU_TSCD,Nong_Nghiep,6,34230000000.0,2.96,0,12,1.0,0.064,0
SME-2025-2890,2920000000.0,48,VAY_DAU_TU_TSCD,Thuong_Mai_Dich_Vu,9,10680000000.0,3.84,0,13,1.8,0.112,0
SME-2025-2891,8320000000.0,12,VAY_VON_LUU_DONG,Thuong_Mai_Dich_Vu,2,53420000000.0,3.51,0,9,1.0,0.107,0
SME-2025-2892,4950000000.0,24,VAY_DAU_TU_TSCD,Thuong_Mai_Dich_Vu,4,14610000000.0,2.85,3,17,1.2,0.941,1
SME-2025-2893,3430000000.0,24,VAY_DAU_TU_TSCD,Thuong_Mai_Dich_Vu,9,12240000000.0,4.34,1,10,4.9,0.348,0
SME-2025-2894,1060000000.0,24,VAY_DAU_TU_TSCD,Xay_Dung,15,3410000000.0,1.19,0,9,2.5,0.08,0
SME-2025-2895,3070000000.0,9,VAY_VON_LUU_DONG,Thuong_Mai_Dich_Vu,13,7110000000.0,4.27,0,9,4.4,0.031,0
SME-2025-2896,1310000000.0,6,THAU_CHI,San_Xuat,20,5370000000.0,2.05,0,9,1.0,0.02,0
SME-2025-2897,17920000000.0,9,VAY_VON_LUU_DONG,San_Xuat,8,64150000000.0,2.57,1,15,3.1,0.552,1
SME-2025-2898,1860000000.0,9,VAY_VON_LUU_DONG,Xay_Dung,19,9420000000.0,0.9,0,8,1.0,0.017,0
SME-2025-2899,20740000000.0,9,VAY_VON_LUU_DONG,Xay_Dung,19,117030000000.0,2.61,1,3,1.9,0.207,0
SME-2025-2900,4020000000.0,12,VAY_VON_LUU_DONG,San_Xuat,16,17520000000.0,2.91,2,9,1.2,0.244,0
SME-2025-2901,5910000000.0,6,VAY_VON_LUU_DONG,Thuong_Mai_Dich_Vu,11,11530000000.0,4.49,1,6,2.0,0.079,0
SME-2025-2902,4180000000.0,48,VAY_DAU_TU_TSCD,San_Xuat,10,19680000000.0,4.4,0,7,1.8,0.032,0
SME-2025-2903,830000000.0,12,VAY_VON_LUU_DONG,San_Xuat,8,1710000000.0,4.36,0,5,3.6,0.021,0
SME-2025-2904,2180000000.0,9,VAY_VON_LUU_DONG,Thuong_Mai_Dich_Vu,1,10240000000.0,1.83,0,2,2.4,0.042,0
SME-2025-2905,740000000.0,9,VAY_VON_LUU_DONG,Xay_Dung,10,3710000000.0,4.46,0,14,2.6,0.083,0
SME-2025-2906,5720000000.0,9,VAY_VON_LUU_DONG,Thuong_Mai_Dich_Vu,18,15610000000.0,2.27,1,6,2.4,0.041,0
SME-2025-2907,2870000000.0,6,THAU_CHI,Thuong_Mai_Dich_Vu,3,16220000000.0,3.89,0,4,1.2,0.019,0
SME-2025-2908,10490000000.0,6,VAY_VON_LUU_DONG,Van_Tai_Kho_Bai,11,63800000000.0,1.29,0,10,4.7,0.058,0
SME-2025-2909,1180000000.0,6,VAY_VON_LUU_DONG,Thuong_Mai_Dich_Vu,18,6630000000.0,2.47,2,5,2.9,0.144,0
SME-2025-2910,950000000.0,12,VAY_VON_LUU_DONG,San_Xuat,3,3070000000.0,4.36,0,11,1.5,0.06,0
SME-2025-2911,2450000000.0,9,VAY_VON_LUU_DONG,Xay_Dung,8,11170000000.0,4.28,0,3,2.1,0.015,0
SME-2025-2912,18760000000.0,12,VAY_VON_LUU_DONG,San_Xuat,14,114430000000.0,3.2,1,5,6.2,0.181,0
SME-2025-2913,8050000000.0,24,VAY_DAU_TU_TSCD,Van_Tai_Kho_Bai,6,26620000000.0,3.67,0,4,1.8,0.036,0
SME-2025-2914,2570000000.0,12,THAU_CHI,San_Xuat,15,14530000000.0,1.12,1,4,2.3,0.036,0
SME-2025-2915,3780000000.0,9,VAY_VON_LUU_DONG,Xay_Dung,14,6970000000.0,3.36,1,6,4.7,0.134,0
SME-2025-2916,700000000.0,60,VAY_DAU_TU_TSCD,San_Xuat,7,1270000000.0,2.93,1,17,2.7,0.442,0
SME-2025-2917,23540000000.0,24,VAY_DAU_TU_TSCD,Nong_Nghiep,10,126420000000.0,0.78,0,2,2.8,0.054,0
SME-2025-2918,6780000000.0,36,VAY_DAU_TU_TSCD,Xay_Dung,15,36470000000.0,0.86,0,6,3.5,0.057,0
SME-2025-2919,1530000000.0,9,VAY_VON_LUU_DONG,Van_Tai_Kho_Bai,10,8430000000.0,0.84,0,9,4.8,0.047,0
SME-2025-2920,4950000000.0,12,VAY_VON_LUU_DONG,San_Xuat,22,30550000000.0,3.37,0,16,1.0,0.048,0
SME-2025-2921,770000000.0,12,VAY_VON_LUU_DONG,San_Xuat,17,1810000000.0,0.98,3,16,6.2,0.797,1
SME-2025-2922,21870000000.0,24,VAY_DAU_TU_TSCD,San_Xuat,19,63210000000.0,2.32,1,11,4.6,0.346,0
SME-2025-2923,990000000.0,48,VAY_DAU_TU_TSCD,Nong_Nghiep,17,5990000000.0,1.86,0,13,1.3,0.036,0
SME-2025-2924,6310000000.0,12,VAY_VON_LUU_DONG,Nong_Nghiep,12,16610000000.0,2.66,2,10,2.6,0.525,1
SME-2025-2925,1310000000.0,12,VAY_VON_LUU_DONG,San_Xuat,15,6560000000.0,3.3,1,13,1.9,0.09,0
SME-2025-2926,8280000000.0,12,THAU_CHI,San_Xuat,12,35550000000.0,3.21,0,2,1.7,0.017,0
SME-2025-2927,10440000000.0,60,VAY_DAU_TU_TSCD,Thuong_Mai_Dich_Vu,9,22870000000.0,2.51,0,15,8.3,0.256,0
SME-2025-2928,6970000000.0,12,THAU_CHI,San_Xuat,5,21890000000.0,2.3,0,3,5.6,0.043,0
SME-2025-2929,5530000000.0,60,VAY_DAU_TU_TSCD,San_Xuat,4,23480000000.0,2.03,3,3,3.6,0.622,1
SME-2025-2930,16420000000.0,12,VAY_VON_LUU_DONG,San_Xuat,12,95340000000.0,3.93,0,7,1.6,0.047,0
SME-2025-2931,680000000.0,60,VAY_DAU_TU_TSCD,San_Xuat,16,3490000000.0,1.76,2,2,5.8,0.233,0
SME-2025-2932,1820000000.0,24,VAY_DAU_TU_TSCD,San_Xuat,9,8600000000.0,1.46,0,12,2.1,0.106,0
SME-2025-2933,1320000000.0,9,VAY_VON_LUU_DONG,San_Xuat,3,5450000000.0,3.45,1,2,2.2,0.041,0
SME-2025-2934,23850000000.0,9,VAY_VON_LUU_DONG,Xay_Dung,21,76410000000.0,1.88,0,3,1.9,0.035,0
SME-2025-2935,2290000000.0,60,VAY_DAU_TU_TSCD,Nong_Nghiep,3,5410000000.0,3.87,3,16,2.9,0.935,1
SME-2025-2936,8780000000.0,12,VAY_VON_LUU_DONG,Xay_Dung,18,32680000000.0,1.74,2,13,4.5,0.545,1
SME-2025-2937,7280000000.0,36,VAY_DAU_TU_TSCD,Thuong_Mai_Dich_Vu,17,14080000000.0,3.28,0,14,5.0,0.076,0
SME-2025-2938,1150000000.0,24,VAY_DAU_TU_TSCD,San_Xuat,10,3210000000.0,0.58,1,5,2.8,0.099,0
SME-2025-2939,1270000000.0,6,THAU_CHI,Thuong_Mai_Dich_Vu,2,4870000000.0,1.98,1,3,6.0,0.113,0
SME-2025-2940,1500000000.0,9,VAY_VON_LUU_DONG,Xay_Dung,24,5650000000.0,1.81,2,5,2.6,0.209,0
SME-2025-2941,2500000000.0,12,VAY_VON_LUU_DONG,Thuong_Mai_Dich_Vu,11,5020000000.0,3.75,0,4,2.0,0.014,0
SME-2025-2942,1250000000.0,48,VAY_DAU_TU_TSCD,San_Xuat,24,5710000000.0,4.36,0,4,3.1,0.01,0
SME-2025-2943,540000000.0,9,VAY_VON_LUU_DONG,Nong_Nghiep,3,2370000000.0,2.29,1,16,4.5,0.52,1
SME-2025-2944,15600000000.0,60,VAY_DAU_TU_TSCD,San_Xuat,23,33810000000.0,3.78,1,10,5.0,0.42,0
SME-2025-2945,21850000000.0,60,VAY_DAU_TU_TSCD,Xay_Dung,23,136190000000.0,3.27,0,9,3.1,0.142,0
SME-2025-2946,1900000000.0,6,VAY_VON_LUU_DONG,Van_Tai_Kho_Bai,2,4310000000.0,4.37,1,13,3.3,0.228,0
SME-2025-2947,1880000000.0,9,VAY_VON_LUU_DONG,Thuong_Mai_Dich_Vu,9,10940000000.0,3.73,0,13,8.9,0.092,0
SME-2025-2948,510000000.0,12,VAY_VON_LUU_DONG,Xay_Dung,19,920000000.0,0.72,1,11,5.6,0.234,0
SME-2025-2949,7160000000.0,12,VAY_VON_LUU_DONG,Van_Tai_Kho_Bai,2,42580000000.0,3.32,0,10,2.5,0.047,0
SME-2025-2950,12630000000.0,12,THAU_CHI,Xay_Dung,19,23900000000.0,2.6,0,2,1.2,0.013,0
SME-2025-2951,890000000.0,36,VAY_DAU_TU_TSCD,San_Xuat,2,4770000000.0,0.47,0,13,1.7,0.083,0
SME-2025-2952,930000000.0,24,VAY_DAU_TU_TSCD,Van_Tai_Kho_Bai,15,3250000000.0,1.43,0,6,2.7,0.027,0
SME-2025-2953,11000000000.0,36,VAY_DAU_TU_TSCD,San_Xuat,24,57970000000.0,4.18,0,13,1.3,0.115,0
SME-2025-2954,5570000000.0,6,VAY_VON_LUU_DONG,Nong_Nghiep,21,20540000000.0,4.2,0,13,4.5,0.067,0
SME-2025-2955,600000000.0,12,THAU_CHI,San_Xuat,3,1280000000.0,3.68,0,5,2.0,0.024,0
SME-2025-2956,5710000000.0,60,VAY_DAU_TU_TSCD,Thuong_Mai_Dich_Vu,5,30880000000.0,4.43,0,12,4.2,0.171,0
SME-2025-2957,1670000000.0,24,VAY_DAU_TU_TSCD,Thuong_Mai_Dich_Vu,11,3570000000.0,3.71,1,15,3.1,0.402,0
SME-2025-2958,2120000000.0,12,THAU_CHI,Van_Tai_Kho_Bai,24,13000000000.0,0.44,0,10,1.8,0.017,0
SME-2025-2959,10160000000.0,9,VAY_VON_LUU_DONG,Thuong_Mai_Dich_Vu,7,20720000000.0,1.58,0,15,2.2,0.176,0
SME-2025-2960,11930000000.0,24,VAY_DAU_TU_TSCD,San_Xuat,6,48350000000.0,0.53,0,4,4.2,0.075,0
SME-2025-2961,2390000000.0,6,VAY_VON_LUU_DONG,Thuong_Mai_Dich_Vu,14,12420000000.0,0.79,2,6,3.1,0.247,0
SME-2025-2962,20330000000.0,6,VAY_VON_LUU_DONG,San_Xuat,1,74170000000.0,1.3,1,9,2.7,0.378,0
SME-2025-2963,2450000000.0,6,VAY_VON_LUU_DONG,Thuong_Mai_Dich_Vu,17,6910000000.0,2.46,0,11,4.3,0.053,0
SME-2025-2964,10240000000.0,6,THAU_CHI,Nong_Nghiep,17,54970000000.0,3.87,1,16,3.1,0.389,0
SME-2025-2965,3320000000.0,12,THAU_CHI,Xay_Dung,14,18210000000.0,3.93,3,6,5.3,0.56,1
SME-2025-2966,16740000000.0,36,VAY_DAU_TU_TSCD,Thuong_Mai_Dich_Vu,10,102730000000.0,2.93,0,10,4.4,0.167,0
SME-2025-2967,17430000000.0,24,VAY_DAU_TU_TSCD,San_Xuat,8,62190000000.0,4.21,3,3,2.2,0.809,1
SME-2025-2968,700000000.0,36,VAY_DAU_TU_TSCD,Xay_Dung,8,2930000000.0,2.45,0,7,1.0,0.061,0
SME-2025-2969,19500000000.0,6,THAU_CHI,Xay_Dung,14,68380000000.0,4.05,0,6,1.8,0.078,0
SME-2025-2970,12630000000.0,9,VAY_VON_LUU_DONG,Thuong_Mai_Dich_Vu,7,37990000000.0,2.26,0,10,6.9,0.132,0
SME-2025-2971,11050000000.0,9,VAY_VON_LUU_DONG,San_Xuat,6,58890000000.0,1.54,1,8,3.8,0.187,0
SME-2025-2972,1100000000.0,6,VAY_VON_LUU_DONG,Thuong_Mai_Dich_Vu,4,3740000000.0,4.16,0,17,2.0,0.118,0
SME-2025-2973,11660000000.0,24,VAY_DAU_TU_TSCD,San_Xuat,1,44450000000.0,1.99,0,9,1.0,0.118,0
SME-2025-2974,13910000000.0,36,VAY_DAU_TU_TSCD,Thuong_Mai_Dich_Vu,15,51430000000.0,2.46,0,8,1.0,0.062,0
SME-2025-2975,1550000000.0,9,VAY_VON_LUU_DONG,San_Xuat,15,7980000000.0,1.75,0,14,1.1,0.065,0
SME-2025-2976,20740000000.0,9,VAY_VON_LUU_DONG,Nong_Nghiep,1,126800000000.0,3.12,0,11,3.0,0.155,0
SME-2025-2977,610000000.0,60,VAY_DAU_TU_TSCD,San_Xuat,20,3010000000.0,4.48,0,11,4.2,0.068,0
SME-2025-2978,900000000.0,12,VAY_VON_LUU_DONG,Thuong_Mai_Dich_Vu,3,3610000000.0,0.5,0,6,1.5,0.018,0
SME-2025-2979,4100000000.0,60,VAY_DAU_TU_TSCD,San_Xuat,23,22400000000.0,4.09,3,12,3.4,0.783,1
SME-2025-2980,4760000000.0,12,THAU_CHI,Thuong_Mai_Dich_Vu,5,22910000000.0,0.42,0,14,3.1,0.088,0
SME-2025-2981,6240000000.0,6,VAY_VON_LUU_DONG,Xay_Dung,5,13010000000.0,1.89,0,15,3.1,0.186,0
SME-2025-2982,530000000.0,12,VAY_VON_LUU_DONG,Thuong_Mai_Dich_Vu,4,1190000000.0,1.09,0,6,2.3,0.047,0
SME-2025-2983,21410000000.0,48,VAY_DAU_TU_TSCD,San_Xuat,17,42350000000.0,3.51,0,14,1.4,0.214,0
SME-2025-2984,600000000.0,60,VAY_DAU_TU_TSCD,Thuong_Mai_Dich_Vu,21,2370000000.0,0.61,0,12,1.3,0.042,0
SME-2025-2985,880000000.0,6,VAY_VON_LUU_DONG,San_Xuat,20,5000000000.0,2.67,0,5,4.2,0.022,0
SME-2025-2986,530000000.0,6,THAU_CHI,San_Xuat,14,1730000000.0,1.61,1,3,7.0,0.027,0
SME-2025-2987,4590000000.0,12,VAY_VON_LUU_DONG,Xay_Dung,8,16550000000.0,0.95,0,15,3.3,0.155,0
SME-2025-2988,19180000000.0,6,VAY_VON_LUU_DONG,San_Xuat,2,116510000000.0,3.56,0,10,3.8,0.131,0
SME-2025-2989,6770000000.0,36,VAY_DAU_TU_TSCD,San_Xuat,8,38820000000.0,1.29,0,11,5.1,0.089,0
SME-2025-2990,12490000000.0,12,THAU_CHI,Van_Tai_Kho_Bai,1,61520000000.0,1.32,1,11,4.5,0.266,0
SME-2025-2991,530000000.0,9,VAY_VON_LUU_DONG,Van_Tai_Kho_Bai,4,1620000000.0,1.53,1,13,3.8,0.239,0
SME-2025-2992,4170000000.0,48,VAY_DAU_TU_TSCD,Thuong_Mai_Dich_Vu,19,9800000000.0,2.81,0,11,6.7,0.1,0
SME-2025-2993,3020000000.0,48,VAY_DAU_TU_TSCD,San_Xuat,5,5660000000.0,3.1,0,11,5.1,0.101,0
SME-2025-2994,3520000000.0,6,VAY_VON_LUU_DONG,San_Xuat,5,8110000000.0,0.47,3,4,1.2,0.571,1
SME-2025-2995,660000000.0,6,VAY_VON_LUU_DONG,Thuong_Mai_Dich_Vu,21,2100000000.0,1.39,0,12,2.5,0.032,0
SME-2025-2996,7270000000.0,6,THAU_CHI,San_Xuat,20,31940000000.0,2.17,0,12,1.6,0.064,0
SME-2025-2997,3580000000.0,12,VAY_VON_LUU_DONG,Van_Tai_Kho_Bai,24,7520000000.0,1.76,0,4,4.6,0.01,0
SME-2025-2998,9980000000.0,9,VAY_VON_LUU_DONG,San_Xuat,19,24350000000.0,4.03,0,4,1.0,0.007,0
SME-2025-2999,3340000000.0,9,VAY_VON_LUU_DONG,Van_Tai_Kho_Bai,12,8850000000.0,3.63,3,9,5.8,0.626,1
SME-2025-3000,900000000.0,6,THAU_CHI,Xay_Dung,20,4290000000.0,2.97,4,7,2.2,0.814,1
